destination,month,duration_days,group_size,pace,total_budget_inr
Delhi,8,9,8,Budget,78082.94309756515
Himachal Pradesh,6,12,4,Budget,119267.12037265833
Agra,8,12,8,Budget,95097.06938377548
Uttarakhand,7,10,7,Budget,79504.76951754309
Delhi,2,8,8,Moderate,143869.65295700319
Tamil Nadu,6,12,1,Luxury,101645.26457059778
Rajasthan,9,8,3,Budget,33041.059038556035
Delhi,12,11,6,Budget,91149.01463246718
Agra,6,2,1,Luxury,16323.074721692265
Uttarakhand,4,1,4,Moderate,9555.71690834877
Himachal Pradesh,7,9,9,Luxury,488652.83374624216
Agra,3,10,7,Luxury,459110.6257688915
Agra,5,12,1,Budget,15939.074785357538
Rajasthan,1,4,6,Luxury,280526.04105209094
Maharashtra,10,9,6,Luxury,443419.44859813125
Uttarakhand,3,11,2,Moderate,62253.383063116584
Kerala,8,14,6,Budget,142040.40314140142
Agra,9,12,2,Budget,29388.130012883103
Maharashtra,9,11,8,Budget,133704.19445503762
Kerala,10,7,7,Moderate,147885.517045819
Uttarakhand,2,12,6,Moderate,194620.29176422648
Goa,4,6,6,Moderate,131956.4690626618
Tamil Nadu,5,10,9,Moderate,195637.5307504105
Maharashtra,3,13,9,Budget,130071.19630765103
Karnataka,11,9,2,Budget,41783.40106379217
Goa,1,10,3,Luxury,542997.2727728433
Tamil Nadu,6,4,7,Moderate,61800.04042573397
Rajasthan,10,14,9,Luxury,711369.7533442616
Delhi,2,1,6,Moderate,13390.664182720879
Himachal Pradesh,9,5,1,Luxury,59438.95765458472
Karnataka,1,13,7,Budget,151002.80741180593
Rajasthan,11,6,1,Budget,15221.219317899733
Uttarakhand,9,6,5,Moderate,69064.1902929557
Rajasthan,7,12,9,Budget,101308.12966589234
Delhi,11,1,9,Moderate,20422.68985879871
Uttarakhand,10,7,1,Luxury,58253.159458805305
Karnataka,2,8,6,Moderate,127591.53126445574
Delhi,6,12,3,Luxury,352055.4317145653
Kerala,8,5,9,Luxury,318858.8214442824
Himachal Pradesh,2,2,3,Moderate,18214.461735045697
Karnataka,5,2,2,Budget,7696.759328924745
Kerala,12,11,8,Luxury,963825.9252545625
Tamil Nadu,11,5,3,Budget,27553.390059193483
Karnataka,6,7,5,Luxury,287087.5608650884
Tamil Nadu,3,7,6,Luxury,320736.828689421
Uttarakhand,12,13,1,Luxury,155308.1058741142
Kerala,2,4,7,Luxury,246172.0706308159
Himachal Pradesh,11,11,7,Moderate,209315.64098837352
Delhi,6,14,5,Luxury,591403.2764610007
Agra,3,3,9,Budget,22237.574674971085
Rajasthan,2,9,2,Budget,30186.771985809013
Goa,1,12,5,Moderate,362598.5611359032
Himachal Pradesh,8,14,2,Luxury,269149.61417431576
Kerala,1,14,2,Moderate,169354.41269054802
Agra,12,7,9,Budget,60155.101193534116
Himachal Pradesh,5,2,7,Luxury,148813.8057653878
Kerala,11,1,4,Budget,10762.522307057625
Maharashtra,6,11,8,Moderate,244580.97351365729
Maharashtra,11,2,4,Moderate,36104.83542382808
Tamil Nadu,12,13,1,Budget,29318.050390747892
Himachal Pradesh,12,12,3,Luxury,589955.1614576097
Maharashtra,3,3,1,Luxury,42504.613398971276
Kerala,7,5,2,Budget,18970.53166500517
Tamil Nadu,2,14,2,Budget,41796.99571046388
Kerala,7,3,7,Luxury,164736.0249857986
Tamil Nadu,2,10,4,Budget,57373.8501742329
Himachal Pradesh,5,9,9,Moderate,254951.33219103806
Agra,7,10,2,Luxury,196369.11672180195
Delhi,11,4,9,Luxury,275064.6460529084
Karnataka,11,7,6,Moderate,132684.5218119677
Agra,3,4,8,Budget,32472.567301913987
Uttarakhand,11,3,7,Luxury,121802.82465752553
Kerala,4,10,8,Luxury,551139.2369716724
Uttarakhand,1,1,9,Luxury,54385.286583006506
Agra,3,14,8,Budget,96860.64055206897
Tamil Nadu,9,12,6,Luxury,575562.8308491397
Karnataka,10,9,8,Budget,75201.00500425643
Karnataka,5,13,8,Moderate,257165.09921499412
Goa,8,11,2,Budget,49542.93567169297
Karnataka,2,1,2,Budget,3809.8324188787087
Delhi,3,11,1,Moderate,42954.82302930194
Karnataka,7,13,2,Budget,43121.040320158325
Agra,10,1,7,Moderate,15666.515248371406
Goa,4,1,3,Luxury,31865.27853919363
Agra,9,14,4,Moderate,156928.4044915302
Agra,7,5,4,Moderate,56970.50408027621
Rajasthan,11,7,4,Luxury,402812.80614835053
Goa,12,7,2,Luxury,251656.96585473814
Agra,1,10,6,Budget,70364.94802748485
Rajasthan,4,1,1,Budget,1708.842967212413
Rajasthan,10,6,5,Budget,39110.00876766278
Goa,11,9,2,Luxury,349411.3513179389
Uttarakhand,6,6,9,Luxury,421590.3821341462
Tamil Nadu,6,4,2,Luxury,67023.55543883237
Delhi,10,10,6,Budget,86704.15763310487
Tamil Nadu,6,9,4,Luxury,336081.6517999461
Karnataka,5,13,6,Luxury,710352.2580193508
Delhi,3,3,2,Moderate,18216.48677604524
Karnataka,2,13,2,Moderate,89429.47858466394
Agra,3,10,7,Luxury,397534.9513238912
Kerala,9,4,3,Budget,22670.525020753183
Goa,3,4,3,Moderate,53046.606103308724
Delhi,3,4,7,Luxury,210834.02827499568
Delhi,1,6,8,Moderate,132852.66836226228
Agra,2,13,7,Moderate,203424.7382191689
Uttarakhand,11,11,3,Budget,42010.877105629705
Rajasthan,12,11,3,Luxury,432363.0766267017
Agra,3,7,7,Luxury,291444.7900540955
Maharashtra,2,14,3,Budget,80154.09155389831
Rajasthan,8,9,2,Budget,34198.53173290384
Goa,6,14,7,Budget,171159.29104960596
Rajasthan,7,11,3,Luxury,288184.80446993274
Uttarakhand,1,3,5,Moderate,35323.983214160864
Rajasthan,6,8,7,Luxury,403653.82928148675
Goa,2,8,2,Luxury,234419.3058243993
Uttarakhand,6,1,8,Budget,10433.534579416515
Tamil Nadu,3,5,2,Budget,17823.77460070687
Delhi,7,13,4,Budget,70166.17521427764
Delhi,3,10,4,Luxury,398387.2503836713
Karnataka,9,5,8,Budget,52866.04043668776
Tamil Nadu,3,12,1,Budget,22070.984873147067
Tamil Nadu,7,8,9,Moderate,159314.9516646384
Rajasthan,12,8,6,Moderate,173018.3211943341
Delhi,4,12,4,Budget,77369.79066661774
Goa,8,2,6,Moderate,42712.170069374595
Himachal Pradesh,2,3,6,Luxury,171394.79562536915
Himachal Pradesh,8,2,9,Moderate,40920.73528703856
Uttarakhand,9,1,4,Budget,5298.75603833792
Delhi,8,2,8,Luxury,116611.05368826189
Delhi,6,10,1,Luxury,97750.07507159015
Himachal Pradesh,10,6,6,Moderate,112451.29029041644
Delhi,1,12,5,Budget,94328.0214966229
Rajasthan,7,1,3,Budget,4077.5050255469296
Maharashtra,1,6,4,Moderate,104403.84605579839
Kerala,7,1,8,Moderate,22896.47496885305
Tamil Nadu,2,2,2,Moderate,13256.545392479862
Karnataka,8,8,8,Budget,88256.7790457798
Uttarakhand,2,14,7,Moderate,195859.83391514354
Maharashtra,3,6,1,Moderate,24024.92178009246
Himachal Pradesh,12,9,2,Moderate,87695.45256072503
Tamil Nadu,3,1,7,Budget,7013.2917720588985
Delhi,1,5,3,Luxury,146779.5275030736
Karnataka,5,7,2,Budget,21131.59893918035
Delhi,5,9,1,Budget,15319.45511309913
Goa,10,14,7,Luxury,1021884.9184921306
Goa,5,11,3,Budget,71027.82868338021
Karnataka,9,9,6,Luxury,442370.2474010877
Karnataka,6,4,8,Luxury,214534.8721787759
Himachal Pradesh,6,13,6,Luxury,797972.1364378758
Karnataka,3,4,7,Luxury,196372.68911194243
Rajasthan,5,4,6,Budget,30433.936461367688
Delhi,10,3,7,Luxury,148351.52673082156
Maharashtra,7,8,5,Moderate,124697.44607292284
Agra,3,5,9,Luxury,279240.7220375027
Karnataka,2,7,3,Luxury,206478.26965312968
Uttarakhand,5,10,6,Budget,93779.23990788794
Goa,3,6,9,Moderate,141735.03149704734
Rajasthan,5,14,1,Luxury,137272.1257730496
Tamil Nadu,9,9,5,Moderate,113528.59379369978
Agra,11,14,4,Luxury,456381.01041119493
Maharashtra,10,3,9,Budget,28925.644659190657
Agra,1,6,1,Moderate,21545.726011530045
Karnataka,4,3,4,Moderate,37617.067162577
Himachal Pradesh,10,2,1,Budget,3408.9363807146365
Goa,5,3,3,Budget,20043.92590792677
Goa,2,2,4,Budget,13885.387688546434
Tamil Nadu,12,2,1,Budget,4280.985201876504
Himachal Pradesh,2,10,5,Moderate,137876.3360206658
Delhi,1,11,6,Budget,97128.69732647322
Kerala,8,7,1,Moderate,26067.048793794558
Rajasthan,2,10,4,Luxury,328038.94214514893
Goa,3,3,4,Luxury,156395.8315272442
Uttarakhand,12,8,1,Budget,16648.368291093087
Goa,2,13,2,Budget,55324.32378737868
Agra,4,2,5,Moderate,25693.252588635514
Goa,1,11,2,Moderate,133420.280242723
Goa,3,11,3,Luxury,342214.9231414067
Kerala,5,7,9,Moderate,163070.28491175067
Kerala,10,3,5,Budget,22445.03313034198
Maharashtra,1,9,1,Luxury,151314.7784000833
Delhi,4,7,5,Luxury,293219.7353333207
Uttarakhand,6,9,3,Budget,56463.54575579405
Goa,4,2,1,Moderate,10217.591813008354
Goa,7,6,3,Budget,40495.52059221376
Rajasthan,7,5,6,Moderate,85663.58662531478
Kerala,6,14,5,Luxury,678195.3243083034
Uttarakhand,9,2,1,Budget,2882.518201617764
Tamil Nadu,2,4,2,Luxury,82938.09000689407
Maharashtra,10,4,5,Luxury,177041.9181105743
Delhi,8,8,9,Budget,84387.56299296863
Himachal Pradesh,8,13,5,Luxury,640151.0384319728
Delhi,11,7,5,Moderate,128305.89354218946
Agra,10,13,1,Budget,18781.601982402193
Goa,11,5,5,Moderate,118190.95588198719
Maharashtra,4,9,8,Moderate,209943.0421029302
Agra,6,1,9,Moderate,18523.403241434135
Uttarakhand,11,4,3,Budget,19137.985207506958
Himachal Pradesh,6,5,4,Moderate,99702.54514557793
Kerala,5,8,7,Budget,81511.85055475828
Maharashtra,1,3,7,Moderate,65559.01208123422
Maharashtra,3,14,1,Budget,32604.0985867378
Goa,7,12,6,Moderate,222736.60105051985
Karnataka,8,5,9,Luxury,278525.83394576446
Maharashtra,2,3,5,Moderate,54268.572435047674
Rajasthan,3,13,8,Luxury,755987.973489979
Himachal Pradesh,4,7,9,Luxury,375662.609327569
Himachal Pradesh,11,10,3,Moderate,94965.29796709433
Rajasthan,5,3,1,Moderate,11500.710023880423
Tamil Nadu,3,7,2,Luxury,149428.97983880056
Rajasthan,5,14,5,Budget,91129.54634669963
Rajasthan,8,2,7,Moderate,36982.08991978972
Himachal Pradesh,8,7,6,Luxury,359707.1147935979
Delhi,2,9,4,Budget,51623.183650835665
Himachal Pradesh,6,12,9,Moderate,385909.6070258909
Karnataka,4,5,4,Budget,31904.799616615684
Goa,9,12,3,Luxury,462562.8275086124
Agra,10,6,5,Moderate,73996.8205782983
Delhi,2,13,4,Budget,80681.79127820244
Kerala,8,10,2,Moderate,76394.04080803452
Agra,1,11,3,Budget,53996.345164537444
Goa,11,3,7,Budget,54854.10520779387
Karnataka,6,13,2,Moderate,85979.48343187274
Karnataka,11,10,1,Moderate,47548.55638345252
Kerala,11,5,2,Moderate,53042.63854988776
Delhi,12,13,8,Luxury,742069.4397387462
Tamil Nadu,10,5,8,Moderate,96179.31030245114
Rajasthan,1,3,2,Budget,14561.482100843565
Delhi,2,8,6,Moderate,132924.42032202077
Tamil Nadu,3,6,7,Luxury,313578.1623360873
Karnataka,9,13,1,Luxury,157157.5710400422
Himachal Pradesh,5,3,7,Moderate,71783.20475407175
Goa,10,1,8,Budget,12246.41357017111
Kerala,10,10,9,Luxury,698591.4409435048
Goa,12,1,8,Budget,15548.176302487693
Uttarakhand,2,13,3,Luxury,300700.18578810885
Uttarakhand,10,11,8,Luxury,526699.5346525463
Delhi,5,10,3,Budget,44438.67115175957
Karnataka,5,12,6,Budget,108808.11657472365
Karnataka,1,2,4,Luxury,94453.52561674606
Rajasthan,3,10,7,Budget,85697.86991150829
Rajasthan,5,5,8,Moderate,80254.87070683483
Rajasthan,9,7,6,Moderate,97435.66101304286
Himachal Pradesh,10,1,4,Luxury,38957.855421404136
Agra,1,1,8,Moderate,20870.23602163985
Maharashtra,8,4,7,Luxury,267339.62230806734
Agra,1,13,8,Budget,135608.780565074
Goa,9,10,7,Budget,112404.73629186396
Agra,6,6,3,Moderate,44537.67196992058
Himachal Pradesh,1,9,3,Budget,39685.06360644536
Goa,8,1,9,Moderate,27509.59874540573
Agra,5,11,7,Luxury,481494.89360167884
Himachal Pradesh,7,10,1,Moderate,42092.79778853092
Maharashtra,7,5,3,Moderate,60663.00820550117
Agra,7,9,1,Budget,14845.27636221804
Himachal Pradesh,6,8,6,Budget,87447.65097109946
Rajasthan,11,7,2,Budget,36791.93694799482
Karnataka,8,13,7,Moderate,251436.1638994342
Rajasthan,9,10,8,Budget,92436.45500302265
Karnataka,12,2,6,Luxury,131936.21663528183
Kerala,2,9,5,Moderate,165090.54268509534
Kerala,7,12,4,Moderate,139235.93296077877
Kerala,2,13,9,Moderate,277008.7944205732
Maharashtra,6,8,8,Luxury,564084.9568992042
Rajasthan,2,13,5,Luxury,582962.3669239793
Karnataka,10,11,1,Budget,20153.704246174155
Himachal Pradesh,6,10,8,Budget,152518.0716981666
Goa,2,10,8,Moderate,246288.17507635016
Himachal Pradesh,1,9,7,Budget,85005.58777643753
Goa,7,9,7,Luxury,554786.4497315178
Uttarakhand,3,9,8,Budget,71900.0074769724
Himachal Pradesh,12,3,1,Budget,9150.797947487421
Agra,4,7,3,Moderate,63608.12639263386
Agra,6,12,4,Luxury,388752.50877074426
Delhi,5,1,6,Luxury,52337.5030692544
Rajasthan,4,9,9,Luxury,454572.05106241384
Goa,9,14,4,Budget,99632.2265343987
Goa,6,9,6,Luxury,609925.2222766686
Rajasthan,6,3,9,Budget,28102.182400349484
Maharashtra,2,5,9,Moderate,116493.82308434701
Delhi,6,12,6,Luxury,632261.5040447601
Maharashtra,7,13,5,Moderate,212110.67081895654
Maharashtra,8,8,3,Budget,45112.47257461491
Maharashtra,8,6,5,Luxury,267216.6394711058
Rajasthan,9,10,3,Budget,54215.78140415965
Maharashtra,10,10,5,Luxury,575574.2883571674
Agra,11,9,1,Budget,15211.172618423074
Kerala,12,14,6,Budget,208985.42660893165
Uttarakhand,3,13,7,Budget,109168.57454534345
Goa,10,3,2,Moderate,22930.492163540446
Goa,7,12,3,Luxury,374925.2186849173
Uttarakhand,7,7,9,Budget,51663.36130702535
Rajasthan,1,13,8,Luxury,925987.2736153242
Himachal Pradesh,8,6,4,Budget,40241.31229372954
Rajasthan,4,14,8,Luxury,762604.4583723455
Goa,5,5,8,Budget,67218.06004768878
Goa,6,4,6,Budget,37906.43220882244
Uttarakhand,3,5,1,Moderate,17083.35883011856
Maharashtra,5,13,2,Luxury,300679.1539814644
Rajasthan,10,4,4,Moderate,41864.01181580571
Karnataka,5,3,4,Budget,21005.02096673354
Uttarakhand,1,7,2,Moderate,41283.22508778639
Agra,3,6,9,Moderate,109357.3898447228
Goa,3,4,2,Moderate,38682.87513300804
Uttarakhand,1,9,6,Moderate,142047.22059727804
Rajasthan,7,1,5,Luxury,36048.751967924385
Goa,1,1,4,Moderate,26158.591465070564
Himachal Pradesh,7,9,6,Budget,68273.83502574443
Uttarakhand,4,7,4,Budget,43007.27791644503
Delhi,9,2,9,Moderate,39008.206502226014
Goa,7,11,7,Moderate,233633.38073271423
Rajasthan,5,10,3,Moderate,100774.2713393338
Kerala,7,5,4,Budget,34069.98192777444
Karnataka,9,13,1,Moderate,52349.35834107579
Tamil Nadu,10,4,6,Luxury,178936.3738724003
Maharashtra,6,1,2,Moderate,7666.168459540266
Tamil Nadu,1,12,4,Luxury,464468.84763859806
Rajasthan,6,13,5,Moderate,174034.34387818837
Agra,1,9,8,Budget,83555.07776318885
Agra,12,6,3,Budget,25749.36624509107
Kerala,4,11,6,Moderate,207605.34832218924
Maharashtra,8,13,1,Luxury,156005.09454796297
Delhi,5,14,9,Budget,134742.62699516557
Kerala,5,12,1,Budget,24190.927163739958
Tamil Nadu,10,6,2,Budget,20825.273667780784
Kerala,11,4,1,Moderate,26604.175703974564
Tamil Nadu,8,13,8,Moderate,255817.99262155575
Goa,8,2,4,Moderate,28227.669319357152
Agra,1,8,2,Luxury,141232.96380405693
Goa,5,8,7,Moderate,172426.00833454513
Karnataka,12,3,8,Luxury,232517.34236141833
Maharashtra,5,7,9,Moderate,163534.7808353274
Delhi,8,14,5,Luxury,565689.755078223
Tamil Nadu,1,7,3,Luxury,242862.11819983806
Delhi,7,14,1,Moderate,52121.475284101696
Tamil Nadu,7,5,8,Luxury,273891.45578797226
Rajasthan,9,5,6,Budget,39547.26384371682
Kerala,2,8,5,Budget,64585.23191031017
Karnataka,3,4,7,Moderate,73734.48136773349
Agra,4,1,5,Budget,6094.725814286448
Tamil Nadu,1,1,4,Moderate,12277.750918967778
Delhi,7,9,5,Luxury,349172.10481263173
Karnataka,10,4,7,Budget,34889.64336044059
Himachal Pradesh,3,1,6,Luxury,56770.65452297044
Himachal Pradesh,3,13,9,Moderate,263750.35592929064
Goa,3,2,2,Moderate,19287.01714331999
Agra,8,10,7,Luxury,479814.7845628328
Rajasthan,9,7,1,Moderate,27157.050089811917
Delhi,10,2,8,Budget,16202.448814484991
Kerala,2,1,4,Moderate,12167.049103512963
Kerala,10,10,8,Budget,95782.74029313892
Delhi,10,14,8,Moderate,267230.7511073422
Maharashtra,1,9,4,Budget,76563.4331209395
Rajasthan,9,14,4,Moderate,150097.2731841059
Karnataka,6,5,5,Moderate,79456.37307565105
Tamil Nadu,9,14,7,Luxury,682700.496825908
Maharashtra,6,13,6,Luxury,788180.2840379863
Tamil Nadu,2,4,1,Budget,7410.755405200729
Tamil Nadu,1,4,6,Luxury,240446.90556648653
Maharashtra,8,14,3,Luxury,447862.8897657998
Goa,3,11,9,Budget,119958.95605997065
Himachal Pradesh,1,13,3,Luxury,392196.3842936847
Tamil Nadu,8,1,9,Budget,7797.71329864234
Maharashtra,12,3,5,Budget,26102.891833396363
Maharashtra,1,13,8,Budget,194786.3409479863
Uttarakhand,8,1,9,Budget,9862.968668095758
Goa,1,5,9,Moderate,174146.09767929252
Agra,9,5,7,Moderate,80567.56242145544
Uttarakhand,9,9,1,Budget,13205.19874028585
Uttarakhand,12,13,8,Luxury,886000.9322686009
Delhi,9,8,7,Budget,73260.34095262604
Himachal Pradesh,3,5,4,Budget,32789.760335089544
Maharashtra,4,5,6,Luxury,310811.0997661838
Himachal Pradesh,5,7,2,Budget,40472.8461128961
Rajasthan,6,12,4,Moderate,121766.31588965758
Delhi,9,2,8,Budget,20517.882569089456
Agra,11,13,4,Moderate,154988.31812571472
Himachal Pradesh,12,7,4,Luxury,369358.4022527757
Kerala,4,1,4,Luxury,34688.071838663396
Tamil Nadu,6,14,9,Luxury,823512.2906054555
Rajasthan,1,5,2,Moderate,53750.12134816706
Goa,2,12,7,Budget,147938.27259596242
Agra,8,12,3,Luxury,262500.7308657234
Rajasthan,4,6,4,Luxury,195893.1351015253
Tamil Nadu,10,13,1,Luxury,121114.31576480935
Delhi,7,11,3,Budget,52446.00061587875
Tamil Nadu,4,14,2,Budget,41850.64681525105
Uttarakhand,9,10,7,Moderate,147379.13577024886
Tamil Nadu,9,1,6,Moderate,13436.401633360876
Uttarakhand,4,9,1,Budget,12927.748309614926
Delhi,8,9,8,Budget,81235.12942011785
Karnataka,6,1,9,Luxury,58967.17426137998
Uttarakhand,1,4,1,Luxury,41684.712418606425
Goa,7,8,5,Moderate,157989.35416429295
Tamil Nadu,1,2,7,Luxury,123430.88446997208
Tamil Nadu,3,13,2,Budget,44804.45474813556
Goa,8,13,6,Budget,116179.54044689135
Kerala,9,11,8,Moderate,225900.62438209093
Maharashtra,3,13,8,Budget,132865.46620686035
Karnataka,1,8,8,Moderate,170950.7940597773
Agra,1,10,6,Luxury,517010.93609882734
Uttarakhand,7,13,6,Moderate,205801.80280912755
Goa,5,12,3,Budget,64474.30477858514
Delhi,1,14,2,Luxury,297363.9474780412
Uttarakhand,6,13,5,Budget,121351.31362725672
Maharashtra,6,9,9,Budget,91169.14599334003
Delhi,4,9,4,Luxury,347169.60216074286
Rajasthan,7,14,5,Budget,107663.63681561076
Tamil Nadu,7,1,6,Budget,7475.8850277579195
Rajasthan,12,9,6,Luxury,716027.9321987155
Uttarakhand,9,4,4,Budget,18628.850547795995
Maharashtra,12,12,4,Moderate,188754.37244556658
Karnataka,1,12,8,Budget,149870.91977391785
Uttarakhand,5,8,5,Budget,81513.79074999258
Goa,10,13,5,Luxury,798998.0482199434
Himachal Pradesh,3,14,9,Moderate,244222.30500416065
Uttarakhand,7,9,4,Budget,50896.81097006558
Tamil Nadu,4,3,7,Luxury,124893.65679805407
Tamil Nadu,4,6,5,Budget,41979.87067868897
Uttarakhand,12,3,9,Budget,39206.00975962617
Delhi,1,1,8,Budget,12091.703484077347
Himachal Pradesh,1,10,8,Moderate,199345.40583837594
Goa,10,6,3,Luxury,241670.87532552204
Uttarakhand,2,5,9,Moderate,97386.02131763913
Delhi,2,3,8,Budget,27572.144410236095
Tamil Nadu,1,14,3,Moderate,150770.92773377997
Tamil Nadu,8,14,1,Budget,23140.588885905083
Maharashtra,6,4,5,Moderate,67293.46828630165
Uttarakhand,6,2,4,Luxury,98919.06806250385
Himachal Pradesh,10,12,8,Moderate,206341.58158167003
Kerala,10,10,6,Luxury,532303.4785091784
Himachal Pradesh,9,10,5,Budget,76546.89514032095
Tamil Nadu,5,13,9,Luxury,635445.7351865816
Tamil Nadu,4,14,6,Budget,105237.19336551888
Rajasthan,11,4,3,Moderate,55945.7744532863
Tamil Nadu,6,4,6,Moderate,63633.71956279877
Goa,8,3,4,Luxury,131639.58959113157
Agra,1,6,5,Moderate,98058.12012563646
Uttarakhand,7,1,6,Moderate,14027.315106901497
Himachal Pradesh,8,9,9,Budget,95965.98201569828
Agra,9,11,3,Moderate,81660.49575510272
Delhi,11,10,1,Budget,22188.539235188706
Kerala,8,3,2,Luxury,68684.26377698939
Goa,7,3,8,Moderate,66877.49740413633
Himachal Pradesh,3,12,4,Luxury,443898.0395197872
Agra,2,3,7,Moderate,42452.26149292858
Kerala,3,7,2,Luxury,156605.2685801318
Rajasthan,4,8,8,Luxury,403731.8950044063
Goa,4,2,9,Budget,22677.253617924427
Goa,6,1,7,Moderate,25082.070075584918
Rajasthan,12,5,1,Luxury,74054.80800933427
Uttarakhand,7,8,2,Budget,25245.92142353875
Rajasthan,12,14,9,Luxury,1135454.0325208788
Goa,4,3,7,Luxury,216955.8324459744
Goa,10,6,3,Luxury,231556.0238812124
Agra,6,3,5,Moderate,34144.85463890237
Tamil Nadu,9,6,1,Moderate,21086.745950826724
Kerala,6,12,3,Luxury,418746.6638177968
Rajasthan,3,4,4,Luxury,127304.4129322009
Kerala,1,14,4,Luxury,876886.74543252
Rajasthan,11,11,7,Moderate,309101.45665670093
Delhi,10,7,5,Luxury,254340.77337864347
Goa,10,11,9,Luxury,803792.4252633861
Tamil Nadu,5,10,7,Luxury,534556.1708490016
Agra,10,1,2,Luxury,19422.672694935038
Tamil Nadu,10,1,8,Moderate,17963.011443854724
Tamil Nadu,3,5,2,Budget,14865.255291688287
Tamil Nadu,8,9,7,Budget,75053.6920018004
Kerala,10,5,5,Luxury,205970.16042510464
Rajasthan,1,4,6,Budget,46624.339561010434
Karnataka,11,8,4,Budget,64502.081158615
Delhi,2,13,5,Moderate,156676.9080085568
Himachal Pradesh,3,5,5,Luxury,235061.1691185676
Tamil Nadu,3,1,7,Moderate,16598.45026374011
Uttarakhand,12,7,4,Budget,48348.744157156674
Kerala,8,11,5,Budget,89827.48007722925
Agra,5,4,4,Luxury,119075.01334553763
Himachal Pradesh,8,10,4,Luxury,385138.23838417116
Karnataka,11,5,8,Moderate,109393.47772429966
Uttarakhand,11,13,5,Luxury,545677.2114261088
Karnataka,6,6,9,Budget,57524.166550606686
Himachal Pradesh,12,13,5,Moderate,300774.9068881252
Tamil Nadu,2,7,8,Moderate,104861.38652524537
Uttarakhand,11,11,3,Luxury,266180.5173403815
Karnataka,4,2,7,Luxury,105603.73348316312
Agra,9,14,1,Budget,20398.85157292978
Rajasthan,4,1,5,Moderate,13753.437651846318
Goa,5,12,2,Moderate,107290.55214646165
Rajasthan,5,3,8,Moderate,55813.01591213956
Himachal Pradesh,10,10,6,Moderate,172079.74487920283
Kerala,8,12,5,Budget,105724.96468310352
Goa,6,1,3,Budget,5521.264173303871
Delhi,10,4,1,Budget,7756.501514663789
Agra,7,6,8,Luxury,307034.8706300821
Delhi,6,5,5,Budget,31804.792596169795
Uttarakhand,5,13,9,Budget,163100.61299508205
Goa,5,11,7,Budget,111207.14747898748
Delhi,3,4,1,Budget,7929.923349533241
Delhi,7,7,1,Luxury,73344.53916545874
Karnataka,10,13,7,Moderate,214741.09911938108
Rajasthan,5,11,7,Moderate,196353.1327548248
Karnataka,7,11,9,Luxury,700326.3507604378
Goa,2,6,2,Budget,26457.741454672665
Goa,9,3,7,Moderate,61023.777756243406
Himachal Pradesh,8,9,2,Moderate,69565.2703868618
Karnataka,5,5,2,Moderate,39679.739285933676
Maharashtra,2,13,5,Moderate,248023.87359572135
Rajasthan,6,10,9,Budget,99588.24897854534
Goa,8,1,9,Moderate,26780.38798372382
Himachal Pradesh,7,13,1,Luxury,169479.97029335555
Karnataka,8,6,7,Luxury,281636.0673975393
Rajasthan,4,5,3,Moderate,46923.84136776603
Karnataka,3,10,1,Budget,17342.314749848814
Delhi,7,8,2,Moderate,52797.60328390277
Himachal Pradesh,2,4,6,Moderate,76955.15321896871
Rajasthan,5,12,2,Moderate,91372.2646023049
Tamil Nadu,7,1,2,Luxury,21094.988335216673
Uttarakhand,1,11,4,Luxury,326415.9139148846
Uttarakhand,4,2,3,Budget,9425.024247309737
Rajasthan,2,8,8,Moderate,159475.24127377078
Karnataka,6,10,8,Moderate,196981.76744407733
Himachal Pradesh,12,8,6,Moderate,203866.83796964498
Uttarakhand,1,13,4,Moderate,158640.1238437628
Himachal Pradesh,7,14,7,Luxury,897976.8657400033
Uttarakhand,3,5,9,Budget,37239.30258365938
Delhi,12,6,2,Luxury,133175.66517183374
Karnataka,1,2,6,Moderate,45169.698019930096
Delhi,8,11,7,Luxury,536942.1164461279
Uttarakhand,7,12,1,Budget,16933.377440426568
Tamil Nadu,2,9,6,Moderate,126162.90245616111
Tamil Nadu,7,6,8,Moderate,103531.29770701514
Delhi,3,12,7,Luxury,596301.8219020889
Tamil Nadu,9,9,2,Luxury,183932.04992713695
Uttarakhand,8,11,2,Luxury,207323.45810824173
Rajasthan,5,10,4,Budget,58338.04633081053
Delhi,7,3,5,Budget,24132.74570340817
Kerala,3,6,5,Budget,53557.51932505247
Karnataka,1,10,2,Moderate,93527.98931213966
Tamil Nadu,1,5,7,Moderate,98977.47360378975
Tamil Nadu,11,9,8,Luxury,602674.2042742667
Goa,2,13,2,Moderate,105677.60041130212
Maharashtra,8,10,4,Budget,67755.39877220281
Delhi,1,1,3,Moderate,12673.764645637079
Agra,11,9,4,Luxury,340080.44532318256
Tamil Nadu,12,5,5,Luxury,226450.86641029123
Karnataka,5,1,6,Luxury,55124.66381593804
Kerala,9,10,2,Luxury,224070.69519823988
Tamil Nadu,12,8,6,Moderate,138282.16856394318
Kerala,9,7,9,Luxury,389121.3508593473
Uttarakhand,2,14,8,Moderate,245470.1282423769
Uttarakhand,7,6,1,Luxury,58164.0615863821
Maharashtra,11,2,9,Luxury,154077.73440350674
Rajasthan,1,5,2,Moderate,44478.04766459111
Agra,3,3,1,Budget,4071.2610926861903
Goa,6,2,6,Budget,18578.53673979009
Maharashtra,9,14,1,Budget,32621.095373777513
Himachal Pradesh,10,10,6,Budget,85003.31511278404
Goa,2,1,2,Luxury,27154.350269688992
Delhi,7,9,7,Moderate,152558.8494972406
Karnataka,4,2,7,Budget,17987.1212183072
Himachal Pradesh,2,13,4,Luxury,552577.1613585384
Himachal Pradesh,3,11,2,Moderate,85880.58025470653
Maharashtra,6,1,7,Luxury,56778.66329870097
Rajasthan,10,14,1,Budget,25424.040599008073
Maharashtra,9,7,2,Moderate,58879.59410961931
Delhi,8,9,2,Moderate,58140.74586246068
Tamil Nadu,10,6,1,Luxury,51707.67191601693
Tamil Nadu,11,8,9,Luxury,493416.87171550316
Rajasthan,9,11,6,Moderate,165885.41262855325
Delhi,4,7,3,Budget,34966.52201802066
Rajasthan,12,9,6,Budget,116184.1838093756
Kerala,4,7,7,Moderate,132920.00855539044
Tamil Nadu,9,13,3,Moderate,120893.49409028707
Himachal Pradesh,8,6,4,Budget,40420.88047677858
Agra,12,1,1,Budget,1880.0037818008261
Karnataka,2,9,6,Luxury,456874.38384792965
Delhi,8,10,6,Luxury,490816.3929961659
Goa,1,5,9,Budget,101176.65563452485
Rajasthan,9,13,2,Moderate,97390.13373109433
Karnataka,9,2,5,Moderate,25975.178958806577
Goa,8,14,5,Luxury,645265.4836826294
Karnataka,11,12,7,Moderate,262553.51683151146
Agra,5,11,5,Moderate,128547.36945617976
Goa,5,8,4,Moderate,120606.94183772955
Maharashtra,3,13,2,Moderate,102448.59884542692
Uttarakhand,5,4,8,Luxury,312694.72834185016
Maharashtra,4,14,5,Moderate,244840.40582899368
Tamil Nadu,1,3,4,Budget,19846.65004838059
Uttarakhand,9,13,9,Luxury,664778.1491431686
Maharashtra,10,1,2,Moderate,8804.73929118897
Uttarakhand,4,5,3,Moderate,39533.048732051815
Uttarakhand,3,3,8,Moderate,42652.84347219302
Himachal Pradesh,6,4,4,Luxury,215634.32986151488
Rajasthan,1,9,9,Moderate,290396.7495502929
Rajasthan,5,11,9,Luxury,682522.1524448472
Himachal Pradesh,7,14,9,Budget,139692.5669946567
Karnataka,2,7,1,Moderate,23375.51993645671
Kerala,10,11,6,Luxury,606498.0979398175
Karnataka,9,5,6,Budget,46366.560736168096
Goa,12,8,8,Luxury,897309.3755478752
Goa,6,6,7,Moderate,133895.54685001777
Uttarakhand,2,10,7,Luxury,503545.7744816609
Maharashtra,8,2,2,Moderate,18184.766616008947
Maharashtra,8,7,4,Luxury,304620.5188484268
Rajasthan,1,1,1,Budget,2668.5865067949007
Delhi,12,3,7,Moderate,61343.690671490396
Karnataka,1,12,4,Budget,92386.06111166715
Tamil Nadu,1,1,9,Moderate,22251.09272820704
Agra,12,14,6,Luxury,620037.4655889499
Maharashtra,4,1,6,Budget,9642.862764077523
Agra,4,5,9,Moderate,69177.01342892648
Uttarakhand,8,6,8,Budget,56478.4298990283
Agra,1,12,6,Budget,83723.3938628751
Tamil Nadu,10,3,6,Moderate,50673.216049124
Himachal Pradesh,3,14,6,Luxury,819249.1816478167
Tamil Nadu,11,3,4,Budget,20358.316645383107
Agra,1,3,5,Moderate,41028.13961094055
Tamil Nadu,9,1,3,Budget,4033.9366327981834
Kerala,10,5,9,Budget,48527.23006500319
Uttarakhand,12,1,2,Luxury,23528.364323491383
Karnataka,9,10,7,Moderate,180005.87244488756
Himachal Pradesh,7,10,1,Moderate,40769.03877914092
Maharashtra,12,3,7,Budget,35918.5616577633
Goa,8,13,2,Luxury,361561.04361554224
Karnataka,1,6,5,Luxury,325874.0698437881
Goa,5,11,1,Luxury,127083.78926682773
Uttarakhand,2,6,5,Moderate,68316.4758019698
Himachal Pradesh,1,3,4,Moderate,39600.11915890301
Rajasthan,3,9,1,Budget,14149.00733921973
Maharashtra,7,8,1,Luxury,104075.34592060454
Kerala,1,11,7,Luxury,954273.3899853238
Rajasthan,11,3,3,Moderate,44949.97418410332
Uttarakhand,2,5,9,Budget,40497.02427948075
Karnataka,2,5,9,Moderate,109539.1072455496
Kerala,4,14,9,Moderate,292319.5826376851
Tamil Nadu,12,5,1,Budget,10781.044482439764
Agra,3,3,4,Luxury,78563.47173374778
Kerala,3,5,1,Luxury,58075.51378108203
Uttarakhand,10,5,1,Budget,7328.452236347507
Delhi,5,4,9,Luxury,222968.00888267806
Agra,3,4,5,Budget,27217.03164092005
Goa,11,2,1,Budget,6059.388454704766
Maharashtra,7,9,3,Moderate,89445.27000712756
Goa,5,7,7,Luxury,401718.4938202704
Kerala,4,1,2,Luxury,20223.782227795287
Goa,12,5,4,Budget,49835.19644986233
Uttarakhand,3,2,2,Moderate,12833.924374717282
Tamil Nadu,12,10,9,Moderate,189295.5573930684
Karnataka,4,6,9,Luxury,326996.1870294011
Maharashtra,12,7,7,Budget,90209.73393748533
Goa,2,12,7,Luxury,780978.038343374
Goa,1,2,2,Luxury,66669.43620577965
Kerala,3,11,8,Moderate,261107.07120048336
Karnataka,11,6,1,Moderate,27438.648834169388
Rajasthan,2,13,8,Moderate,244676.923717831
Goa,1,3,5,Moderate,89567.76622722732
Uttarakhand,1,9,4,Budget,54968.76423805104
Delhi,2,4,2,Luxury,69196.7431731958
Maharashtra,9,3,3,Moderate,29614.54235914739
Goa,5,13,2,Luxury,361114.7714462803
Uttarakhand,9,11,4,Budget,63355.62418473945
Uttarakhand,8,3,3,Moderate,23717.933297903222
Maharashtra,11,2,5,Budget,19078.781115925234
Rajasthan,6,12,7,Moderate,212655.66822197835
Uttarakhand,1,9,9,Luxury,507009.42774624954
Delhi,10,8,5,Budget,57733.027780615754
Uttarakhand,5,5,8,Moderate,126682.55096561859
Uttarakhand,12,14,2,Luxury,328397.9594053987
Uttarakhand,1,14,6,Luxury,574157.3924635948
Tamil Nadu,7,13,8,Luxury,589257.078293581
Tamil Nadu,10,9,9,Moderate,183706.36158095964
Rajasthan,11,13,4,Luxury,760681.0700532049
Goa,8,2,4,Luxury,97742.80292374027
Uttarakhand,8,6,7,Moderate,85466.38701072738
Karnataka,7,7,4,Budget,46654.41526816145
Goa,2,6,5,Luxury,359226.5224153974
Rajasthan,5,3,2,Moderate,21807.438186509968
Himachal Pradesh,4,10,2,Budget,38858.242551560856
Goa,5,14,5,Luxury,730407.2016525748
Goa,10,10,2,Moderate,92347.63240212575
Agra,9,10,6,Moderate,134375.19120879084
Kerala,4,9,6,Luxury,472079.8262322781
Agra,12,14,8,Budget,149311.52255564363
Delhi,8,12,1,Budget,18774.020308862124
Tamil Nadu,8,8,7,Budget,71757.00656081324
Tamil Nadu,2,8,7,Luxury,367368.2035138575
Kerala,6,8,9,Luxury,520952.51041451836
Maharashtra,5,9,4,Budget,61617.67994696547
Maharashtra,2,1,7,Budget,10299.870715846168
Rajasthan,12,8,6,Budget,103526.71267512182
Kerala,10,2,4,Budget,12306.693893249292
Goa,4,4,8,Moderate,100754.58906026161
Maharashtra,7,1,3,Luxury,33467.74284721346
Uttarakhand,1,12,8,Budget,112867.62995546903
Karnataka,9,6,5,Moderate,90051.7429497361
Goa,10,10,4,Budget,65974.56545258043
Delhi,12,1,3,Budget,6367.760565677128
Uttarakhand,1,12,7,Moderate,212121.78206267123
Uttarakhand,12,5,7,Budget,49610.22521127361
Kerala,5,9,6,Budget,92485.69661580466
Rajasthan,7,1,3,Moderate,9296.34153124691
Delhi,8,9,9,Moderate,191247.8378383961
Maharashtra,2,4,2,Moderate,30618.411191008585
Kerala,4,3,3,Moderate,27760.485567952517
Maharashtra,2,8,1,Moderate,36573.80651036065
Kerala,4,6,7,Budget,65605.71000208816
Kerala,6,7,2,Luxury,143455.27836350567
Kerala,6,9,8,Moderate,190231.5694638833
Rajasthan,12,5,9,Luxury,467548.54428669094
Kerala,2,13,2,Budget,48830.10821111729
Himachal Pradesh,11,2,6,Moderate,37158.63384043199
Karnataka,4,3,1,Luxury,34679.55197301555
Maharashtra,4,3,8,Luxury,209576.0319079885
Goa,1,4,5,Luxury,364708.90170168213
Agra,2,10,9,Luxury,473872.8451588876
Delhi,3,7,3,Luxury,214582.49032664875
Tamil Nadu,11,12,2,Moderate,96048.83145352914
Rajasthan,5,10,7,Moderate,168360.98404461547
Goa,11,6,7,Moderate,191375.6901171845
Uttarakhand,8,3,5,Luxury,128379.6172978147
Himachal Pradesh,6,14,7,Luxury,997875.6807864192
Tamil Nadu,3,7,6,Budget,49145.07204336381
Agra,6,4,9,Luxury,222071.79062329224
Goa,7,10,3,Budget,56692.49152467911
Tamil Nadu,6,11,4,Budget,68605.65618105502
Goa,10,11,9,Moderate,256989.79399504312
Himachal Pradesh,6,8,8,Luxury,674134.7801049103
Agra,1,7,6,Luxury,329824.8105039354
Uttarakhand,3,7,3,Budget,27711.649585585896
Kerala,7,9,9,Budget,102772.64693445597
Maharashtra,4,8,9,Luxury,620515.5793863062
Uttarakhand,12,12,6,Budget,135214.32244010275
Kerala,4,1,2,Luxury,26119.292539564893
Rajasthan,7,7,7,Luxury,380800.3161437551
Karnataka,9,3,9,Budget,25784.493840679905
Delhi,11,12,9,Moderate,276574.69355326967
Delhi,2,4,3,Luxury,117567.97027845673
Maharashtra,9,6,2,Budget,21211.872689182088
Agra,3,5,5,Budget,32955.84244758227
Himachal Pradesh,6,8,7,Budget,111469.29168405503
Agra,4,2,3,Luxury,47848.09592573731
Himachal Pradesh,1,5,4,Luxury,181706.57471642955
Agra,9,5,2,Luxury,78364.31940829483
Karnataka,11,3,2,Budget,14417.133104842042
Rajasthan,6,14,7,Moderate,261858.50282753096
Rajasthan,8,10,2,Moderate,70358.01563066391
Kerala,2,13,1,Luxury,176984.19259564255
Tamil Nadu,7,5,4,Luxury,153329.95950953115
Rajasthan,6,4,6,Luxury,209276.38526265242
Rajasthan,2,11,4,Moderate,134176.92764269985
Uttarakhand,2,5,1,Moderate,18078.637105066344
Uttarakhand,4,10,1,Luxury,100625.56738688932
Kerala,4,9,9,Budget,104243.11128048033
Tamil Nadu,3,7,1,Moderate,21175.24184863547
Maharashtra,8,1,7,Luxury,58869.016176125486
Uttarakhand,7,3,7,Moderate,44250.137249693245
Maharashtra,2,9,1,Budget,20000.807534253636
Goa,3,4,1,Budget,8760.168276287986
Uttarakhand,10,4,6,Moderate,63820.418961814736
Karnataka,9,10,8,Luxury,527430.6157602442
Tamil Nadu,5,6,7,Moderate,105625.69954222604
Kerala,2,3,6,Luxury,177223.59821361932
Goa,3,3,3,Moderate,37848.35311789237
Tamil Nadu,8,9,7,Budget,65087.786282578294
Karnataka,4,13,6,Moderate,205197.99937703146
Tamil Nadu,2,5,8,Luxury,249503.60310990937
Karnataka,2,14,4,Luxury,522883.38754872215
Karnataka,6,7,9,Budget,74897.11337972485
Maharashtra,8,5,1,Luxury,59945.242039590405
Agra,7,6,7,Luxury,226356.1258619675
Goa,4,8,9,Budget,107874.85483286642
Tamil Nadu,2,8,1,Luxury,77592.08413163385
Himachal Pradesh,9,2,3,Luxury,57550.344942595
Goa,4,11,7,Moderate,265775.5577856803
Agra,9,9,9,Moderate,162370.69703484955
Goa,5,10,1,Moderate,48119.02437430773
Rajasthan,12,12,6,Moderate,271109.57237663126
Himachal Pradesh,12,12,2,Moderate,111510.45956697276
Agra,11,12,5,Moderate,183831.53638288184
Maharashtra,11,14,7,Moderate,299842.2709677504
Tamil Nadu,7,6,7,Budget,46924.49733091631
Delhi,12,7,7,Moderate,155245.050702193
Agra,5,3,4,Luxury,94142.88705421342
Kerala,2,4,6,Budget,38525.610744202146
Tamil Nadu,6,6,6,Moderate,91049.05294087446
Agra,7,7,7,Moderate,94864.15217541237
Rajasthan,11,6,9,Luxury,507730.3726356618
Delhi,6,5,6,Budget,42600.5456418296
Rajasthan,3,14,1,Luxury,135110.240516459
Delhi,10,12,8,Luxury,746211.3414744375
Kerala,8,2,2,Budget,6922.528206742486
Tamil Nadu,3,12,3,Luxury,274013.11189642345
Maharashtra,5,7,5,Budget,63705.1680954859
Rajasthan,9,5,6,Luxury,266613.05423213757
Rajasthan,11,12,7,Budget,142618.2890189119
Karnataka,5,9,4,Moderate,101503.64825997324
Delhi,7,13,3,Budget,56337.69664127857
Uttarakhand,11,11,9,Luxury,592114.0466824685
Tamil Nadu,7,4,4,Luxury,137831.79765187035
Delhi,5,14,9,Moderate,274232.5039354489
Karnataka,2,10,9,Moderate,170293.58385435535
Goa,5,12,3,Moderate,130796.61500892862
Delhi,7,2,3,Budget,8722.079800368943
Maharashtra,7,7,8,Budget,80959.56436355662
Tamil Nadu,4,7,1,Budget,11926.808921194837
Karnataka,1,1,6,Budget,10361.331840796567
Goa,6,11,6,Budget,113737.74315235099
Himachal Pradesh,3,14,9,Luxury,925059.6139631446
Karnataka,11,13,2,Luxury,372599.7757755306
Himachal Pradesh,5,5,8,Luxury,436566.9311521982
Tamil Nadu,4,3,7,Budget,26037.468331341344
Rajasthan,2,9,2,Moderate,61792.47890074039
Karnataka,12,9,1,Luxury,130584.2238067808
Kerala,7,7,4,Luxury,323554.97358082293
Himachal Pradesh,5,12,2,Budget,62560.29563821732
Maharashtra,7,9,3,Budget,46146.532206535376
Kerala,9,12,2,Budget,49297.24517133121
Agra,4,2,9,Luxury,101598.29435642582
Agra,5,11,4,Moderate,126795.13272764088
Goa,9,10,1,Budget,20961.9043612168
Rajasthan,10,8,8,Budget,83065.6006012434
Tamil Nadu,11,10,4,Moderate,136733.3593916988
Karnataka,4,10,8,Moderate,219181.9509192416
Uttarakhand,5,10,8,Moderate,252810.9351081087
Maharashtra,5,13,9,Budget,163604.9332147212
Himachal Pradesh,8,1,7,Budget,8817.989808453374
Tamil Nadu,4,3,4,Luxury,92480.54319602119
Kerala,4,8,2,Luxury,189189.85732900878
Agra,7,11,6,Luxury,428704.3519414197
Maharashtra,11,8,4,Luxury,471213.32861764653
Uttarakhand,5,14,6,Luxury,845576.1832023844
Karnataka,6,10,8,Luxury,509749.76307043346
Goa,6,8,3,Budget,48582.543102809985
Uttarakhand,12,11,1,Luxury,149396.00083209525
Maharashtra,6,12,5,Budget,85822.99658623764
Uttarakhand,10,11,3,Budget,43891.69684584796
Maharashtra,5,7,6,Moderate,112508.1662349335
Maharashtra,5,2,3,Budget,11547.52638035257
Delhi,9,3,1,Budget,4922.610757540457
Himachal Pradesh,8,9,9,Budget,83287.19590510045
Agra,4,2,5,Moderate,26437.801599754755
Delhi,7,13,2,Budget,37130.50388889416
Karnataka,8,7,2,Moderate,52040.20092946563
Delhi,12,1,9,Luxury,69530.05872147642
Rajasthan,9,3,1,Budget,5677.694750964439
Rajasthan,5,13,3,Luxury,327891.19287045015
Agra,3,14,7,Budget,114370.67584716588
Uttarakhand,4,1,1,Moderate,3028.7656575977862
Himachal Pradesh,10,6,2,Luxury,110799.2380707434
Agra,6,4,6,Budget,28269.08293159543
Maharashtra,10,1,9,Budget,12562.514845917172
Kerala,11,5,9,Moderate,154889.4040378393
Himachal Pradesh,5,14,8,Budget,195249.9009323318
Himachal Pradesh,9,4,3,Luxury,119881.93550566981
Maharashtra,11,14,2,Moderate,115662.32235716646
Maharashtra,11,11,1,Luxury,178950.1407767847
Goa,3,10,9,Luxury,825549.8470745501
Agra,2,14,5,Budget,81985.96206568381
Maharashtra,6,11,3,Budget,55717.03799121267
Rajasthan,7,10,5,Moderate,140213.12281485248
Karnataka,5,2,3,Moderate,22406.099564922897
Kerala,1,13,9,Moderate,434571.3318960223
Agra,3,7,1,Luxury,57563.5584067696
Tamil Nadu,3,12,1,Luxury,120696.3409773507
Rajasthan,12,8,3,Luxury,322529.8808810123
Uttarakhand,4,4,6,Luxury,148101.35293679236
Maharashtra,10,9,2,Budget,40366.169212721376
Tamil Nadu,6,3,1,Moderate,10774.53256475605
Maharashtra,5,13,8,Budget,160020.5709491056
Himachal Pradesh,1,6,9,Budget,64935.905450127
Rajasthan,6,11,1,Luxury,113758.44300068474
Himachal Pradesh,9,14,3,Moderate,143346.47560357003
Goa,11,14,5,Luxury,1033511.855774667
Himachal Pradesh,1,7,7,Luxury,377682.2022300829
Goa,8,7,4,Moderate,96299.5301999566
Goa,8,6,6,Moderate,120532.68389204185
Tamil Nadu,3,9,1,Budget,15500.069404742953
Maharashtra,9,1,4,Luxury,39711.774925498634
Uttarakhand,11,13,8,Luxury,735356.1865267507
Himachal Pradesh,11,9,5,Luxury,428479.69161859626
Rajasthan,8,13,8,Moderate,216719.75781312597
Goa,3,9,1,Luxury,109362.17269323823
Maharashtra,10,4,9,Luxury,245213.77298829512
Kerala,5,13,4,Luxury,605799.9140750124
Agra,3,12,9,Luxury,537119.5494980126
Tamil Nadu,5,12,8,Budget,92716.72965185693
Uttarakhand,9,5,8,Moderate,74813.1837754678
Delhi,12,3,2,Budget,11410.8625268425
Tamil Nadu,4,7,3,Moderate,64527.67227307132
Kerala,6,2,9,Luxury,113234.53819153912
Agra,3,8,3,Moderate,58179.40820088722
Kerala,3,9,8,Budget,106978.79153189622
Himachal Pradesh,5,6,5,Luxury,396575.7030007459
Goa,8,9,7,Budget,88499.2740091039
Uttarakhand,8,6,4,Budget,33130.554163778346
Karnataka,3,3,8,Budget,26617.037210423132
Goa,8,10,4,Moderate,174738.9917271033
Karnataka,11,3,5,Budget,25751.385127103793
Agra,8,2,1,Moderate,5356.275212654255
Maharashtra,3,5,8,Budget,56450.3730282491
Delhi,10,13,7,Budget,99345.63700576288
Rajasthan,10,14,5,Moderate,197062.51197003832
Goa,2,4,6,Moderate,89559.26086249927
Uttarakhand,10,12,1,Budget,18311.409083263898
Kerala,2,6,8,Budget,61978.453600420646
Uttarakhand,9,5,9,Luxury,228743.43682857073
Agra,7,6,5,Budget,37580.487545378106
Karnataka,6,4,7,Budget,32040.639896777033
Kerala,7,14,4,Luxury,541548.6766605614
Rajasthan,8,13,6,Budget,112853.57852587447
Rajasthan,12,3,2,Budget,13391.072168200828
Goa,1,1,4,Moderate,25292.070877320893
Agra,8,5,5,Moderate,62350.293627409446
Maharashtra,3,6,9,Moderate,121425.95416107873
Agra,3,5,9,Budget,36472.180524822536
Karnataka,6,5,8,Moderate,100910.33843449454
Uttarakhand,4,12,4,Budget,69768.08844934101
Rajasthan,4,6,6,Luxury,296745.13391637115
Uttarakhand,4,4,7,Moderate,66747.60157040422
Uttarakhand,10,14,1,Luxury,128819.04557299703
Uttarakhand,9,12,1,Budget,16328.267404312452
Rajasthan,8,4,4,Budget,24006.34881257524
Tamil Nadu,3,11,3,Luxury,302367.3158139028
Himachal Pradesh,1,13,4,Luxury,532246.6104836344
Karnataka,1,8,9,Luxury,529041.3266625544
Tamil Nadu,1,11,2,Luxury,223728.35618351007
Karnataka,4,8,4,Moderate,110612.58129362308
Kerala,6,12,7,Luxury,777845.7609149857
Agra,4,3,2,Moderate,19601.44223157599
Agra,11,7,8,Luxury,374222.0155550171
Delhi,11,5,4,Luxury,185862.5010983013
Agra,3,5,9,Moderate,80413.97640637282
Rajasthan,8,12,1,Budget,20872.399561533704
Maharashtra,8,13,7,Budget,115170.49332523096
Goa,6,3,1,Budget,6901.999399771191
Delhi,9,2,9,Budget,17543.84395572703
Goa,12,13,1,Moderate,77723.47665543506
Karnataka,10,3,3,Budget,15456.538648433012
Goa,1,7,7,Moderate,216407.2911428767
Goa,8,3,1,Moderate,13749.373286482663
Delhi,6,11,5,Moderate,131602.70382653727
Kerala,1,13,6,Moderate,336912.88443938387
Uttarakhand,4,2,3,Moderate,19174.35341847856
Agra,5,4,6,Luxury,169295.69284289802
Agra,7,12,4,Moderate,135894.97331396828
Rajasthan,8,5,6,Budget,42215.60500662211
Delhi,9,13,6,Moderate,218246.0211890835
Rajasthan,12,7,4,Budget,69410.15908592647
Maharashtra,12,1,1,Moderate,4313.549186902946
Maharashtra,6,14,3,Budget,77474.83971998392
Rajasthan,10,8,7,Moderate,156150.64263435718
Delhi,9,10,2,Luxury,180178.12996283977
Rajasthan,4,3,4,Budget,18673.209989695366
Agra,8,14,6,Budget,102726.97714415651
Tamil Nadu,3,11,5,Moderate,164087.8128998442
Himachal Pradesh,4,6,6,Budget,57021.96339559039
Goa,10,4,5,Moderate,75814.15469416881
Himachal Pradesh,4,14,9,Luxury,916435.9332453284
Delhi,6,5,2,Luxury,95052.86080984226
Himachal Pradesh,9,10,4,Moderate,118499.74320497333
Maharashtra,6,12,1,Moderate,57334.37698593528
Karnataka,1,6,7,Luxury,447478.63275213516
Goa,5,2,1,Budget,4398.213605292763
Uttarakhand,9,13,6,Budget,91095.95293697272
Delhi,5,3,9,Budget,27939.36012111638
Goa,6,8,2,Luxury,202824.63891662526
Himachal Pradesh,3,8,1,Moderate,33520.558618286974
Maharashtra,8,1,3,Luxury,33312.667913417084
Kerala,10,10,6,Budget,100323.48619757466
Tamil Nadu,11,8,7,Moderate,164321.67481213278
Uttarakhand,4,11,8,Moderate,208595.56942794006
Tamil Nadu,4,2,4,Budget,11807.570198538637
Goa,11,10,8,Moderate,341752.1704997202
Maharashtra,12,10,7,Budget,138963.6337266322
Maharashtra,5,13,8,Luxury,782714.9078818306
Himachal Pradesh,10,8,5,Moderate,138561.57783423067
Agra,9,12,7,Budget,76119.13120250357
Himachal Pradesh,8,10,4,Budget,67331.42877151008
Agra,7,5,1,Luxury,38496.37028875762
Agra,5,1,3,Moderate,7380.656265594703
Uttarakhand,9,8,9,Moderate,136745.9817007031
Himachal Pradesh,9,12,4,Moderate,139145.5953126695
Kerala,10,5,5,Moderate,91731.77215288281
Rajasthan,10,1,3,Luxury,30671.97127256877
Rajasthan,2,4,6,Luxury,208893.45324259225
Himachal Pradesh,4,13,4,Moderate,192099.4022591208
Himachal Pradesh,8,1,5,Budget,7998.472647202319
Tamil Nadu,1,13,7,Moderate,234589.17749177266
Uttarakhand,5,9,7,Moderate,212797.7448148496
Himachal Pradesh,8,10,9,Budget,105195.09679688935
Tamil Nadu,2,2,2,Moderate,11665.331454128982
Agra,2,8,4,Budget,39175.56174706135
Maharashtra,8,4,8,Luxury,270561.0076135544
Maharashtra,10,9,4,Budget,62244.57089286684
Agra,12,2,3,Luxury,53685.869083141944
Delhi,9,12,6,Moderate,185026.64503810916
Tamil Nadu,7,3,3,Budget,12296.872706921178
Tamil Nadu,8,2,2,Budget,6975.583012274556
Agra,5,10,9,Moderate,171431.98008317087
Kerala,1,14,3,Luxury,655198.8354651897
Karnataka,4,5,1,Budget,10486.098719322596
Goa,2,11,9,Budget,129197.38848182281
Agra,3,1,5,Moderate,12268.08906564905
Himachal Pradesh,12,12,7,Luxury,941790.4099807334
Himachal Pradesh,3,3,2,Moderate,19203.2136148729
Uttarakhand,9,1,1,Budget,1563.4201532010447
Agra,10,10,6,Moderate,117890.59731589898
Uttarakhand,4,14,5,Moderate,161488.8385170261
Agra,2,8,6,Luxury,351947.7473684753
Tamil Nadu,3,12,2,Luxury,212357.05487857223
Goa,3,4,7,Moderate,77323.77279747376
Tamil Nadu,7,3,1,Moderate,10550.307248673576
Karnataka,8,8,8,Moderate,167883.46236567703
Maharashtra,11,13,7,Budget,164283.98955370972
Rajasthan,6,9,7,Luxury,520784.68995797995
Agra,4,8,6,Budget,59660.971076624046
Karnataka,6,6,5,Luxury,270612.81422378856
Maharashtra,11,14,9,Luxury,1224347.9838047377
Delhi,1,3,3,Budget,16138.621086997899
Goa,10,8,9,Budget,101174.06906018444
Uttarakhand,8,13,5,Moderate,190208.25479860237
Uttarakhand,1,5,8,Luxury,272054.4454169215
Tamil Nadu,5,5,3,Luxury,128619.54867783353
Himachal Pradesh,2,12,7,Luxury,757267.0577193942
Maharashtra,6,9,4,Moderate,141055.96551999502
Delhi,9,1,5,Luxury,36168.98843892483
Karnataka,5,7,4,Luxury,283676.8795615422
Goa,4,8,9,Budget,111091.80283854845
Maharashtra,2,11,7,Budget,106999.8617623508
Delhi,12,10,6,Moderate,176261.57315653705
Rajasthan,3,3,6,Luxury,147706.34980267077
Agra,6,8,7,Moderate,103845.10401539224
Uttarakhand,8,1,5,Budget,6735.953762159245
Karnataka,8,8,3,Luxury,220093.41363629975
Uttarakhand,5,7,3,Luxury,250322.43624606315
Karnataka,5,4,7,Moderate,81047.70386364423
Tamil Nadu,10,11,1,Luxury,118596.03911107493
Himachal Pradesh,3,7,4,Luxury,239412.11834567366
Karnataka,7,10,8,Budget,103743.55408185534
Uttarakhand,6,14,4,Moderate,207599.7533172361
Tamil Nadu,1,11,1,Budget,25010.682016645325
Karnataka,4,7,5,Moderate,97375.79911532269
Rajasthan,6,13,1,Budget,22549.339221566475
Himachal Pradesh,11,10,9,Moderate,195422.9053397491
Karnataka,6,13,8,Luxury,769762.6616415628
Tamil Nadu,11,12,7,Luxury,649480.1680612046
Maharashtra,12,1,5,Moderate,22655.68798878191
Kerala,12,3,4,Moderate,63347.92032735417
Delhi,3,7,7,Moderate,135994.19429700638
Kerala,6,11,3,Moderate,125233.65399802111
Kerala,12,13,8,Luxury,1102117.0463808973
Goa,10,5,5,Moderate,76916.32970042514
Rajasthan,6,9,5,Luxury,367519.2665244647
Maharashtra,12,7,1,Luxury,121509.94547382568
Agra,9,3,8,Moderate,52092.06637679831
Karnataka,9,1,7,Luxury,60048.75896403783
Delhi,2,5,1,Moderate,17860.592124121456
Himachal Pradesh,4,14,4,Luxury,476683.09319350985
Maharashtra,9,13,4,Moderate,158639.13114820517
Uttarakhand,4,10,9,Moderate,190354.20424393303
Agra,8,13,2,Budget,33464.21893271847
Goa,10,5,4,Budget,33392.59871863416
Goa,12,7,3,Moderate,135602.88415559844
Maharashtra,3,14,5,Budget,100001.4296936216
Tamil Nadu,3,1,7,Luxury,52014.618683078654
Kerala,9,10,5,Moderate,145231.92265068545
Uttarakhand,11,2,5,Moderate,24228.30925879634
Goa,10,11,4,Moderate,151724.01892431686
Delhi,8,6,9,Budget,61414.28911621342
Goa,1,8,6,Budget,120944.9651045563
Himachal Pradesh,10,4,6,Luxury,184628.48479214974
Karnataka,2,3,6,Budget,21517.445608471146
Goa,3,3,6,Budget,34810.14079235329
Himachal Pradesh,11,3,1,Luxury,36399.40933231248
Maharashtra,2,2,6,Moderate,39840.660913858905
Maharashtra,3,1,4,Moderate,14292.03333725023
Agra,8,5,2,Luxury,83832.39455798865
Goa,11,10,6,Budget,165359.88524102556
Delhi,11,5,1,Luxury,69172.88387723883
Goa,12,5,1,Luxury,87918.44927765982
Delhi,6,4,5,Moderate,62038.26259865352
Rajasthan,7,3,6,Budget,25478.737957338955
Agra,10,12,2,Moderate,68117.08582279057
Rajasthan,10,3,8,Moderate,54212.19386365749
Goa,6,2,4,Luxury,101020.30550674563
Agra,1,5,4,Moderate,66589.79739308917
Rajasthan,11,4,5,Moderate,74897.68057450671
Kerala,3,6,4,Moderate,82804.3042564435
Goa,1,2,5,Budget,30801.795170771198
Rajasthan,12,2,3,Budget,15176.301378521437
Kerala,10,8,8,Moderate,190011.07609182736
Kerala,12,6,6,Luxury,526240.4316289567
Maharashtra,9,3,8,Luxury,198014.23584985657
Goa,9,5,5,Moderate,92832.3719077374
Kerala,5,3,7,Budget,31247.02603393737
Maharashtra,4,11,7,Luxury,725761.6102984761
Rajasthan,12,2,6,Luxury,152277.438031172
Himachal Pradesh,9,3,4,Budget,21881.527821890846
Goa,9,1,6,Budget,9545.338454408155
Agra,3,14,9,Luxury,747651.9355919024
Delhi,5,7,4,Moderate,85041.34574665574
Delhi,3,6,6,Luxury,316272.28912528686
Rajasthan,10,5,6,Budget,40923.54487896963
Tamil Nadu,2,6,3,Budget,30219.457642579357
Tamil Nadu,1,8,4,Budget,52628.62503894243
Rajasthan,12,3,3,Budget,18706.488908325824
Kerala,10,3,3,Moderate,33808.071574139445
Goa,2,12,4,Luxury,596173.1537330993
Delhi,8,5,4,Budget,31458.55028793361
Delhi,11,5,6,Budget,50439.11207466275
Kerala,8,14,4,Budget,81744.82995086114
Delhi,3,11,6,Luxury,592243.2322168989
Agra,7,1,2,Budget,2648.3733679751003
Goa,7,4,4,Luxury,178855.52342494373
Karnataka,2,9,2,Moderate,61721.58195588055
Delhi,9,8,8,Budget,81683.54163295886
Rajasthan,3,3,9,Moderate,60847.031844384976
Agra,2,5,7,Luxury,228451.65643210534
Delhi,12,5,6,Moderate,83726.21640542989
Agra,3,7,8,Budget,51707.78256942216
Maharashtra,2,8,4,Moderate,113957.99446287275
Karnataka,8,9,2,Moderate,55960.43872057944
Uttarakhand,5,7,4,Moderate,108904.93365183701
Rajasthan,3,2,5,Moderate,25600.463610691128
Rajasthan,5,8,9,Moderate,165918.8338002779
Goa,11,8,5,Luxury,711945.6889585351
Agra,11,11,9,Luxury,660562.7184918335
Kerala,8,13,9,Budget,134482.20912738304
Rajasthan,7,14,8,Luxury,659957.389197863
Agra,6,2,5,Luxury,74786.1522025745
Agra,1,13,2,Budget,48255.80911755823
Himachal Pradesh,10,6,5,Luxury,297435.95667384256
Himachal Pradesh,1,13,1,Budget,24584.918819689057
Uttarakhand,1,10,8,Budget,74224.98461960371
Maharashtra,10,1,2,Luxury,20814.493906469776
Uttarakhand,8,11,7,Moderate,149491.69831090647
Delhi,8,7,2,Budget,21525.72744113551
Kerala,7,10,5,Moderate,142791.26095595895
Delhi,6,2,7,Budget,15446.32112455711
Tamil Nadu,4,5,6,Luxury,236047.69458828482
Delhi,1,14,5,Moderate,212586.03073916095
Goa,9,7,6,Budget,74964.52460947064
Delhi,1,10,2,Luxury,228742.5953892428
Uttarakhand,4,11,1,Moderate,38101.661420205404
Rajasthan,3,9,1,Luxury,84834.18890927492
Rajasthan,7,14,8,Luxury,655098.2312138363
Himachal Pradesh,5,1,3,Moderate,12593.865130500488
Kerala,5,9,3,Budget,55396.43583486183
Kerala,4,11,9,Budget,120152.54165045782
Goa,1,5,6,Luxury,470254.7693923547
Uttarakhand,5,6,4,Budget,52098.08893713351
Himachal Pradesh,4,14,4,Moderate,195857.18721206527
Tamil Nadu,10,8,7,Moderate,114327.81270667491
Kerala,8,11,6,Luxury,580059.8785161516
Rajasthan,2,14,2,Luxury,306229.5190203445
Delhi,8,2,9,Moderate,39671.027125233035
Delhi,1,12,2,Moderate,87593.89392419907
Himachal Pradesh,4,7,8,Luxury,453016.92001642473
Uttarakhand,3,12,4,Luxury,398593.3266520345
Uttarakhand,5,4,1,Moderate,19469.994877013007
Maharashtra,5,9,1,Luxury,117702.34099684929
Karnataka,5,6,9,Budget,59272.39755687029
Kerala,12,7,4,Moderate,152589.41830173798
Uttarakhand,4,11,1,Moderate,39061.23075534729
Rajasthan,8,6,3,Luxury,168342.79657029427
Himachal Pradesh,3,11,3,Luxury,290818.6588586226
Tamil Nadu,12,8,7,Moderate,159573.4451398464
Maharashtra,4,6,6,Luxury,298389.74608035974
Agra,1,7,8,Budget,62070.84387678401
Goa,7,8,7,Luxury,537103.3764591898
Tamil Nadu,1,1,1,Moderate,3776.1838828737414
Agra,2,10,3,Luxury,227029.89612867965
Delhi,11,12,9,Moderate,232978.0509744357
Goa,7,4,4,Budget,28481.900116083398
Kerala,1,6,3,Moderate,93840.72054408747
Rajasthan,11,1,5,Budget,9839.299187020533
Goa,3,4,8,Budget,48602.99856400381
Karnataka,6,6,1,Budget,11652.149777651402
Agra,6,7,2,Budget,21625.221844261847
Kerala,6,13,7,Budget,115395.29011386004
Karnataka,11,6,1,Luxury,82771.39481587318
Delhi,2,11,5,Budget,75384.37645600058
Karnataka,2,4,8,Luxury,218612.1761286568
Maharashtra,6,12,6,Luxury,676883.9661698997
Maharashtra,10,13,3,Luxury,439778.1916731476
Himachal Pradesh,5,7,7,Moderate,190105.52869162426
Tamil Nadu,7,10,3,Moderate,90682.9071635309
Tamil Nadu,7,14,5,Budget,96038.9273284279
Kerala,5,2,7,Luxury,134551.8400359652
Delhi,8,6,2,Moderate,43616.26750160369
Uttarakhand,10,5,4,Luxury,153019.16967843808
Maharashtra,6,2,2,Moderate,16120.33365663791
Kerala,5,9,7,Luxury,486233.3533714218
Uttarakhand,4,13,3,Moderate,112956.44827556958
Tamil Nadu,7,7,9,Budget,66338.27307727074
Himachal Pradesh,4,14,6,Budget,104106.83045319727
Karnataka,5,3,1,Budget,4946.311543843517
Maharashtra,5,7,8,Luxury,390849.8840828125
Kerala,1,11,7,Budget,155814.16797830534
Goa,1,11,1,Budget,40102.223909486485
Uttarakhand,3,6,3,Moderate,51054.8705229675
Karnataka,11,7,3,Moderate,85697.94665689014
Maharashtra,3,4,3,Moderate,46582.95998133445
Tamil Nadu,2,13,7,Budget,92162.59768166313
Delhi,12,13,6,Moderate,221704.2374491334
Uttarakhand,2,10,2,Moderate,68373.50748001391
Tamil Nadu,6,13,5,Budget,84737.22161331745
Maharashtra,1,8,6,Moderate,177009.9211595564
Uttarakhand,6,8,2,Luxury,219670.0586305995
Karnataka,5,7,1,Moderate,22366.151122717445
Maharashtra,6,13,4,Luxury,613856.3846402015
Agra,5,7,4,Moderate,75050.72452249935
Kerala,7,10,4,Moderate,121512.89780633553
Karnataka,1,13,1,Luxury,150558.68634713985
Uttarakhand,3,13,3,Budget,47784.66562048348
Delhi,6,8,7,Luxury,386181.98726604215
Tamil Nadu,1,1,4,Budget,6378.166196841322
Goa,11,6,2,Moderate,69489.09293740345
Tamil Nadu,11,2,8,Budget,19276.728438667284
Uttarakhand,7,1,1,Budget,1629.7781421534992
Tamil Nadu,4,12,9,Luxury,567012.4504709101
Kerala,3,10,5,Budget,72827.33756733223
Maharashtra,10,7,2,Budget,28449.417610364384
Goa,9,6,4,Luxury,292293.55678265705
Rajasthan,1,5,3,Budget,40022.44718350071
Uttarakhand,8,5,7,Budget,39324.115719492795
Himachal Pradesh,1,9,6,Luxury,408127.68788226385
Rajasthan,5,9,9,Luxury,524312.0554728844
Tamil Nadu,10,12,4,Luxury,463946.1487500553
Uttarakhand,8,12,3,Budget,57797.419430797025
Agra,6,6,7,Moderate,95613.10352954612
Himachal Pradesh,7,13,6,Luxury,713835.6351356197
Goa,11,3,5,Luxury,261630.0005509382
Delhi,8,7,7,Budget,52654.68555397844
Agra,6,4,5,Moderate,48290.578687361594
Rajasthan,11,5,9,Moderate,149811.8849933002
Maharashtra,6,7,4,Budget,43573.39739223722
Kerala,11,12,1,Luxury,242876.30003080858
Delhi,6,7,5,Budget,43527.00849345641
Agra,5,10,1,Moderate,26293.762065402152
Maharashtra,8,8,1,Luxury,89412.9218189367
Maharashtra,2,1,1,Moderate,4103.277004673751
Uttarakhand,7,5,1,Moderate,16207.243666278344
Agra,4,12,8,Moderate,164440.54065720426
Goa,1,9,2,Moderate,125327.93110302457
Tamil Nadu,5,7,9,Luxury,340558.26669692056
Himachal Pradesh,3,11,7,Luxury,625605.88955876
Himachal Pradesh,4,12,3,Luxury,368376.3572854607
Rajasthan,7,13,9,Budget,137799.69926743768
Rajasthan,5,2,4,Luxury,79824.56075189183
Himachal Pradesh,4,1,7,Moderate,17158.770020785236
Goa,1,8,3,Moderate,147480.7135246298
Kerala,6,9,5,Luxury,494907.8576857321
Karnataka,11,10,4,Luxury,430034.09468200017
Tamil Nadu,10,5,6,Budget,32376.74151386073
Kerala,6,14,9,Luxury,966539.710288165
Uttarakhand,7,11,5,Budget,70467.45337466289
Karnataka,1,6,1,Luxury,90460.63832558297
Karnataka,4,2,5,Budget,15133.88713360095
Agra,12,11,5,Luxury,476838.93132203293
Goa,9,5,9,Luxury,409863.50582294125
Goa,12,12,8,Luxury,1218255.777629523
Karnataka,10,4,5,Budget,30465.323542258957
Agra,6,8,5,Moderate,105956.3251915155
Tamil Nadu,2,8,2,Budget,25814.242919697866
Karnataka,4,14,9,Luxury,788255.5079135373
Delhi,6,5,4,Moderate,60541.05072356162
Rajasthan,4,11,7,Budget,92401.49773158185
Rajasthan,10,8,6,Budget,72161.0888777316
Kerala,7,6,5,Moderate,83067.1465539969
Uttarakhand,12,10,5,Luxury,580817.945779683
Rajasthan,3,6,7,Moderate,88206.35238300983
Maharashtra,6,13,2,Luxury,320922.0909696261
Kerala,12,13,9,Moderate,412473.14730220137
Rajasthan,4,4,2,Budget,14937.670778370377
Uttarakhand,3,10,9,Budget,87419.70397328268
Goa,12,12,4,Budget,151222.1468088112
Goa,3,11,6,Luxury,702760.0747665401
Tamil Nadu,2,3,1,Luxury,29228.295886880027
Karnataka,11,9,5,Moderate,152057.9334584117
Delhi,3,5,6,Luxury,209107.48265969305
Goa,12,10,9,Luxury,933909.9254009819
Agra,10,10,9,Moderate,137767.85573798837
Rajasthan,1,4,9,Luxury,312225.85812534747
Agra,3,6,3,Moderate,49488.23689707617
Uttarakhand,9,14,4,Luxury,522144.5960425651
Goa,4,4,8,Luxury,298088.49101699877
Delhi,3,6,8,Budget,47567.78462175706
Uttarakhand,8,10,2,Luxury,190345.7345753305
Maharashtra,1,8,8,Moderate,208751.68750321274
Maharashtra,5,8,7,Moderate,171366.37217290472
Agra,1,12,9,Budget,120950.73078670907
Karnataka,7,6,5,Moderate,79314.69396044736
Kerala,5,1,2,Budget,4278.184015020105
Karnataka,2,13,5,Luxury,586644.4135981984
Tamil Nadu,12,1,2,Budget,3988.579204652853
Karnataka,1,14,5,Luxury,720650.937300877
Tamil Nadu,11,3,9,Moderate,56882.772861365935
Tamil Nadu,7,2,7,Budget,17096.199996033814
Delhi,12,1,7,Moderate,23311.925516049683
Goa,1,1,1,Moderate,6914.2933087398005
Delhi,3,12,9,Moderate,206295.93624929665
Tamil Nadu,11,12,6,Moderate,221746.8834650882
Uttarakhand,6,12,7,Moderate,257807.67687084334
Maharashtra,6,6,2,Budget,23214.892615609995
Tamil Nadu,7,7,1,Moderate,25965.588042095114
Delhi,11,8,4,Budget,61182.634157782304
Uttarakhand,11,3,9,Budget,25988.223053798054
Delhi,1,1,9,Budget,11059.339791049648
Karnataka,7,5,3,Moderate,46097.7717374917
Rajasthan,2,8,1,Moderate,26685.095745192993
Agra,6,12,2,Budget,34616.7262433714
Kerala,8,11,9,Moderate,205405.82719318115
Delhi,5,14,9,Budget,126644.88700576854
Kerala,10,11,1,Moderate,43921.949488014616
Himachal Pradesh,3,4,9,Moderate,84746.65330793096
Delhi,11,2,1,Budget,4506.30690503875
Rajasthan,8,9,4,Moderate,91479.41100383807
Kerala,8,12,5,Budget,90090.34739384832
Tamil Nadu,4,13,8,Budget,103541.14383423951
Delhi,8,9,5,Moderate,126804.36708217052
Goa,5,3,5,Moderate,53449.410709059564
Agra,11,7,4,Budget,37440.884215015794
Rajasthan,5,13,9,Budget,132482.1084448777
Kerala,3,1,8,Budget,10984.285765518052
Rajasthan,7,8,9,Luxury,497301.30503815104
Uttarakhand,11,8,7,Moderate,110802.46001710338
Agra,11,13,7,Luxury,689246.282465951
Tamil Nadu,9,3,5,Budget,20416.109143136193
Delhi,9,12,1,Luxury,108949.91793529851
Delhi,1,5,6,Budget,53762.21778438016
Delhi,1,4,6,Luxury,246833.29399332474
Agra,10,7,4,Luxury,197727.06008106942
Goa,12,11,2,Moderate,146524.08495957233
Himachal Pradesh,12,7,1,Moderate,33255.80302413267
Maharashtra,11,11,3,Luxury,499342.5999882444
Karnataka,5,8,9,Budget,70289.83200585851
Kerala,1,5,1,Moderate,33636.850272068856
Goa,4,13,5,Luxury,771047.0013728739
Tamil Nadu,12,11,6,Budget,97369.78525995153
Kerala,1,5,9,Moderate,169416.33040169894
Delhi,2,8,1,Luxury,77594.44005737812
Rajasthan,2,5,5,Budget,33785.677950733545
Tamil Nadu,4,13,1,Budget,19631.756652258075
Kerala,8,14,2,Luxury,321844.66060525004
Delhi,2,13,2,Budget,40873.72439771899
Kerala,9,1,5,Luxury,45862.28163618277
Rajasthan,12,11,4,Budget,96489.29144022093
Delhi,9,3,6,Luxury,157594.47975604486
Himachal Pradesh,2,2,5,Moderate,30843.409789666282
Goa,1,12,2,Budget,84027.76970030187
Uttarakhand,10,10,9,Luxury,572606.8153562113
Karnataka,10,5,8,Luxury,266559.18916035315
Agra,9,13,9,Budget,114072.21236509505
Karnataka,2,8,6,Moderate,139140.5425656064
Tamil Nadu,8,9,5,Luxury,357191.7823381157
Karnataka,3,9,5,Moderate,116763.13116399759
Delhi,1,1,2,Budget,4076.5890267340314
Himachal Pradesh,11,1,4,Moderate,11584.256593303207
Uttarakhand,1,1,2,Budget,3328.4248462170917
Goa,10,1,2,Luxury,28994.41483278226
Goa,2,9,8,Moderate,209216.84158640026
Rajasthan,7,1,4,Budget,5843.841011925981
Agra,12,7,4,Luxury,256174.9800655678
Kerala,6,6,7,Moderate,102330.18423460903
Himachal Pradesh,12,9,4,Budget,74973.40524343781
Kerala,11,11,9,Moderate,403510.1126295407
Uttarakhand,2,9,9,Luxury,444875.3736180618
Karnataka,4,4,3,Luxury,123165.58938855726
Goa,2,9,6,Budget,95202.16237687391
Uttarakhand,1,14,7,Moderate,244357.98635479118
Karnataka,12,13,3,Moderate,143602.99976323755
Goa,3,14,4,Luxury,717809.2796247766
Karnataka,4,6,1,Moderate,21478.429096549495
Agra,10,5,9,Moderate,91249.18249137289
Himachal Pradesh,5,9,7,Moderate,228370.23718245878
Tamil Nadu,5,7,7,Budget,49870.8345595902
Uttarakhand,7,9,9,Luxury,403871.5394735046
Uttarakhand,10,5,6,Budget,41046.71026160668
Maharashtra,8,4,8,Luxury,232307.93493091836
Delhi,9,10,5,Budget,70865.02415407315
Agra,12,3,8,Budget,28307.27527139378
Agra,7,5,1,Budget,7278.053782356477
Kerala,5,9,3,Moderate,94809.78137003264
Karnataka,9,3,4,Luxury,112395.17400230002
Delhi,8,1,9,Budget,8314.679633736177
Himachal Pradesh,10,2,8,Moderate,42968.99178662485
Himachal Pradesh,9,10,8,Budget,95156.17070547723
Agra,10,5,2,Moderate,26315.81346198192
Himachal Pradesh,8,3,7,Budget,26407.261800153494
Maharashtra,6,6,3,Luxury,210970.45901160926
Uttarakhand,4,11,6,Luxury,514418.9802875366
Rajasthan,9,8,4,Budget,42650.83327548401
Tamil Nadu,12,6,6,Budget,54944.61823460377
Kerala,9,10,4,Budget,66417.21086079942
Karnataka,10,9,3,Budget,49836.736423965885
Tamil Nadu,10,6,2,Moderate,42690.78942601315
Karnataka,9,14,4,Luxury,556660.3959248844
Goa,10,5,2,Moderate,43901.75094809929
Tamil Nadu,3,4,7,Luxury,210360.05250023282
Rajasthan,11,2,1,Budget,5243.394522309412
Agra,12,6,1,Luxury,56156.438519468706
Maharashtra,3,2,5,Budget,17813.5230835047
Uttarakhand,11,5,7,Budget,40145.32268285356
Uttarakhand,6,1,1,Moderate,4011.532362891506
Maharashtra,6,3,4,Luxury,117453.15549006705
Delhi,6,10,5,Moderate,128688.41532630974
Goa,5,5,2,Moderate,45730.653949255975
Karnataka,5,13,7,Moderate,236989.02716813434
Rajasthan,2,13,4,Moderate,133717.77685474735
Himachal Pradesh,7,7,8,Luxury,457032.59262492496
Tamil Nadu,12,8,1,Luxury,99173.28283171954
Goa,4,7,1,Moderate,33703.26914176039
Tamil Nadu,3,7,1,Luxury,78394.31113194356
Rajasthan,8,11,4,Budget,60740.89142492678
Kerala,4,2,1,Luxury,24645.180384484192
Kerala,11,6,5,Moderate,155238.4126599639
Goa,4,5,6,Budget,50819.274726433534
Agra,8,11,7,Budget,80512.12341396631
Rajasthan,1,9,8,Budget,138650.62977536643
Rajasthan,9,12,8,Budget,100800.43702931276
Maharashtra,7,10,2,Budget,41730.029245289974
Agra,12,11,4,Moderate,153635.88301034065
Karnataka,2,4,7,Moderate,66428.04088176951
Karnataka,11,12,9,Budget,142233.8130157841
Himachal Pradesh,12,7,9,Moderate,229778.56130558258
Uttarakhand,6,11,3,Luxury,343586.3475846792
Kerala,8,8,7,Moderate,162908.35950800937
Karnataka,11,14,4,Luxury,615874.8586227576
Agra,5,6,9,Moderate,105105.0448720145
Rajasthan,6,3,7,Luxury,146165.1587658193
Karnataka,12,11,6,Luxury,634196.0746515066
Rajasthan,10,5,9,Budget,47471.652043081725
Karnataka,8,1,7,Moderate,17291.752832150432
Kerala,6,14,8,Budget,135098.2053364983
Tamil Nadu,12,13,5,Luxury,590949.2968308806
Karnataka,9,8,4,Moderate,112956.85638215474
Agra,12,12,1,Moderate,41161.07252020252
Karnataka,9,12,8,Budget,129273.1417556303
Uttarakhand,9,12,6,Moderate,157508.2196814037
Kerala,6,11,4,Moderate,157327.47379599098
Agra,12,2,3,Moderate,20868.620697428367
Maharashtra,12,13,5,Luxury,694572.0809075043
Agra,9,10,4,Budget,51672.98742950848
Uttarakhand,3,7,7,Luxury,281180.7468223843
Tamil Nadu,5,9,6,Budget,75409.86255538916
Kerala,2,1,3,Luxury,32635.82766563479
Maharashtra,12,13,1,Luxury,169244.01704103223
Uttarakhand,8,4,7,Luxury,198502.5670718594
Uttarakhand,11,7,5,Luxury,299903.45850330096
Goa,4,14,1,Budget,33744.57504869477
Kerala,6,9,1,Moderate,32044.40996976548
Agra,6,2,6,Budget,13661.545572724563
Rajasthan,5,2,4,Moderate,25464.323578244348
Tamil Nadu,12,6,8,Budget,67346.4048402262
Rajasthan,12,3,2,Budget,12789.954037323128
Agra,1,4,4,Budget,22891.782592532832
Agra,11,3,8,Budget,31320.238981832248
Kerala,7,13,8,Luxury,752411.9777611673
Agra,10,1,5,Budget,5950.557831927603
Goa,8,14,3,Budget,90067.91282215013
Maharashtra,1,14,4,Moderate,274853.1238327673
Agra,10,6,3,Luxury,142557.13279352468
Rajasthan,7,11,2,Luxury,219691.91878683202
Agra,4,11,4,Budget,57086.73567757603
Goa,6,13,9,Budget,145353.42697110891
Karnataka,9,2,6,Luxury,95964.29024621929
Karnataka,5,2,4,Luxury,73996.05463784284
Uttarakhand,8,7,1,Budget,9584.926641546781
Tamil Nadu,5,5,7,Budget,34453.59495133211
Himachal Pradesh,2,8,2,Budget,26491.40993856056
Maharashtra,4,14,6,Moderate,265570.2954464248
Delhi,2,2,1,Luxury,23870.857091825033
Uttarakhand,7,13,7,Moderate,232740.70381745097
Tamil Nadu,7,10,4,Luxury,351462.695534697
Karnataka,3,8,3,Luxury,263281.12668833934
Rajasthan,7,7,7,Luxury,403443.5649383026
Delhi,1,13,3,Luxury,487256.1554371209
Tamil Nadu,1,10,8,Luxury,625860.1831075555
Tamil Nadu,9,14,4,Budget,83350.7380940602
Uttarakhand,6,8,3,Moderate,82358.50667063496
Delhi,12,11,7,Moderate,236436.10293435963
Kerala,5,3,7,Luxury,172476.70940408256
Himachal Pradesh,6,8,9,Moderate,239801.50203863237
Kerala,6,6,7,Moderate,124458.70666429974
Delhi,1,2,6,Budget,16620.069546582272
Kerala,5,6,3,Luxury,216243.25776942645
Goa,9,5,4,Budget,34529.022375671324
Karnataka,4,3,8,Moderate,49243.1310957207
Goa,3,1,6,Luxury,59468.91139722852
Agra,1,7,9,Luxury,357985.55592501094
Kerala,2,2,8,Luxury,141871.7899110156
Agra,3,1,8,Luxury,43764.7226623709
Rajasthan,4,1,7,Luxury,47183.759754047256
Maharashtra,7,7,1,Luxury,81902.24790173477
Rajasthan,6,12,5,Budget,78540.57424196079
Delhi,11,1,7,Budget,8939.664083730837
Tamil Nadu,8,9,9,Moderate,162304.87684958876
Karnataka,9,6,4,Luxury,193697.12975901723
Kerala,6,4,8,Luxury,268078.16030910594
Uttarakhand,7,12,1,Budget,20742.126477113812
Maharashtra,4,4,4,Moderate,55401.22305428928
Himachal Pradesh,2,13,4,Moderate,191683.62728830654
Himachal Pradesh,9,12,2,Luxury,281893.1323373278
Himachal Pradesh,9,14,3,Moderate,127397.1394547509
Kerala,4,5,3,Moderate,61773.541734901875
Himachal Pradesh,12,2,9,Luxury,190214.40392051687
Goa,3,5,7,Luxury,350990.966966811
Maharashtra,10,2,2,Luxury,50084.14599592875
Goa,11,12,9,Budget,225572.65074507857
Tamil Nadu,6,4,8,Luxury,236204.19997134912
Maharashtra,3,10,6,Moderate,187780.51863209184
Goa,1,11,6,Budget,150314.21772534624
Maharashtra,4,14,2,Moderate,104831.07626986828
Tamil Nadu,1,5,3,Budget,25729.36134689416
Agra,2,6,6,Luxury,229617.783779944
Kerala,3,6,3,Moderate,55670.04692560485
Kerala,8,9,7,Budget,76920.81985473783
Himachal Pradesh,10,4,5,Moderate,51769.891777708974
Rajasthan,4,13,4,Luxury,489037.7502185127
Himachal Pradesh,4,14,8,Budget,145146.26573347516
Delhi,10,5,2,Moderate,28942.08761910338
Goa,9,6,3,Budget,34429.041777402526
Maharashtra,7,4,4,Luxury,160205.09279698023
Rajasthan,2,6,6,Budget,46592.34613694087
Tamil Nadu,3,2,5,Budget,12640.439085084263
Delhi,4,12,5,Moderate,184153.80835399305
Tamil Nadu,4,13,7,Budget,117171.48745291376
Kerala,10,7,8,Luxury,398279.61128824996
Kerala,8,3,6,Moderate,47860.167222912925
Himachal Pradesh,10,14,3,Budget,79130.67864397776
Goa,10,10,4,Luxury,459205.97389817797
Rajasthan,6,4,1,Luxury,39787.10555510359
Karnataka,3,9,5,Budget,57636.82189029244
Delhi,11,12,8,Budget,135211.974768421
Delhi,9,13,3,Moderate,112078.23757616448
Himachal Pradesh,10,5,4,Luxury,166921.10697035326
Kerala,8,9,4,Luxury,361120.14370662655
Himachal Pradesh,9,10,6,Luxury,527949.4613162816
Maharashtra,5,13,9,Budget,132886.3159924485
Rajasthan,3,10,3,Budget,49396.84858880593
Goa,4,10,4,Budget,69359.9768539341
Agra,12,12,6,Moderate,166449.54968582644
Uttarakhand,5,10,6,Luxury,541102.2968564684
Uttarakhand,9,6,7,Luxury,289606.0380306122
Himachal Pradesh,9,8,1,Budget,15817.011438703987
Maharashtra,3,5,9,Moderate,125810.21561686581
Rajasthan,7,5,2,Moderate,28884.86476297648
Karnataka,6,3,4,Moderate,42868.38727620326
Uttarakhand,4,7,3,Moderate,60877.78793158709
Rajasthan,5,2,3,Moderate,17457.484756588292
Goa,10,11,5,Budget,95002.82950588621
Tamil Nadu,2,12,7,Budget,84087.54456155428
Maharashtra,11,3,7,Budget,32710.869884248896
Kerala,7,2,7,Luxury,131091.12295751012
Rajasthan,4,13,3,Moderate,108325.74075531645
Goa,2,8,9,Moderate,168496.56487072477
Karnataka,11,4,6,Luxury,246828.2121836076
Agra,6,10,8,Moderate,150511.9835353862
Kerala,11,8,1,Moderate,46645.38221084942
Agra,12,8,4,Moderate,86765.1447001462
Karnataka,2,8,7,Moderate,125205.88824082864
Goa,10,8,9,Moderate,215729.33268281573
Uttarakhand,2,8,3,Budget,33414.73134389796
Agra,7,12,6,Moderate,143051.20984338087
Kerala,1,9,8,Budget,127774.72755621662
Himachal Pradesh,7,2,3,Budget,9037.7549482096
Delhi,10,9,6,Budget,70409.1676921898
Rajasthan,5,8,9,Budget,82483.48661050694
Uttarakhand,1,11,9,Luxury,552018.5403069581
Agra,6,10,6,Budget,69927.89075552423
Tamil Nadu,7,1,5,Luxury,41684.29724298724
Rajasthan,1,14,1,Luxury,234528.73713972018
Himachal Pradesh,9,5,3,Budget,26462.05991766547
Karnataka,7,11,3,Moderate,111673.11908023324
Delhi,1,2,4,Moderate,28374.802057848
Goa,3,10,5,Budget,89287.33079979211
Himachal Pradesh,5,5,8,Budget,65693.67549528835
Himachal Pradesh,4,13,9,Luxury,801370.4309360754
Karnataka,2,8,7,Luxury,432386.2226593367
Maharashtra,1,9,6,Moderate,193062.39854826385
Karnataka,4,9,3,Luxury,253639.10230017878
Maharashtra,7,1,9,Luxury,66939.15124757141
Maharashtra,11,7,1,Budget,19243.735442105684
Uttarakhand,4,12,9,Luxury,574995.6738631285
Uttarakhand,9,11,3,Luxury,314663.709089205
Kerala,8,8,9,Luxury,553230.349507607
Agra,8,10,1,Moderate,27857.028110708005
Agra,5,3,8,Budget,19987.058527691574
Goa,12,13,6,Moderate,344744.03740654595
Agra,1,6,9,Budget,65018.70581334713
Uttarakhand,9,11,4,Budget,65349.95613885474
Kerala,2,3,5,Luxury,138797.71774159395
Kerala,6,9,6,Moderate,140698.83247554538
Maharashtra,10,13,9,Moderate,322360.25710636674
Karnataka,5,3,6,Luxury,138846.90482656998
Goa,10,2,9,Moderate,55206.45792297916
Maharashtra,8,9,2,Budget,36156.67812926831
Karnataka,11,11,4,Budget,88387.74679790123
Agra,3,13,3,Budget,52046.92370340015
Maharashtra,6,14,4,Luxury,514777.52403164183
Rajasthan,6,8,1,Moderate,24330.639501361744
Agra,10,8,2,Budget,26055.718961009035
Karnataka,3,2,4,Luxury,73492.85566669355
Goa,12,6,4,Budget,62305.963051415296
Karnataka,12,13,5,Budget,123069.27182571933
Maharashtra,12,13,9,Moderate,394374.7846659387
Maharashtra,7,5,1,Luxury,58595.985092749535
Himachal Pradesh,11,14,8,Budget,141271.36705971963
Goa,4,12,3,Budget,67331.61398088012
Tamil Nadu,5,2,9,Luxury,117266.17987840228
Agra,9,5,8,Luxury,204993.32043172797
Kerala,6,4,8,Moderate,80018.23478497472
Goa,10,9,9,Budget,105409.98663046767
Kerala,4,12,4,Moderate,169903.82064333255
Goa,8,1,5,Budget,8131.166455769416
Goa,9,6,7,Moderate,131308.02154842904
Karnataka,10,7,2,Budget,24989.17608903866
Goa,5,12,7,Luxury,886884.3232137703
Himachal Pradesh,2,6,3,Moderate,62052.21514851178
Tamil Nadu,6,5,6,Luxury,198153.26524543884
Maharashtra,11,12,6,Budget,119804.88482245852
Delhi,12,4,6,Luxury,255658.32752618098
Kerala,8,5,2,Moderate,43468.22212567885
Maharashtra,5,9,9,Moderate,183730.36054222813
Delhi,1,5,8,Luxury,352303.0841646151
Tamil Nadu,8,10,7,Budget,74803.59418106971
Tamil Nadu,9,8,9,Moderate,156798.14586846024
Kerala,1,7,4,Budget,62759.331906370135
Kerala,8,4,2,Moderate,29826.54224894582
Tamil Nadu,10,10,4,Budget,57716.86457369305
Delhi,12,5,3,Budget,31348.02754313162
Goa,2,7,2,Luxury,198765.08003291607
Agra,4,6,2,Budget,15480.43093436537
Rajasthan,2,13,8,Moderate,269756.0788513883
Maharashtra,2,3,5,Luxury,157484.74260245115
Karnataka,10,10,6,Moderate,174430.70936037798
Maharashtra,3,3,8,Luxury,219498.1419498031
Karnataka,8,2,7,Luxury,102915.54912775969
Delhi,4,14,7,Budget,116996.5788791608
Karnataka,7,3,7,Budget,31151.780327263503
Kerala,12,11,7,Moderate,276494.52655371523
Agra,10,10,8,Moderate,173183.03961580255
Agra,3,13,1,Budget,21503.660920866387
Kerala,10,1,3,Moderate,10030.217924661198
Himachal Pradesh,12,13,1,Moderate,75834.52442103847
Delhi,11,9,8,Budget,93274.88825091503
Himachal Pradesh,3,2,2,Luxury,44996.187304636944
Himachal Pradesh,2,12,7,Budget,109939.57329879714
Maharashtra,12,13,6,Moderate,259576.77929298548
Tamil Nadu,6,3,1,Luxury,33222.64796169548
Maharashtra,6,5,6,Budget,47891.55938342091
Tamil Nadu,1,10,9,Luxury,638019.4324432715
Rajasthan,7,12,3,Moderate,126310.51064833661
Karnataka,12,4,7,Luxury,247602.29952241702
Tamil Nadu,4,13,4,Moderate,148938.03719191754
Kerala,11,5,1,Budget,16720.238544549306
Maharashtra,12,6,7,Luxury,423574.85694406024
Delhi,3,5,1,Luxury,57123.185796892685
Karnataka,8,10,4,Luxury,379027.0433857208
Rajasthan,2,1,9,Moderate,16959.53664381052
Tamil Nadu,9,6,5,Budget,34142.22782456438
Rajasthan,8,9,7,Budget,82424.2598587406
Delhi,8,3,7,Moderate,47774.54177017266
Himachal Pradesh,3,2,3,Luxury,67390.87983910435
Agra,4,6,8,Moderate,84865.11292727286
Delhi,2,12,1,Moderate,42854.99049722253
Uttarakhand,2,14,4,Budget,66871.5860685659
Delhi,4,3,4,Moderate,38225.07310695928
Rajasthan,6,4,2,Luxury,86160.92821076835
Kerala,5,6,6,Moderate,121496.0921213835
Maharashtra,1,12,1,Moderate,61593.31206692742
Kerala,10,13,3,Moderate,123823.32337788348
Rajasthan,1,12,9,Luxury,1120955.1505171154
Maharashtra,6,6,6,Moderate,107068.67800448532
Uttarakhand,3,12,2,Budget,40853.150451405505
Agra,3,2,9,Moderate,37044.55206241486
Karnataka,7,13,2,Moderate,81313.93879030763
Rajasthan,1,13,7,Budget,146292.19239510607
Tamil Nadu,1,3,1,Budget,6648.529209699948
Rajasthan,10,13,5,Budget,101889.32004452613
Rajasthan,3,9,7,Budget,79147.54042675173
Maharashtra,8,2,3,Budget,12660.388487441352
Goa,1,3,4,Budget,38871.21124366518
Delhi,10,9,5,Luxury,384281.17673642206
Goa,4,4,3,Moderate,51319.58092987402
Uttarakhand,9,1,6,Luxury,44671.90281965183
Tamil Nadu,4,11,3,Luxury,265326.7162538647
Agra,10,13,8,Budget,99460.2934546542
Himachal Pradesh,8,2,7,Moderate,39266.42573555512
Uttarakhand,7,3,1,Luxury,29752.723272111816
Himachal Pradesh,3,9,2,Moderate,59426.11694894955
Himachal Pradesh,7,9,4,Moderate,130574.0384136431
Agra,7,11,5,Budget,71624.55312645837
Kerala,10,6,4,Moderate,71035.84131094733
Goa,3,14,4,Luxury,612541.4245700801
Rajasthan,2,11,9,Luxury,716420.1397381146
Karnataka,9,6,4,Budget,36492.42920133783
Himachal Pradesh,1,3,4,Luxury,121981.09174087351
Tamil Nadu,7,5,4,Budget,24689.701673712596
Uttarakhand,4,11,2,Luxury,189259.13746711778
Kerala,2,4,8,Luxury,278208.19257179997
Himachal Pradesh,2,10,4,Budget,64804.25477402477
Kerala,8,10,5,Moderate,175605.38773693616
Kerala,7,12,8,Budget,106366.7706158129
Himachal Pradesh,12,9,4,Moderate,170905.91815320766
Maharashtra,7,9,5,Moderate,142124.7467431962
Delhi,5,1,5,Budget,7757.630854657281
Tamil Nadu,10,8,6,Budget,67312.91039721188
Rajasthan,8,9,7,Budget,81518.84779569313
Rajasthan,2,5,3,Moderate,42233.16698514448
Tamil Nadu,2,4,3,Moderate,35299.00315236667
Maharashtra,5,10,9,Moderate,224384.2655643956
Rajasthan,1,4,1,Moderate,23080.879849597328
Kerala,6,2,8,Budget,20554.241602048238
Agra,4,9,3,Budget,34619.86224407992
Uttarakhand,6,5,5,Moderate,92593.13014050492
Goa,7,11,3,Luxury,418641.78593764635
Rajasthan,3,3,1,Budget,5738.168002479486
Tamil Nadu,11,6,5,Luxury,319372.1541450913
Agra,8,9,8,Luxury,470474.94914027164
Himachal Pradesh,7,9,5,Luxury,426002.27020971465
Delhi,1,12,4,Moderate,172608.16254565035
Tamil Nadu,6,13,9,Budget,126297.13449784247
Kerala,7,5,1,Luxury,56522.213508748406
Delhi,11,8,5,Moderate,144799.77920854455
Uttarakhand,4,4,1,Budget,6411.71762451346
Uttarakhand,2,5,6,Moderate,63870.85881295656
Maharashtra,10,7,9,Budget,85401.76981614533
Karnataka,9,7,2,Budget,25700.930831924892
Maharashtra,7,13,4,Moderate,162384.3522696421
Agra,1,7,8,Luxury,387266.68019853055
Delhi,8,8,3,Budget,37646.85007014478
Karnataka,3,11,7,Budget,104307.23768358094
Himachal Pradesh,4,5,7,Luxury,294255.5206291683
Kerala,12,1,2,Budget,5170.7998282511335
Delhi,5,11,4,Luxury,337765.0754220093
Maharashtra,1,9,1,Budget,24680.872341040566
Goa,6,9,8,Luxury,723081.4560710996
Karnataka,10,7,9,Budget,79175.17991941147
Karnataka,6,12,1,Budget,22205.32578932863
Kerala,2,6,7,Budget,59310.37567986204
Rajasthan,11,13,1,Luxury,231198.12484115086
Uttarakhand,10,13,1,Budget,21075.473113358974
Uttarakhand,6,5,9,Moderate,112891.90451869869
Goa,8,5,6,Moderate,106644.32155779097
Agra,6,3,1,Moderate,8938.435344564235
Agra,4,10,7,Budget,79784.2587949559
Himachal Pradesh,4,1,3,Luxury,33396.054749466464
Delhi,9,6,4,Luxury,242214.7078006098
Tamil Nadu,6,8,4,Budget,40003.612898682004
Rajasthan,8,14,8,Moderate,256430.459479945
Maharashtra,8,2,1,Luxury,27361.108598423267
Tamil Nadu,7,8,8,Budget,67298.25462746549
Tamil Nadu,3,8,9,Luxury,443959.7135793716
Karnataka,10,10,7,Moderate,198543.35551292903
Goa,1,8,1,Moderate,53568.53731340164
Uttarakhand,5,10,7,Luxury,640439.3896077529
Himachal Pradesh,10,3,6,Budget,23191.885784911425
Agra,10,10,5,Budget,65841.89794938893
Goa,2,8,5,Luxury,470332.9521193602
Karnataka,12,11,1,Moderate,52402.640356373384
Maharashtra,10,12,6,Budget,109770.60872551335
Himachal Pradesh,2,12,4,Luxury,476728.0910271965
Karnataka,7,14,1,Luxury,137870.26380902724
Uttarakhand,11,4,8,Moderate,62956.15212970563
Uttarakhand,3,3,8,Moderate,48954.451756768445
Uttarakhand,8,11,4,Budget,51645.61648624635
Goa,9,9,7,Budget,87424.79453878594
Goa,8,8,3,Budget,53407.38318857452
Agra,6,10,8,Moderate,178052.3429480398
Agra,5,13,7,Luxury,542684.088331765
Maharashtra,3,13,5,Budget,96316.82348628932
Himachal Pradesh,3,2,5,Budget,17185.389088095064
Kerala,7,13,9,Budget,157850.80235943425
Kerala,5,13,6,Luxury,734571.097394559
Karnataka,12,13,6,Budget,123581.33120552418
Uttarakhand,6,14,2,Budget,52658.615921087
Himachal Pradesh,6,8,5,Moderate,192685.80361355076
Tamil Nadu,9,11,4,Moderate,138985.0097785598
Goa,1,11,3,Moderate,215101.78396558072
Delhi,8,3,9,Luxury,192241.2178833599
Rajasthan,10,10,7,Moderate,152965.67424622193
Maharashtra,5,12,4,Budget,75636.15830216208
Uttarakhand,6,14,9,Budget,153698.6665643301
Uttarakhand,6,6,9,Luxury,398288.8310802264
Uttarakhand,1,5,7,Luxury,258285.0532794096
Goa,3,8,5,Budget,81109.47413171772
Goa,12,9,9,Luxury,900179.4716922088
Rajasthan,6,11,7,Budget,93269.35458875734
Tamil Nadu,11,7,9,Moderate,147644.07880426233
Himachal Pradesh,11,6,3,Budget,27805.45147722307
Uttarakhand,9,6,9,Luxury,344011.53750853846
Kerala,6,1,1,Moderate,4026.9913988654694
Agra,12,5,5,Budget,36715.37785867398
Kerala,6,14,2,Luxury,296067.0620195026
Karnataka,1,8,1,Luxury,108451.17997874724
Kerala,9,6,3,Moderate,70486.9755545847
Karnataka,4,12,7,Budget,102414.13512581028
Delhi,2,1,3,Budget,4176.845903815268
Agra,1,5,9,Luxury,298951.834095033
Kerala,3,13,3,Moderate,146121.1843974153
Delhi,3,11,6,Budget,78882.38949150893
Maharashtra,5,12,2,Moderate,88529.29606472154
Himachal Pradesh,1,5,8,Luxury,265550.8840124657
Delhi,7,12,5,Budget,94618.81331730139
Himachal Pradesh,1,3,2,Luxury,59385.45600577583
Kerala,4,8,7,Budget,66890.20841636907
Tamil Nadu,6,9,3,Luxury,265119.1689215657
Delhi,1,6,5,Budget,54984.79929811736
Agra,7,6,9,Moderate,95932.5598026676
Kerala,10,2,1,Budget,4356.594823544986
Uttarakhand,7,10,2,Budget,29940.504328878993
Goa,3,2,5,Luxury,99074.26917996652
Delhi,4,6,4,Budget,34908.04430695988
Agra,6,12,1,Budget,17929.12119030515
Maharashtra,11,8,7,Budget,84233.21796236343
Uttarakhand,7,2,9,Luxury,91653.00117687581
Maharashtra,4,9,1,Budget,21024.918110316048
Kerala,10,13,8,Moderate,261673.55060617163
Goa,11,12,9,Moderate,415285.12231169344
Delhi,9,14,2,Luxury,311840.39450154186
Delhi,9,9,1,Budget,14117.841673215735
Tamil Nadu,9,14,6,Luxury,570745.495159234
Tamil Nadu,12,4,7,Budget,42626.13119313773
Kerala,10,4,2,Luxury,85171.35200747555
Kerala,6,4,5,Budget,33279.02970242444
Goa,2,11,5,Budget,106115.27824411851
Tamil Nadu,2,5,7,Luxury,222373.74238941734
Agra,11,8,1,Luxury,80008.33067506028
Agra,4,2,8,Luxury,94057.56629964207
Goa,9,11,5,Budget,107678.74703915467
Agra,3,5,3,Luxury,123482.0611962068
Karnataka,6,14,9,Budget,121706.30079458692
Himachal Pradesh,2,2,3,Moderate,19601.75367659445
Goa,1,11,7,Moderate,345339.54722283507
Goa,12,11,7,Budget,198699.48954131955
Rajasthan,5,8,8,Budget,68206.2540728843
Uttarakhand,8,1,8,Luxury,55928.63257394771
Uttarakhand,10,7,4,Budget,36194.859566447034
Karnataka,10,3,1,Budget,5040.69014707677
Tamil Nadu,2,4,4,Moderate,45417.75093659862
Kerala,10,14,6,Luxury,730232.6365214012
Kerala,9,8,6,Luxury,451127.7073834126
Maharashtra,12,3,6,Budget,38262.766317788366
Karnataka,8,12,7,Luxury,738985.5861696998
Goa,3,13,1,Moderate,53715.248681615754
Karnataka,1,13,1,Moderate,51871.88950150014
Karnataka,4,7,7,Moderate,143660.48548916666
Karnataka,8,12,4,Budget,82554.61527327514
Uttarakhand,3,1,6,Budget,6685.220144297543
Karnataka,10,9,6,Moderate,163559.2243144138
Himachal Pradesh,12,13,9,Moderate,400471.56562119053
Kerala,2,6,2,Luxury,126686.18442949357
Maharashtra,7,3,4,Luxury,144165.4216448585
Himachal Pradesh,4,7,4,Luxury,256815.6108722207
Maharashtra,6,13,7,Luxury,797847.399828607
Rajasthan,5,5,1,Moderate,18073.62305035872
Maharashtra,2,8,5,Luxury,365855.203220682
Kerala,10,8,4,Moderate,112432.44063621822
Kerala,2,12,2,Moderate,96843.60123623534
Karnataka,9,9,5,Budget,58638.91078507659
Delhi,11,6,9,Luxury,393463.5518181409
Rajasthan,10,4,8,Moderate,75247.3816328203
Goa,2,13,9,Budget,178146.2872932749
Agra,8,2,7,Budget,16424.237129843612
Maharashtra,8,3,7,Moderate,55621.57801345438
Delhi,1,5,2,Moderate,41222.779506415754
Karnataka,1,8,3,Luxury,253015.4719907375
Uttarakhand,4,12,8,Luxury,561997.5633464811
Goa,2,10,2,Moderate,87994.98222348069
Tamil Nadu,12,2,7,Moderate,33934.080982847576
Delhi,1,5,6,Budget,52762.11970704281
Uttarakhand,9,14,4,Budget,83676.73268741994
Rajasthan,3,9,4,Budget,53122.50990822969
Karnataka,1,2,3,Budget,11958.345002774971
Goa,2,8,6,Budget,90267.11795424872
Goa,8,3,3,Luxury,94602.09732664561
Goa,5,8,9,Budget,86815.5676181004
Rajasthan,11,4,4,Moderate,67287.45415346896
Maharashtra,7,4,4,Luxury,164388.26658226596
Tamil Nadu,6,12,2,Budget,43121.32433193775
Rajasthan,1,7,2,Budget,31220.10392003571
Agra,6,5,7,Budget,34579.220284719064
Tamil Nadu,11,4,5,Moderate,69593.6722382157
Kerala,7,7,3,Budget,41024.58209381318
Karnataka,4,12,6,Moderate,209079.71361104018
Rajasthan,8,3,6,Moderate,44819.72095623865
Uttarakhand,8,9,1,Budget,12748.796287515712
Tamil Nadu,7,14,3,Budget,71417.63939970087
Agra,11,13,5,Luxury,519720.3220063401
Kerala,2,5,7,Luxury,324396.9381709317
Maharashtra,6,12,4,Luxury,574999.7473958249
Uttarakhand,6,3,8,Moderate,68648.87874549064
Tamil Nadu,12,2,3,Budget,11817.324399738809
Karnataka,12,7,6,Luxury,391766.5020748678
Uttarakhand,7,12,6,Moderate,193012.9928415848
Kerala,6,7,9,Luxury,472102.29626518185
Uttarakhand,2,12,4,Luxury,355767.51114569383
Himachal Pradesh,8,13,7,Budget,131434.23745872895
Delhi,4,5,1,Budget,9835.94236992501
Maharashtra,9,4,1,Moderate,17154.966042593078
Kerala,8,13,2,Budget,53258.72696601488
Uttarakhand,3,11,4,Luxury,390793.2166732821
Delhi,3,2,6,Moderate,34215.97142516079
Delhi,8,2,4,Moderate,23474.56889960501
Uttarakhand,2,7,6,Moderate,108055.86463630432
Karnataka,9,10,2,Moderate,71323.50913549738
Himachal Pradesh,4,7,9,Budget,69981.2576090734
Rajasthan,6,4,3,Luxury,102030.94538390686
Himachal Pradesh,3,14,7,Budget,146334.20944706557
Uttarakhand,3,4,1,Budget,6236.629778075807
Maharashtra,3,4,8,Moderate,80534.53285081428
Rajasthan,11,11,4,Budget,90584.96575426821
Kerala,10,2,5,Budget,14762.023661757086
Himachal Pradesh,12,13,7,Luxury,864908.6198952355
Uttarakhand,12,13,3,Moderate,154333.52544549629
Himachal Pradesh,2,9,9,Budget,103162.82753718576
Rajasthan,8,1,9,Moderate,16207.580192173318
Agra,9,8,8,Luxury,425685.02860886167
Tamil Nadu,8,6,1,Budget,8946.9953867986
Himachal Pradesh,10,13,2,Luxury,300069.18934505456
Kerala,3,10,2,Luxury,247516.4619119874
Kerala,7,7,3,Moderate,80932.41935952188
Goa,11,12,2,Moderate,146474.7377385968
Himachal Pradesh,10,5,1,Moderate,20161.73020390852
Tamil Nadu,2,6,5,Budget,39278.93373661948
Karnataka,4,6,6,Moderate,89476.34836263949
Delhi,12,13,7,Budget,121768.01278036
Tamil Nadu,6,9,7,Luxury,374510.7687455666
Delhi,11,10,2,Moderate,75777.37060388796
Delhi,5,13,7,Luxury,714597.2321416845
Agra,9,4,2,Moderate,26008.2902671477
Goa,10,12,2,Luxury,273962.76376981044
Tamil Nadu,4,11,6,Budget,78080.01453968685
Tamil Nadu,5,12,6,Luxury,483518.7327549719
Agra,4,13,8,Budget,109336.18775600333
Himachal Pradesh,8,5,5,Moderate,85566.51057694615
Himachal Pradesh,8,4,5,Moderate,53759.3855145244
Himachal Pradesh,3,1,1,Moderate,4260.08866194835
Maharashtra,1,10,4,Budget,79806.45466579586
Delhi,6,6,1,Moderate,19255.299804895163
Maharashtra,2,5,5,Budget,36413.59341430996
Goa,2,4,8,Budget,40909.77462224915
Agra,3,6,1,Luxury,47021.44115389051
Tamil Nadu,8,12,3,Moderate,105201.11802702013
Delhi,3,5,1,Luxury,54998.641239301396
Maharashtra,7,3,6,Budget,25665.998390498164
Maharashtra,10,2,1,Luxury,23065.349720817117
Uttarakhand,10,13,3,Moderate,101297.93256306951
Maharashtra,9,6,5,Budget,55035.1624909749
Karnataka,8,4,5,Luxury,158268.9445742864
Tamil Nadu,1,11,2,Moderate,72171.99026954143
Karnataka,7,13,3,Moderate,111820.02164529044
Tamil Nadu,7,10,9,Luxury,460849.31326918624
Agra,8,3,1,Budget,4563.008309284059
Tamil Nadu,10,14,1,Moderate,40572.63533099126
Karnataka,5,8,2,Budget,25778.390847632018
Tamil Nadu,10,12,8,Moderate,226471.4458208393
Agra,9,9,6,Budget,69281.26633214095
Agra,9,7,4,Budget,39564.78822919381
Goa,8,2,7,Moderate,50180.54245589864
Tamil Nadu,6,8,6,Luxury,374624.6582140159
Uttarakhand,6,11,9,Luxury,915024.7226439635
Himachal Pradesh,1,13,6,Luxury,666168.5096214005
Kerala,6,13,2,Budget,53767.280239882806
Agra,4,11,3,Luxury,305122.6388104735
Rajasthan,4,5,9,Luxury,301300.21875671216
Himachal Pradesh,2,11,7,Moderate,232883.61617438006
Delhi,11,10,6,Budget,87515.82432989488
Tamil Nadu,4,7,5,Luxury,260590.90906939955
Karnataka,5,5,3,Moderate,48410.14339396375
Kerala,12,2,4,Budget,20183.27095327498
Rajasthan,5,12,1,Moderate,47007.29942877481
Himachal Pradesh,5,12,5,Luxury,855220.100846916
Tamil Nadu,4,12,7,Budget,101617.58851274438
Goa,1,4,2,Budget,23590.062205697413
Delhi,10,13,8,Luxury,654515.9383957258
Kerala,8,11,6,Moderate,205825.55008576647
Uttarakhand,3,5,3,Budget,21621.954108596135
Goa,2,6,2,Budget,23791.90996767351
Rajasthan,9,5,8,Budget,40971.43803663603
Kerala,7,10,4,Luxury,435249.35578182485
Goa,9,11,7,Moderate,265342.3050046586
Delhi,2,1,7,Luxury,47765.74086452296
Uttarakhand,9,1,9,Budget,8445.399170602568
Goa,10,3,8,Moderate,74696.18727213237
Maharashtra,9,9,8,Moderate,194745.0669008021
Uttarakhand,11,11,7,Luxury,589041.8575302013
Rajasthan,9,2,5,Luxury,74665.90012099958
Delhi,10,10,9,Budget,104545.7582708267
Tamil Nadu,10,5,7,Luxury,228438.93278590505
Karnataka,4,9,3,Luxury,284865.6478881551
Karnataka,10,7,6,Luxury,323813.8403162977
Karnataka,3,11,3,Luxury,375804.31337614165
Kerala,6,8,6,Luxury,373697.40065511566
Rajasthan,3,2,8,Budget,18274.09955402133
Delhi,11,5,9,Moderate,127365.6616743246
Uttarakhand,9,9,2,Luxury,162674.70284576528
Kerala,3,1,6,Moderate,19837.869796986393
Rajasthan,2,1,3,Moderate,10725.264185113725
Tamil Nadu,8,10,7,Luxury,422207.04627350887
Maharashtra,6,8,4,Luxury,341569.2123446016
Delhi,8,2,5,Moderate,29565.949426841198
Karnataka,7,9,6,Budget,82391.51953346738
Goa,3,10,8,Moderate,210353.52637169303
Delhi,8,9,2,Budget,30524.562943909492
Agra,10,4,4,Moderate,36674.1625948375
Rajasthan,1,2,4,Luxury,115305.89927988098
Himachal Pradesh,1,3,6,Budget,23992.782386170096
Tamil Nadu,10,10,4,Moderate,104418.41460136723
Maharashtra,8,1,5,Budget,9079.900617946338
Tamil Nadu,9,3,5,Luxury,130989.1479340918
Delhi,10,5,8,Budget,43361.540852080056
Himachal Pradesh,6,3,4,Luxury,162845.8438409546
Agra,5,3,6,Luxury,128551.63714061995
Uttarakhand,2,10,7,Budget,84166.40228422215
Goa,11,6,8,Luxury,682998.1670335695
Himachal Pradesh,9,3,9,Luxury,178607.04320302344
Rajasthan,6,3,8,Luxury,165585.83905857228
Karnataka,8,9,4,Budget,49978.9386652073
Agra,9,2,4,Luxury,69435.40849540179
Goa,9,1,5,Moderate,19087.645770670435
Maharashtra,8,10,3,Luxury,327498.8988901239
Karnataka,12,8,2,Moderate,65253.047479652385
Delhi,10,13,2,Budget,37914.60232901518
Himachal Pradesh,8,14,9,Moderate,283567.4662307188
Goa,3,3,8,Luxury,221531.65296771657
Kerala,3,7,6,Luxury,429319.68488652795
Uttarakhand,2,2,9,Luxury,108270.52690447179
Uttarakhand,1,11,5,Luxury,441498.15734839306
Agra,4,11,1,Luxury,107506.4932722183
Maharashtra,2,12,8,Luxury,788552.7381009274
Agra,2,8,3,Budget,27852.389953336835
Kerala,11,9,9,Luxury,977114.1956973138
Rajasthan,11,8,1,Moderate,40771.13925550299
Maharashtra,5,8,3,Moderate,103910.63577150072
Tamil Nadu,4,8,1,Moderate,25658.51273147187
Rajasthan,1,14,1,Budget,38605.88786568493
Maharashtra,9,7,6,Moderate,130707.38009917973
Maharashtra,4,2,4,Moderate,26267.36999039242
Kerala,5,8,4,Moderate,122860.38234635515
Delhi,7,5,5,Budget,36335.49794328468
Kerala,2,6,3,Moderate,63838.14196399513
Maharashtra,8,4,2,Moderate,28512.547798888583
Goa,11,1,8,Budget,20177.798732298303
Rajasthan,2,13,7,Luxury,748137.9414953396
Kerala,11,5,4,Moderate,99637.22344320304
Delhi,10,3,2,Luxury,53951.01598226074
Himachal Pradesh,5,9,9,Moderate,222071.85932106138
Agra,12,4,8,Budget,33529.41252550904
Maharashtra,2,10,4,Luxury,432824.83317982004
Tamil Nadu,2,2,5,Budget,14450.537689127028
Himachal Pradesh,4,4,6,Luxury,196798.39619554533
Uttarakhand,4,3,4,Budget,15996.772272367583
Karnataka,8,3,2,Luxury,62762.67446442065
Delhi,6,5,5,Luxury,179607.31370280852
Tamil Nadu,10,1,1,Luxury,8940.811744426575
Karnataka,8,5,7,Moderate,90674.71453587507
Delhi,7,8,9,Luxury,423579.8591091011
Goa,10,10,3,Luxury,367050.36410213076
Agra,4,12,6,Moderate,142953.6641229591
Himachal Pradesh,2,9,9,Moderate,201457.1779655232
Rajasthan,9,12,4,Budget,77477.80606684161
Delhi,2,1,6,Budget,8276.29199180947
Rajasthan,1,14,3,Moderate,200321.77209383564
Agra,8,2,9,Moderate,31329.66864504415
Maharashtra,10,2,7,Moderate,43415.4036677456
Uttarakhand,9,6,7,Moderate,102034.06192174762
Himachal Pradesh,1,1,4,Moderate,14116.104190477832
Agra,7,11,6,Budget,70854.86077858893
Agra,2,1,8,Moderate,14167.680329720948
Goa,6,2,6,Moderate,38578.24616713123
Karnataka,11,12,6,Budget,102175.82819444302
Uttarakhand,5,13,4,Luxury,580366.0050044267
Himachal Pradesh,1,4,8,Budget,36834.40356749581
Maharashtra,2,2,8,Budget,23740.341587786595
Maharashtra,2,4,9,Moderate,95477.69264255404
Kerala,10,3,6,Luxury,138962.84853375252
Agra,10,3,2,Budget,7637.595868630938
Delhi,6,9,4,Luxury,325366.82317134045
Goa,11,8,4,Budget,95052.39928892715
Uttarakhand,12,12,8,Moderate,302101.74341664434
Maharashtra,1,12,5,Budget,137953.1522443309
Himachal Pradesh,11,10,4,Budget,68513.2042305573
Kerala,4,9,8,Budget,94860.70304067829
Himachal Pradesh,12,1,3,Luxury,41985.724538227216
Goa,10,12,2,Luxury,329794.7383146771
Delhi,11,5,4,Moderate,80712.37491884452
Kerala,5,12,1,Luxury,140669.6792727932
Kerala,2,12,1,Luxury,147656.1353061207
Karnataka,2,4,5,Luxury,161990.79305672675
Uttarakhand,7,11,1,Moderate,38974.85050610486
Kerala,7,14,4,Moderate,202596.6470726863
Karnataka,6,9,8,Moderate,165612.33168285576
Karnataka,1,14,8,Moderate,359503.25464231655
Goa,12,3,2,Budget,21954.875884206165
Rajasthan,12,5,3,Moderate,66378.40669588235
Himachal Pradesh,3,8,3,Moderate,74363.56508682144
Delhi,9,10,1,Budget,19242.433890318167
Tamil Nadu,10,5,3,Budget,22825.840867390005
Himachal Pradesh,1,9,8,Luxury,595040.446228287
Kerala,2,2,6,Luxury,103059.57969725084
Delhi,8,6,5,Moderate,86047.60328281691
Maharashtra,7,5,9,Luxury,348080.24940856255
Rajasthan,9,9,7,Budget,69956.78762405425
Maharashtra,10,7,6,Luxury,455474.30711453245
Maharashtra,12,8,5,Luxury,507653.5345102476
Uttarakhand,12,7,5,Moderate,131617.11794218788
Himachal Pradesh,4,13,9,Budget,125251.94175901059
Tamil Nadu,4,10,6,Budget,77599.76460960794
Goa,7,10,4,Luxury,504850.80306445825
Tamil Nadu,1,5,4,Luxury,220954.49014722556
Maharashtra,10,11,4,Luxury,530577.366417432
Kerala,12,13,6,Moderate,314005.80549957533
Rajasthan,9,14,1,Luxury,133012.68970150102
Agra,2,5,9,Luxury,258321.29945390378
Tamil Nadu,1,13,2,Moderate,106842.15988219963
Maharashtra,7,11,2,Budget,46185.140665899395
Rajasthan,6,4,5,Moderate,50000.01731223133
Delhi,12,2,4,Luxury,88120.55354052497
Himachal Pradesh,3,14,3,Luxury,463029.75938282185
Karnataka,1,9,5,Budget,71216.24513162793
Uttarakhand,12,10,7,Moderate,190269.01903173685
Rajasthan,5,10,2,Luxury,184824.6610913076
Kerala,10,12,6,Budget,94740.35858097742
Kerala,4,10,4,Luxury,364981.2199975474
Rajasthan,5,10,2,Budget,30291.155523989026
Kerala,1,3,1,Luxury,54497.20730071695
Himachal Pradesh,1,11,8,Luxury,584757.6790973693
Kerala,5,11,5,Budget,90763.60930524646
Tamil Nadu,6,3,2,Budget,8814.348028248516
Karnataka,5,3,8,Luxury,163318.70848024954
Kerala,2,8,3,Budget,49257.48504452226
Karnataka,9,6,7,Luxury,356215.04503766185
Maharashtra,5,1,2,Luxury,23395.190982468954
Goa,11,12,7,Moderate,390643.3872619957
Himachal Pradesh,11,13,4,Luxury,445650.5158027991
Goa,5,14,1,Luxury,208535.50836401756
Maharashtra,10,3,5,Budget,21450.156840038213
Himachal Pradesh,9,4,4,Moderate,46168.02735280934
Rajasthan,3,13,8,Budget,119508.93929587069
Rajasthan,5,2,1,Budget,3172.849747830161
Karnataka,12,6,2,Luxury,157896.71947479428
Maharashtra,5,10,5,Luxury,428950.43614425237
Karnataka,2,12,2,Luxury,222589.83899576668
Uttarakhand,11,1,1,Budget,1727.0480698165675
Kerala,4,1,6,Budget,9206.608003927067
Agra,11,8,4,Luxury,251410.80855592532
Uttarakhand,11,4,5,Budget,23340.65310866965
Kerala,2,1,3,Moderate,9954.24120054113
Himachal Pradesh,5,7,6,Moderate,185128.67119358305
Karnataka,10,9,4,Moderate,116023.46895194642
Himachal Pradesh,12,10,6,Budget,121187.56302605201
Himachal Pradesh,2,7,5,Moderate,93207.46523349785
Kerala,10,1,2,Luxury,23873.501952831295
Maharashtra,9,1,4,Luxury,38417.48609495136
Kerala,10,12,2,Luxury,275384.53068580694
Delhi,6,1,5,Moderate,14389.068735253913
Rajasthan,8,8,3,Moderate,83353.75054881869
Rajasthan,9,7,6,Budget,60192.86831444701
Uttarakhand,8,14,5,Luxury,487620.23320981825
Rajasthan,5,3,2,Budget,11220.45378288564
Kerala,5,3,8,Moderate,53091.56485665909
Tamil Nadu,6,12,6,Budget,84559.25785088603
Karnataka,1,3,9,Luxury,187712.64649032787
Kerala,11,2,3,Budget,17273.889606211247
Kerala,8,14,4,Budget,95206.42348342192
Agra,2,14,8,Moderate,197102.27170322317
Karnataka,6,4,7,Moderate,63494.10618152346
Delhi,9,7,8,Moderate,116930.93883976628
Rajasthan,3,9,9,Moderate,191570.94634022372
Karnataka,2,3,8,Luxury,182388.80835644001
Rajasthan,10,10,8,Luxury,503779.0238198363
Uttarakhand,5,7,6,Budget,78894.78608458447
Karnataka,11,12,2,Luxury,270577.4657735416
Rajasthan,9,4,7,Budget,36239.06746601264
Delhi,6,1,4,Moderate,11631.69828145204
Goa,8,5,3,Budget,28263.780850942967
Himachal Pradesh,8,8,4,Budget,47994.81446368929
Himachal Pradesh,7,3,4,Luxury,116308.02393285754
Delhi,5,10,3,Budget,53366.41879005195
Agra,2,4,9,Luxury,208532.34845804496
Goa,10,3,3,Budget,19111.384334676684
Uttarakhand,10,10,2,Luxury,202948.5024112443
Delhi,5,14,1,Moderate,50033.937639094846
Himachal Pradesh,12,14,1,Luxury,202789.83959315097
Himachal Pradesh,7,8,5,Moderate,139007.04488265052
Himachal Pradesh,12,10,5,Luxury,645054.1721542274
Maharashtra,12,8,9,Moderate,205663.23186494265
Delhi,7,14,4,Moderate,180502.968201657
Kerala,11,4,5,Luxury,284889.22335169435
Uttarakhand,2,11,6,Moderate,135232.1798928045
Himachal Pradesh,7,2,7,Budget,17614.220172475383
Rajasthan,6,12,9,Budget,111943.73724610436
Delhi,7,3,6,Moderate,45444.39459669022
Maharashtra,11,3,1,Moderate,15354.715872522978
Delhi,8,4,8,Moderate,65884.57543094052
Uttarakhand,4,11,2,Luxury,205000.06135508342
Maharashtra,1,13,9,Budget,202724.37488240056
Uttarakhand,8,2,7,Moderate,33747.86353169819
Delhi,8,2,7,Moderate,36199.01211558934
Kerala,3,3,5,Luxury,131066.35446665583
Uttarakhand,3,12,8,Budget,102289.29308480302
Maharashtra,5,1,1,Moderate,4602.790696156839
Maharashtra,3,8,3,Budget,41830.60791452191
Uttarakhand,5,6,9,Luxury,381474.8982354758
Tamil Nadu,8,3,1,Budget,5190.22058487362
Delhi,1,1,8,Moderate,22977.349565874872
Tamil Nadu,2,3,6,Moderate,48618.160147203955
Agra,2,1,5,Budget,6233.2165579197845
Delhi,12,3,6,Luxury,187861.9690281633
Uttarakhand,4,4,5,Luxury,142821.74643962493
Goa,9,6,9,Luxury,376419.8338296294
Uttarakhand,2,7,2,Luxury,136596.81112366213
Tamil Nadu,12,7,6,Moderate,120471.62976390393
Kerala,11,9,4,Budget,83803.20500316772
Uttarakhand,12,8,3,Moderate,83751.87541068267
Uttarakhand,9,13,5,Budget,89574.18848958201
Kerala,7,4,2,Budget,16688.033742815373
Uttarakhand,10,6,3,Luxury,150342.25082811728
Himachal Pradesh,8,11,7,Luxury,685447.2841056153
Goa,1,1,1,Budget,3289.501055838812
Rajasthan,5,8,2,Budget,30203.35326916019
Goa,9,6,3,Budget,41733.88869557871
Uttarakhand,12,2,7,Moderate,48087.52085759293
Himachal Pradesh,4,8,4,Budget,47900.633942005654
Delhi,2,4,8,Moderate,69880.52934490769
Uttarakhand,6,9,8,Budget,105858.98851415447
Tamil Nadu,2,4,1,Luxury,37564.72435092669
Himachal Pradesh,3,1,5,Budget,8327.159936757897
Kerala,8,7,1,Budget,15795.702273743362
Himachal Pradesh,3,10,7,Moderate,213336.10158814344
Kerala,2,5,4,Budget,32330.23768878565
Agra,6,10,8,Moderate,145247.42249812567
Rajasthan,3,11,8,Moderate,179843.73695535708
Karnataka,1,12,9,Luxury,745955.5857390165
Himachal Pradesh,12,5,6,Luxury,324304.80242302414
Maharashtra,3,4,7,Luxury,230994.64987906656
Tamil Nadu,6,6,7,Luxury,281547.7906387967
Uttarakhand,3,1,5,Moderate,11301.28970077093
Tamil Nadu,9,3,7,Budget,26585.188279351405
Goa,7,11,9,Moderate,276845.6704760998
Karnataka,5,12,4,Luxury,461389.77129826497
Goa,2,7,2,Budget,30331.461758261965
Agra,9,11,8,Moderate,160787.07957565962
Karnataka,5,8,7,Budget,82039.18355395515
Karnataka,7,12,6,Moderate,183720.15302002957
Goa,9,9,7,Budget,104246.10856573384
Kerala,4,1,3,Budget,5000.033888156134
Goa,9,4,6,Luxury,278693.2745255886
Tamil Nadu,1,2,7,Luxury,130802.25018145221
Kerala,12,2,7,Budget,27323.388855446075
Tamil Nadu,6,1,5,Budget,7565.1914456100985
Agra,2,5,3,Luxury,126091.22022119943
Uttarakhand,8,2,2,Moderate,12993.764924099129
Delhi,5,4,7,Budget,32066.205192909172
Kerala,3,9,4,Moderate,111970.37787790335
Agra,2,11,2,Luxury,208305.83658851
Maharashtra,8,3,8,Budget,30550.582936511248
Agra,7,8,2,Moderate,51311.802011220556
Goa,9,10,6,Luxury,583196.16045205
Goa,8,13,4,Budget,84805.41181305634
Delhi,11,6,9,Moderate,139842.46283132405
Agra,4,10,5,Budget,57365.27540052785
Rajasthan,2,5,4,Moderate,67996.12861772077
Uttarakhand,2,2,8,Moderate,32148.98070806202
Goa,2,11,3,Budget,63105.555546750234
Delhi,11,13,9,Luxury,902138.2222834936
Uttarakhand,12,3,8,Budget,37353.95857350147
Agra,6,8,8,Luxury,426799.1434786806
Agra,7,12,5,Moderate,125407.35993802351
Karnataka,12,12,1,Moderate,51993.42577561268
Delhi,6,9,9,Moderate,178452.46765589315
Goa,2,11,2,Luxury,240248.09227304615
Rajasthan,4,11,1,Moderate,38373.32949965691
Agra,3,7,6,Budget,51595.0868439796
Rajasthan,11,1,1,Moderate,4542.622847918129
Agra,4,12,7,Luxury,503885.22255502903
Goa,5,12,7,Luxury,770204.6886975797
Uttarakhand,7,13,1,Budget,22149.61703246873
Himachal Pradesh,9,13,5,Budget,92745.11026828043
Uttarakhand,11,6,3,Luxury,143681.86871301662
Agra,2,7,2,Luxury,105892.74440431611
Tamil Nadu,8,12,5,Budget,90982.0976173605
Himachal Pradesh,3,6,5,Budget,45212.39346431806
Himachal Pradesh,9,10,2,Budget,31207.13334684592
Rajasthan,10,11,6,Budget,75620.14993192785
Delhi,12,13,7,Luxury,713036.5633030084
Rajasthan,4,2,1,Moderate,6394.663312513535
Rajasthan,3,13,3,Luxury,395132.6179937715
Tamil Nadu,10,9,4,Budget,51378.95030672622
Uttarakhand,6,3,2,Luxury,82966.29741568584
Uttarakhand,10,6,5,Budget,32868.30594461063
Maharashtra,9,6,4,Luxury,238927.62327469926
Agra,7,8,2,Budget,22153.79528299655
Tamil Nadu,4,13,1,Budget,20993.20336980244
Maharashtra,3,4,8,Luxury,226979.11065853416
Goa,10,6,2,Budget,25738.64887955895
Agra,4,1,4,Moderate,9547.068036755903
Agra,3,9,5,Budget,49001.86401185721
Karnataka,12,12,2,Budget,53215.05374424384
Karnataka,3,9,9,Budget,78685.17339143583
Kerala,12,7,2,Moderate,88586.16214453301
Kerala,9,11,6,Luxury,665248.8762877951
Rajasthan,4,13,7,Moderate,211281.00692059135
Goa,9,1,6,Moderate,23207.915290282825
Himachal Pradesh,12,3,4,Moderate,52656.70000980474
Himachal Pradesh,10,12,1,Luxury,155773.4202240292
Karnataka,5,5,2,Budget,20142.066569570045
Karnataka,7,4,6,Moderate,73131.66615795757
Karnataka,5,5,8,Budget,42686.30745139899
Tamil Nadu,1,7,3,Moderate,76739.48293617586
Delhi,2,9,7,Moderate,165089.06139998586
Kerala,11,1,9,Moderate,28292.955106618814
Tamil Nadu,5,5,4,Moderate,62724.99278033445
Uttarakhand,6,3,7,Moderate,72806.53355877356
Himachal Pradesh,7,3,7,Moderate,63130.56586113514
Agra,2,11,9,Luxury,536892.8070451639
Kerala,10,2,3,Budget,10230.746991869895
Maharashtra,9,6,1,Budget,12623.983473523198
Uttarakhand,6,14,8,Luxury,1045754.5501323498
Kerala,2,6,4,Moderate,79548.70283741332
Tamil Nadu,2,3,2,Luxury,53920.491970271396
Goa,3,1,5,Luxury,47148.302681007415
Agra,1,7,4,Luxury,252971.3004215435
Kerala,9,2,1,Budget,3871.4677354231844
Delhi,10,8,7,Luxury,431763.3134741867
Karnataka,11,3,4,Moderate,44455.764885609235
Karnataka,4,1,8,Luxury,49131.935028856744
Agra,5,10,9,Budget,80619.79764327846
Tamil Nadu,7,9,8,Budget,83560.8764070998
Karnataka,1,5,1,Moderate,25165.729051610433
Kerala,3,1,8,Luxury,56652.13246489449
Maharashtra,3,10,5,Moderate,164095.80936770377
Himachal Pradesh,2,11,1,Luxury,138471.4746594535
Himachal Pradesh,8,6,9,Moderate,106234.56989402577
Uttarakhand,5,10,9,Moderate,231026.0032256236
Rajasthan,1,3,7,Moderate,79283.74900569083
Goa,12,11,7,Budget,173318.01054466155
Agra,2,4,1,Budget,5980.895320707436
Uttarakhand,1,8,9,Luxury,469352.0237747917
Rajasthan,6,5,1,Budget,7500.307063687968
Tamil Nadu,9,12,7,Moderate,169469.56779936576
Delhi,11,6,9,Budget,61854.408835772556
Delhi,7,10,9,Budget,91236.88936279624
Goa,5,4,5,Luxury,214107.18387757288
Karnataka,12,6,6,Moderate,103216.85320065304
Kerala,3,3,2,Budget,12708.374586220642
Uttarakhand,12,10,2,Budget,45861.67536713819
Uttarakhand,12,12,9,Luxury,810299.2177420562
Agra,8,1,1,Luxury,8343.274232418442
Agra,10,6,5,Moderate,61752.64574145883
Delhi,4,14,7,Luxury,698503.4474237079
Delhi,9,13,6,Moderate,189668.95347820508
Maharashtra,5,1,6,Moderate,19571.44125168293
Maharashtra,6,10,6,Budget,95857.48480909389
Karnataka,5,12,8,Budget,131271.43696191255
Maharashtra,10,3,7,Budget,33604.25448387154
Kerala,12,12,5,Budget,125893.35520594438
Kerala,11,8,2,Budget,48394.64609229363
Uttarakhand,7,7,6,Moderate,88919.16116293048
Himachal Pradesh,7,8,5,Budget,57573.120924601084
Kerala,1,10,4,Budget,103683.54503221766
Rajasthan,2,10,5,Budget,69910.06943860003
Delhi,7,2,9,Moderate,39992.41609524757
Agra,8,10,2,Luxury,186904.45437121103
Maharashtra,4,7,6,Luxury,436119.9245158275
Uttarakhand,6,14,9,Budget,146905.94175819727
Goa,11,4,5,Luxury,337768.92963848886
Agra,12,1,6,Moderate,18442.29681967041
Rajasthan,10,11,4,Budget,70457.33643162623
Maharashtra,3,3,5,Moderate,50700.93367612278
Rajasthan,7,5,8,Moderate,104610.1328884015
Delhi,11,14,1,Budget,25377.92172098529
Delhi,3,10,1,Moderate,30675.605216142903
Karnataka,11,8,4,Budget,65241.44744929531
Uttarakhand,7,2,3,Moderate,17537.892729610256
Agra,12,2,5,Luxury,76665.08159267144
Tamil Nadu,11,8,8,Luxury,475721.54015666514
Tamil Nadu,12,14,1,Luxury,144579.745559012
Agra,11,9,5,Moderate,130627.22048949833
Goa,8,10,5,Budget,79309.87382766602
Uttarakhand,3,13,2,Luxury,202042.7384888975
Rajasthan,2,13,5,Budget,86152.17866591518
Goa,12,1,8,Luxury,96892.87906941371
Himachal Pradesh,6,14,7,Luxury,1049561.0770266072
Agra,4,2,2,Moderate,10888.561681256833
Rajasthan,8,4,6,Luxury,196371.7306185116
Tamil Nadu,2,12,1,Budget,20869.287887196646
Kerala,4,3,3,Budget,14388.964808926808
Karnataka,2,1,6,Luxury,49780.09357975441
Tamil Nadu,2,4,9,Budget,39800.80635874038
Uttarakhand,2,11,1,Budget,15743.607642972253
Delhi,1,13,6,Budget,140056.66047400856
Kerala,4,11,2,Budget,35772.58843658962
Karnataka,2,2,9,Budget,17580.69980595257
Karnataka,9,10,2,Luxury,190500.33105972438
Himachal Pradesh,9,5,3,Budget,25417.558904632206
Himachal Pradesh,11,1,2,Budget,3392.4822024408095
Maharashtra,11,14,4,Luxury,702043.7997408675
Tamil Nadu,7,8,4,Moderate,101630.17887674324
Tamil Nadu,6,10,1,Budget,15714.837119434093
Tamil Nadu,12,2,8,Moderate,45485.0429361062
Maharashtra,3,11,5,Moderate,161116.4346362336
Goa,12,3,8,Luxury,345463.05924891005
Karnataka,7,3,6,Moderate,55967.3635734907
Kerala,1,4,2,Moderate,42658.789817616045
Uttarakhand,9,7,7,Moderate,111310.87355353367
Karnataka,4,13,9,Luxury,706088.8775358942
Himachal Pradesh,6,9,7,Budget,102907.49778655422
Rajasthan,6,3,5,Luxury,136221.17321290675
Delhi,11,1,4,Luxury,44508.574046731796
Maharashtra,3,11,8,Luxury,775259.0351350926
Agra,4,10,6,Budget,66278.64017362778
Rajasthan,11,1,5,Moderate,19422.519020154574
Uttarakhand,10,12,7,Budget,92015.41327783965
Tamil Nadu,3,11,3,Moderate,85213.5274498147
Himachal Pradesh,6,6,9,Budget,80587.04671025195
Himachal Pradesh,1,5,4,Luxury,182027.97314277882
Himachal Pradesh,8,10,4,Luxury,412544.926395446
Tamil Nadu,8,7,8,Moderate,104016.77669870746
Agra,9,7,6,Luxury,261835.36758576427
Maharashtra,6,3,1,Luxury,35266.761542940454
Rajasthan,1,7,2,Budget,35450.43778866452
Tamil Nadu,3,9,9,Moderate,148096.2297854398
Uttarakhand,1,8,6,Budget,51248.37444545991
Maharashtra,5,3,7,Budget,28628.659854571415
Uttarakhand,3,10,9,Luxury,506251.2403563518
Maharashtra,2,5,3,Budget,28566.679574193327
Agra,3,13,5,Moderate,134311.4383304327
Delhi,9,13,5,Luxury,514847.0174826187
Uttarakhand,11,14,7,Moderate,236917.0636091916
Tamil Nadu,8,8,2,Moderate,51628.943763801166
Maharashtra,3,2,4,Moderate,28183.345396806493
Himachal Pradesh,11,14,4,Moderate,178328.05020731795
Karnataka,2,14,8,Budget,129383.01065131775
Himachal Pradesh,5,7,3,Luxury,287350.05379266344
Goa,12,11,2,Budget,68434.83341899184
Delhi,12,10,9,Luxury,755762.565648272
Delhi,12,10,4,Budget,70732.36675869014
Himachal Pradesh,1,7,9,Luxury,452802.7292794472
Rajasthan,4,11,6,Moderate,189250.43430843588
Agra,8,12,1,Moderate,35265.23936737415
Uttarakhand,1,14,3,Budget,66633.8112638417
Tamil Nadu,5,13,7,Budget,120640.03532678777
Delhi,12,8,9,Moderate,181666.50321066278
Himachal Pradesh,4,1,8,Budget,9591.74064789869
Himachal Pradesh,6,8,5,Budget,92928.81209473955
Agra,7,14,8,Luxury,684520.8385205126
Agra,9,1,2,Luxury,17680.69220377957
Kerala,1,3,3,Luxury,162689.1055656437
Kerala,11,9,8,Budget,146695.01184190772
Rajasthan,10,4,9,Moderate,78810.9758447372
Rajasthan,4,10,8,Moderate,165996.88870007085
Goa,6,13,4,Moderate,210131.56698848467
Rajasthan,10,9,6,Moderate,159312.73418746886
Maharashtra,7,1,5,Luxury,51554.29210210504
Agra,7,8,4,Luxury,274423.70338650147
Tamil Nadu,8,3,9,Budget,25443.517261745325
Maharashtra,10,11,3,Moderate,107622.47461729878
Uttarakhand,8,7,1,Budget,11015.631572824312
Himachal Pradesh,8,2,7,Moderate,31698.20682437372
Rajasthan,8,13,8,Moderate,212098.9137412271
Himachal Pradesh,12,7,3,Budget,45607.446633375395
Delhi,8,7,3,Luxury,200464.38556097963
Goa,6,9,6,Budget,103424.95311024581
Delhi,9,2,2,Budget,5692.037391871335
Goa,3,8,6,Moderate,149203.11262255913
Kerala,6,5,5,Luxury,273800.6849525898
Himachal Pradesh,5,10,7,Budget,145263.38566165717
Goa,8,9,9,Luxury,722008.5174894538
Karnataka,4,8,9,Luxury,420798.0036492512
Maharashtra,4,3,1,Luxury,39434.07451173659
Goa,10,3,7,Luxury,180776.16008337997
Goa,11,11,3,Moderate,209557.99108991007
Maharashtra,10,12,4,Moderate,167634.5197498205
Himachal Pradesh,5,10,2,Moderate,105194.04423335473
Himachal Pradesh,11,8,1,Moderate,29751.2110690558
Maharashtra,6,9,3,Moderate,114543.08683242521
Delhi,11,2,9,Budget,19450.19811080205
Karnataka,4,3,1,Luxury,30218.74491310548
Tamil Nadu,2,14,3,Moderate,137201.41398855628
Uttarakhand,12,14,5,Luxury,806096.0165711554
Karnataka,12,8,3,Moderate,86878.25789827589
Himachal Pradesh,2,2,4,Moderate,22905.375538790613
Tamil Nadu,12,8,4,Budget,50806.58411264299
Kerala,3,5,1,Luxury,59673.633204588674
Rajasthan,2,6,6,Moderate,81655.71197633607
Goa,1,14,7,Moderate,511057.48430225544
Maharashtra,8,10,7,Budget,103546.80783297957
Maharashtra,12,12,6,Luxury,919229.9004189163
Goa,5,4,7,Luxury,250764.49142200092
Rajasthan,10,3,3,Moderate,24512.79980053015
Uttarakhand,1,8,5,Budget,56904.093780799914
Rajasthan,9,9,7,Budget,69062.77294386126
Tamil Nadu,8,13,5,Moderate,163138.8506177658
Rajasthan,4,8,2,Luxury,157892.60954225945
Tamil Nadu,8,9,6,Moderate,133327.09179715352
Rajasthan,12,1,7,Luxury,66142.39682087634
Uttarakhand,10,5,2,Budget,15321.943705900016
Uttarakhand,7,12,8,Moderate,174342.53077347728
Himachal Pradesh,11,7,5,Moderate,100872.76272096694
Goa,11,8,8,Moderate,320853.75896153616
Uttarakhand,7,14,3,Luxury,338970.2850446822
Tamil Nadu,1,11,2,Luxury,271597.0825289296
Uttarakhand,6,2,7,Budget,22019.954658718103
Himachal Pradesh,4,12,5,Luxury,498348.3710047954
Maharashtra,10,11,5,Luxury,591312.4596055078
Tamil Nadu,10,14,8,Moderate,244214.00761249612
Himachal Pradesh,10,4,9,Budget,41446.707702260166
Delhi,11,7,8,Budget,65659.72168547264
Delhi,12,5,2,Moderate,37911.12786428245
Kerala,2,1,7,Luxury,62940.22253964504
Rajasthan,10,13,5,Luxury,594498.9816294608
Goa,7,14,7,Moderate,337854.262962215
Agra,9,2,3,Moderate,13951.731250382418
Karnataka,5,5,4,Luxury,169606.08279817353
Himachal Pradesh,8,6,7,Budget,63997.294124891465
Maharashtra,5,1,2,Moderate,7155.138396390503
Karnataka,7,12,2,Luxury,231290.97409828237
Maharashtra,7,3,1,Moderate,13743.920021145374
Karnataka,9,6,1,Budget,10745.147420059078
Himachal Pradesh,3,6,1,Budget,10087.801904868027
Agra,1,7,6,Luxury,301937.13581229746
Karnataka,2,10,5,Budget,64759.85345728782
Himachal Pradesh,12,12,8,Moderate,300165.6291543258
Uttarakhand,6,14,5,Budget,125326.44677749024
Agra,10,14,1,Luxury,107669.7917320368
Tamil Nadu,10,3,8,Moderate,45566.974118342754
Maharashtra,12,1,6,Budget,12725.033328773907
Delhi,9,13,8,Budget,131664.87286242156
Rajasthan,3,7,2,Budget,25600.73373185654
Delhi,10,12,8,Luxury,695746.7158013876
Agra,2,11,6,Luxury,467087.36944391514
Tamil Nadu,11,3,1,Budget,5539.9691754911855
Maharashtra,1,5,1,Moderate,23952.55866587081
Tamil Nadu,2,4,5,Budget,24307.553262401976
Karnataka,3,12,7,Moderate,248909.11013698622
Maharashtra,7,1,4,Moderate,14855.361700258074
Karnataka,2,12,5,Luxury,607248.2563108001
Himachal Pradesh,5,7,3,Budget,46832.037576014205
Agra,2,14,2,Luxury,248105.23840098066
Himachal Pradesh,7,13,2,Budget,50575.76766433068
Kerala,10,4,5,Moderate,56218.99047349458
Tamil Nadu,8,1,4,Luxury,35345.97171031965
Karnataka,8,11,2,Luxury,208958.44348562104
Uttarakhand,8,6,5,Luxury,218517.05864048176
Himachal Pradesh,10,4,9,Moderate,87402.55156671876
Kerala,9,13,8,Luxury,796614.1539859726
Goa,1,4,9,Budget,82110.80973196994
Delhi,12,2,9,Budget,20919.139784924348
Maharashtra,1,1,8,Moderate,23485.88937834943
Kerala,10,3,9,Luxury,184903.86932359816
Agra,2,10,4,Budget,56384.42532114599
Himachal Pradesh,11,5,8,Luxury,327292.99146081635
Agra,6,12,2,Budget,32859.07525044285
Delhi,1,9,9,Moderate,223093.50418678013
Uttarakhand,5,14,9,Budget,147894.2921621373
Tamil Nadu,5,7,3,Budget,26578.36676695697
Tamil Nadu,4,4,6,Budget,32950.41033063127
Agra,11,8,7,Moderate,156956.69890702644
Karnataka,5,12,3,Budget,53527.59872018636
Uttarakhand,12,4,5,Moderate,67330.0490501457
Tamil Nadu,1,6,1,Moderate,26259.050018687143
Uttarakhand,11,12,3,Budget,45366.743597715715
Kerala,11,1,8,Luxury,103795.64544005996
Uttarakhand,6,14,3,Budget,86569.05683084713
Rajasthan,7,6,8,Moderate,114352.40104096393
Delhi,8,10,9,Luxury,583128.7026454785
Tamil Nadu,2,5,6,Budget,38044.20382752701
Uttarakhand,7,14,7,Budget,99389.69149555676
Agra,6,2,6,Budget,12431.035167972184
Goa,9,1,8,Budget,11980.988343455252
Rajasthan,8,13,7,Budget,108177.7505631082
Rajasthan,11,6,1,Luxury,95670.5471016825
Karnataka,4,11,3,Budget,50879.60854956024
Uttarakhand,9,2,3,Moderate,17092.456631920097
Karnataka,1,9,3,Moderate,96349.86489219776
Karnataka,11,9,4,Luxury,351148.09486626514
Goa,6,1,1,Moderate,5109.007105962404
Kerala,8,5,2,Luxury,121628.48598131836
Uttarakhand,11,8,5,Moderate,102340.52165581533
Himachal Pradesh,11,4,6,Luxury,208340.28534818243
Tamil Nadu,4,3,9,Budget,26819.602426780482
Karnataka,2,5,2,Moderate,39355.44588607407
Delhi,11,5,9,Moderate,122709.1840177151
Maharashtra,2,8,7,Luxury,468010.34586456924
Delhi,10,6,9,Luxury,311438.1457199656
Goa,1,2,4,Luxury,119793.32495271886
Goa,5,11,7,Moderate,216921.3755299491
Agra,6,1,1,Luxury,8973.165062588543
Kerala,4,13,8,Budget,123136.2511624107
Tamil Nadu,4,3,7,Luxury,137339.30606514195
Karnataka,5,2,7,Budget,16135.677044158725
Delhi,5,4,2,Budget,14987.02845962157
Maharashtra,9,3,9,Luxury,175567.18645860918
Goa,8,9,8,Budget,100618.7006399367
Goa,9,5,1,Budget,10433.772017458035
Kerala,3,4,1,Budget,6819.926453333636
Maharashtra,3,10,5,Luxury,568804.02210278
Maharashtra,1,9,2,Luxury,244094.35109599878
Kerala,10,4,1,Budget,8005.46020370925
Goa,6,6,8,Moderate,143879.38567169913
Tamil Nadu,4,14,4,Budget,81143.12403814058
Uttarakhand,11,10,2,Luxury,180225.46704122322
Uttarakhand,8,1,5,Budget,6580.152436135801
Kerala,2,13,6,Budget,125836.81124668331
Maharashtra,11,2,8,Luxury,178575.02866074364
Karnataka,2,4,7,Luxury,227809.50856005243
Kerala,7,9,7,Moderate,174401.18635045103
Tamil Nadu,5,6,1,Budget,9735.475382504572
Kerala,1,6,3,Budget,51659.72036667566
Rajasthan,7,11,3,Budget,53955.79656363031
Delhi,7,9,7,Moderate,150663.50105925664
Maharashtra,10,12,2,Moderate,91045.35634891827
Agra,6,4,7,Budget,33749.57103447492
Agra,4,3,9,Luxury,157469.70023955868
Maharashtra,12,7,1,Budget,16088.256994598696
Tamil Nadu,8,12,2,Budget,35274.44948914774
Rajasthan,12,7,6,Budget,92453.43956553547
Rajasthan,11,9,2,Luxury,282319.5963788018
Goa,2,6,2,Moderate,48387.48616502781
Delhi,2,2,5,Moderate,26859.366548588463
Uttarakhand,2,6,7,Budget,45331.144963425606
Himachal Pradesh,3,8,4,Budget,46816.32072876575
Tamil Nadu,6,6,6,Budget,44699.27005555486
Himachal Pradesh,1,9,3,Luxury,299090.5139208477
Himachal Pradesh,11,4,4,Budget,26336.592720817196
Maharashtra,2,3,4,Luxury,134532.4978108165
Agra,10,11,4,Budget,57705.352910892
Agra,2,5,1,Budget,6507.51471615382
Uttarakhand,12,3,4,Budget,20709.838880171756
Maharashtra,1,11,4,Moderate,180033.3836852233
Himachal Pradesh,3,12,6,Budget,114580.65339065061
Karnataka,10,2,9,Budget,19073.061851560462
Agra,7,2,6,Budget,12799.82373529489
Tamil Nadu,1,4,6,Budget,31155.632418544308
Tamil Nadu,7,3,7,Luxury,166140.50918845023
Goa,5,9,7,Luxury,645100.3637899581
Kerala,9,14,1,Budget,30233.788700714165
Karnataka,2,7,8,Luxury,389943.7128306338
Agra,1,6,1,Budget,9433.917030719056
Rajasthan,9,10,9,Budget,87795.79960978992
Agra,8,12,4,Luxury,406075.42484361684
Goa,10,8,9,Luxury,527264.9224173654
Tamil Nadu,6,9,8,Budget,86353.18598537226
Himachal Pradesh,5,3,9,Moderate,87108.4401458837
Rajasthan,8,12,6,Budget,100582.11060037806
Maharashtra,8,10,9,Budget,111822.88025851891
Delhi,5,7,4,Moderate,94103.41119522405
Himachal Pradesh,12,9,3,Luxury,357537.6634515568
Delhi,7,1,3,Moderate,9655.348774777416
Karnataka,1,10,8,Budget,100517.62576209399
Kerala,4,9,2,Luxury,203995.1010290979
Rajasthan,2,14,6,Moderate,251770.05438212157
Uttarakhand,10,7,9,Moderate,106014.11676502229
Rajasthan,3,10,9,Budget,94690.59789108978
Agra,12,14,8,Moderate,270123.73143433844
Tamil Nadu,1,4,8,Budget,46518.30641355216
Agra,11,13,1,Luxury,131867.0861823271
Agra,11,11,7,Moderate,194211.1803113614
Karnataka,2,12,1,Luxury,152668.34625482556
Himachal Pradesh,1,6,9,Luxury,399169.4575015472
Uttarakhand,8,11,3,Budget,51945.270220804014
Uttarakhand,4,11,1,Moderate,38162.19906919985
Agra,3,6,8,Luxury,282082.64022608846
Delhi,1,6,7,Moderate,121048.2120754407
Karnataka,2,2,2,Moderate,13025.801982817964
Agra,3,5,7,Moderate,72749.5688356386
Kerala,3,7,5,Moderate,95888.87948678249
Tamil Nadu,6,6,7,Luxury,255880.53738467858
Himachal Pradesh,10,3,7,Moderate,52294.86290618148
Maharashtra,8,11,2,Budget,41699.40061770397
Kerala,6,12,2,Budget,48438.83718579035
Delhi,2,5,7,Moderate,77301.97218085409
Rajasthan,2,13,3,Moderate,133750.70752125938
Rajasthan,7,8,4,Budget,51895.4462853047
Kerala,1,11,7,Moderate,331844.37071762205
Agra,1,5,2,Luxury,102338.26285386481
Maharashtra,7,12,2,Moderate,94823.43492732575
Goa,9,10,9,Moderate,237207.30367819435
Goa,5,3,1,Luxury,35501.185470404125
Delhi,11,9,3,Moderate,106819.37052250278
Agra,1,11,4,Luxury,413286.50114975695
Uttarakhand,5,3,5,Luxury,137850.89494493522
Uttarakhand,11,2,3,Budget,7869.387424119207
Himachal Pradesh,1,6,9,Budget,60384.03700629097
Maharashtra,10,8,5,Moderate,150580.7285583729
Maharashtra,12,6,7,Budget,84985.13207333
Rajasthan,9,1,7,Moderate,18443.073838397293
Karnataka,4,8,9,Moderate,171796.436338524
Delhi,9,1,2,Budget,3240.4864255350067
Goa,2,9,3,Budget,55838.761294713375
Delhi,7,8,4,Moderate,87569.25665560244
Uttarakhand,12,6,8,Moderate,149762.3797577306
Uttarakhand,2,2,1,Moderate,5554.786533812803
Kerala,12,13,9,Luxury,1232229.7163571357
Himachal Pradesh,4,9,5,Moderate,150399.07787145607
Maharashtra,6,8,4,Moderate,130685.74800465889
Tamil Nadu,2,13,8,Moderate,236234.48862404932
Delhi,2,4,9,Budget,34366.99236318701
Uttarakhand,2,2,3,Budget,8824.222618608248
Karnataka,3,13,4,Luxury,499526.65521426155
Rajasthan,5,14,1,Moderate,55846.74489579653
Goa,9,6,3,Moderate,80339.8833487586
Himachal Pradesh,6,1,5,Moderate,18400.889221040623
Karnataka,12,7,8,Moderate,148044.77451521982
Himachal Pradesh,9,1,1,Moderate,4189.793268612829
Kerala,10,13,1,Moderate,59370.56358970565
Tamil Nadu,5,6,3,Budget,25083.47641056073
Uttarakhand,11,5,9,Luxury,274031.0728099713
Rajasthan,6,12,9,Budget,106861.41878730517
Karnataka,10,10,1,Budget,15953.087263158528
Himachal Pradesh,12,14,4,Budget,139131.2477502082
Maharashtra,8,3,8,Luxury,210644.48232875607
Kerala,3,6,2,Moderate,39489.188490135435
Maharashtra,2,4,4,Luxury,153133.9186552868
Rajasthan,3,14,7,Budget,138040.6745483737
Karnataka,9,12,7,Budget,113699.94401399426
Kerala,6,6,5,Budget,52326.20362773922
Karnataka,10,4,7,Budget,35048.46548650134
Uttarakhand,12,1,6,Moderate,20270.355876794423
Agra,4,5,2,Budget,14762.494029914073
Kerala,10,8,9,Budget,94332.05356396984
Maharashtra,3,6,5,Moderate,95928.52973675674
Rajasthan,2,10,2,Budget,34968.32136432801
Tamil Nadu,4,9,6,Moderate,144702.50000613567
Uttarakhand,9,4,5,Luxury,167660.5085920374
Agra,4,10,2,Moderate,56987.02370872746
Tamil Nadu,12,9,7,Budget,86620.2544639341
Goa,5,8,2,Moderate,60285.01368701049
Uttarakhand,8,3,7,Budget,23503.948029115403
Rajasthan,2,14,6,Budget,116928.94829616194
Himachal Pradesh,12,6,4,Luxury,366665.0157617984
Kerala,11,4,4,Budget,36212.442922818336
Karnataka,3,1,6,Budget,9496.04104082703
Rajasthan,6,9,9,Budget,78264.85693189946
Kerala,12,4,6,Moderate,97498.05594300765
Tamil Nadu,7,11,6,Budget,72229.71942727169
Karnataka,4,14,1,Budget,29708.360139384742
Delhi,1,5,5,Budget,42768.83325962628
Maharashtra,7,3,1,Luxury,35198.6037543022
Goa,12,4,9,Luxury,413456.83621915773
Uttarakhand,9,13,4,Moderate,160545.90658159478
Rajasthan,1,9,2,Luxury,301641.4520036067
Goa,1,7,9,Luxury,731000.9798440858
Himachal Pradesh,1,8,6,Moderate,118889.54703825484
Kerala,10,3,3,Luxury,106925.5133907991
Kerala,7,3,2,Budget,12817.323666406062
Rajasthan,11,14,6,Budget,182120.87177005064
Agra,9,7,6,Budget,53103.98126889415
Agra,3,8,9,Luxury,397653.21289382176
Delhi,8,14,5,Moderate,215971.94073823825
Maharashtra,9,5,9,Luxury,385505.648529163
Karnataka,3,1,5,Moderate,16531.17036641759
Himachal Pradesh,12,3,2,Budget,15558.52944685224
Goa,12,5,1,Moderate,36246.12657744446
Agra,3,3,9,Budget,25913.298532760786
Delhi,1,14,7,Luxury,942921.1535624658
Delhi,2,1,3,Luxury,26043.867058755503
Rajasthan,7,7,6,Moderate,93784.54091848087
Himachal Pradesh,3,1,4,Luxury,38875.11249467458
Tamil Nadu,7,10,9,Moderate,192396.3487867969
Karnataka,5,13,2,Luxury,243335.94435420263
Maharashtra,10,6,4,Luxury,259568.2892705091
Uttarakhand,8,6,1,Luxury,54392.98724531629
Rajasthan,5,14,7,Moderate,264463.4443158372
Karnataka,3,7,4,Moderate,77499.51068738125
Uttarakhand,9,12,5,Moderate,169630.9574674999
Uttarakhand,7,11,1,Luxury,109109.10500756884
Himachal Pradesh,5,1,2,Budget,5689.962027783066
Himachal Pradesh,7,11,4,Moderate,160693.37910627594
Goa,11,3,2,Budget,21020.10858862158
Delhi,10,12,1,Moderate,42379.387949789976
Karnataka,9,9,1,Moderate,29729.16435693178
Rajasthan,5,2,6,Budget,14452.627819359564
Kerala,7,14,2,Budget,51887.31982180682
Rajasthan,11,5,3,Luxury,227233.70356310386
Goa,9,3,5,Budget,27363.319314658936
Maharashtra,1,12,3,Moderate,160273.49386563207
Delhi,4,12,6,Budget,93863.09914510135
Kerala,1,13,7,Budget,204944.42496559786
Agra,8,5,6,Budget,29035.358901055362
Maharashtra,3,7,2,Budget,27449.304621320534
Himachal Pradesh,2,1,9,Luxury,62902.6818807451
Uttarakhand,4,3,2,Moderate,18725.43951392161
Agra,11,11,6,Moderate,184545.01261892068
Rajasthan,3,13,9,Moderate,212784.754932394
Rajasthan,11,6,9,Luxury,519171.24542408437
Himachal Pradesh,5,7,2,Budget,35914.50102628474
Goa,8,10,9,Moderate,268868.84582411434
Karnataka,10,3,8,Moderate,62223.494865412926
Agra,8,4,7,Budget,25265.41920084912
Agra,11,6,8,Moderate,114204.12410588122
Tamil Nadu,7,5,8,Budget,45357.45059167651
Maharashtra,8,11,1,Luxury,141932.3554412083
Delhi,5,9,9,Moderate,179100.1211738163
Maharashtra,10,13,6,Moderate,217443.71264100456
Karnataka,10,12,1,Budget,19997.150863155508
Rajasthan,11,1,1,Luxury,16140.933433715474
Rajasthan,12,13,7,Moderate,364592.03259706666
Rajasthan,11,5,2,Budget,21391.304743781977
Tamil Nadu,6,11,6,Luxury,480676.3588895103
Rajasthan,8,1,5,Budget,8033.3128653878275
Karnataka,1,8,5,Moderate,153407.14742294038
Himachal Pradesh,6,7,6,Moderate,165075.67628538914
Delhi,6,5,8,Moderate,80026.50366752144
Karnataka,11,6,5,Budget,51029.17418617203
Delhi,5,4,8,Luxury,195758.172772605
Karnataka,4,9,5,Moderate,150014.32628953096
Rajasthan,1,14,6,Moderate,349170.56396144716
Himachal Pradesh,11,3,8,Budget,32802.862328143
Agra,10,2,2,Moderate,12759.328670246909
Maharashtra,11,7,7,Budget,89207.7389326441
Uttarakhand,8,13,3,Moderate,95694.33889527828
Himachal Pradesh,6,2,9,Luxury,175267.50908583202
Agra,3,13,7,Moderate,208442.0384252772
Goa,12,6,3,Budget,51632.167627716466
Karnataka,3,11,8,Moderate,238798.79976005686
Goa,12,8,2,Budget,58946.04740489251
Agra,6,3,8,Budget,23745.82556042376
Himachal Pradesh,12,3,7,Budget,39468.47698782062
Karnataka,7,3,5,Luxury,139401.36502192984
Uttarakhand,8,1,4,Luxury,33289.589508273646
Rajasthan,5,9,1,Moderate,28291.30871991986
Karnataka,10,5,4,Budget,29290.41225661861
Karnataka,6,9,6,Luxury,409331.7439534655
Himachal Pradesh,12,5,6,Budget,52167.512140860235
Himachal Pradesh,1,7,2,Moderate,45087.58020763595
Agra,6,1,9,Budget,9247.755152820502
Kerala,9,9,1,Luxury,109781.36091780494
Karnataka,10,1,4,Luxury,33504.47870136674
Maharashtra,4,4,4,Budget,30385.80010583466
Karnataka,10,7,2,Budget,24433.65997045885
Agra,1,11,8,Budget,94455.64398938663
Delhi,11,12,2,Budget,54251.4448135855
Goa,9,9,2,Budget,35295.53940384609
Rajasthan,4,1,2,Budget,2923.595801218683
Kerala,2,12,1,Moderate,43763.12801277821
Uttarakhand,1,14,5,Moderate,201345.26711628388
Uttarakhand,3,13,4,Luxury,469865.9748949408
Uttarakhand,7,11,2,Budget,37395.864620122404
Himachal Pradesh,11,13,1,Moderate,55567.771709417
Uttarakhand,10,6,1,Budget,8383.19617667806
Rajasthan,2,11,2,Luxury,233363.04786920254
Goa,9,10,1,Moderate,47221.03654657184
Uttarakhand,12,11,9,Budget,152731.32518211674
Karnataka,11,5,2,Budget,22448.243795880175
Karnataka,2,3,3,Budget,16297.827211499542
Himachal Pradesh,5,10,9,Budget,152904.197346468
Rajasthan,8,2,5,Budget,14506.443509115685
Goa,12,1,8,Budget,17829.16830749434
Kerala,10,2,7,Luxury,134155.5078860913
Agra,8,12,6,Budget,91603.11194715547
Goa,3,13,2,Budget,54538.8068573881
Agra,2,4,4,Moderate,38158.04342989819
Delhi,9,6,9,Budget,56854.26980838688
Agra,3,12,7,Budget,94712.1920217229
Maharashtra,8,5,3,Moderate,55015.12071046719
Karnataka,2,14,6,Moderate,235703.5603392816
Rajasthan,3,4,8,Budget,34201.86853922488
Tamil Nadu,1,8,8,Luxury,483489.2761486029
Himachal Pradesh,11,12,8,Moderate,269650.1654965535
Maharashtra,6,7,8,Moderate,139802.26424376905
Agra,7,14,6,Budget,108355.62114868873
Uttarakhand,4,4,3,Moderate,31610.717510574024
Rajasthan,1,10,9,Budget,134063.01013020263
Maharashtra,3,13,3,Luxury,387485.8755227713
Himachal Pradesh,9,13,4,Luxury,541987.762486887
Karnataka,5,5,1,Budget,7911.435698092569
Rajasthan,6,12,2,Luxury,260072.7336648488
Himachal Pradesh,4,10,6,Budget,87478.46863724734
Delhi,1,5,1,Moderate,22567.232901697873
Delhi,5,3,9,Moderate,61515.87909401196
Himachal Pradesh,5,13,8,Budget,159553.37546283565
Maharashtra,5,9,2,Budget,30753.94905063743
Rajasthan,6,11,2,Moderate,65881.08044444786
Maharashtra,11,5,8,Budget,63241.23169161246
Kerala,2,12,8,Moderate,217649.93517249712
Agra,1,13,1,Budget,23096.31178687824
Kerala,2,10,5,Moderate,149684.28991292865
Delhi,10,2,2,Luxury,38270.104660430836
Karnataka,6,13,1,Luxury,163363.5054277669
Goa,5,4,3,Moderate,51869.867128846076
Agra,5,12,3,Moderate,101811.94523284928
Delhi,12,4,9,Moderate,94899.43054955725
Maharashtra,12,5,1,Moderate,25618.68029309267
Maharashtra,6,8,2,Moderate,64088.60130069997
Maharashtra,10,5,9,Luxury,379202.4895521851
Karnataka,7,1,5,Moderate,12913.008558649035
Kerala,9,2,9,Budget,20229.609668679903
Goa,7,3,6,Luxury,160605.65125056615
Maharashtra,2,3,3,Moderate,29029.805418286243
Tamil Nadu,6,10,8,Budget,73286.93841899718
Agra,9,6,9,Luxury,249960.37565956364
Rajasthan,7,9,2,Budget,31556.54863744813
Tamil Nadu,2,10,9,Moderate,157425.70813297105
Goa,3,1,4,Budget,6967.028844794759
Karnataka,8,6,8,Budget,56317.12810076126
Goa,11,9,5,Luxury,678535.0306336237
Rajasthan,9,4,6,Budget,34492.792656327365
Agra,4,10,4,Budget,52888.84752793851
Rajasthan,9,3,5,Luxury,119699.06524794003
Himachal Pradesh,2,13,1,Moderate,46699.54329331064
Agra,11,6,3,Budget,30766.952680137998
Goa,5,6,4,Moderate,82730.25093679754
Maharashtra,11,13,1,Luxury,183619.21833349348
Goa,2,2,3,Moderate,23231.532072972263
Goa,11,5,4,Budget,56594.33898696245
Agra,1,1,9,Budget,8817.590793980196
Himachal Pradesh,5,13,3,Moderate,167530.32975449253
Goa,2,9,3,Moderate,125423.14050695077
Tamil Nadu,7,9,4,Budget,56748.71048001311
Delhi,8,3,9,Luxury,171305.23810313898
Uttarakhand,2,5,9,Budget,46641.53206305406
Uttarakhand,7,3,1,Budget,5050.56543684702
Goa,4,7,8,Moderate,142921.11801994126
Tamil Nadu,1,13,1,Budget,25878.204035142688
Maharashtra,11,1,2,Moderate,8667.963694124544
Karnataka,3,5,5,Luxury,227598.283744808
Karnataka,11,6,6,Budget,52060.134336968906
Agra,12,14,2,Luxury,258228.12799496984
Uttarakhand,1,11,5,Luxury,458099.2860069504
Goa,5,12,3,Budget,80406.8205775416
Karnataka,8,14,7,Moderate,284846.4954216693
Goa,1,7,1,Moderate,52873.598807400995
Agra,9,3,5,Budget,20197.9563204787
Uttarakhand,3,7,3,Moderate,53126.39990337239
Rajasthan,5,4,2,Moderate,27872.71938854406
Delhi,9,10,3,Luxury,300599.62165895524
Delhi,5,11,4,Moderate,121797.01903817207
Karnataka,9,14,2,Moderate,112974.27347943967
Delhi,10,6,2,Budget,18668.183815950048
Rajasthan,8,5,3,Luxury,144934.60831741826
Goa,7,4,2,Moderate,38020.36663314054
Agra,11,6,6,Budget,45526.33354178443
Rajasthan,1,13,2,Moderate,133818.3231943985
Agra,4,12,1,Luxury,115128.47543716033
Agra,9,3,8,Luxury,145737.05164363864
Uttarakhand,10,3,4,Luxury,95157.62524322925
Goa,8,5,2,Luxury,145361.94413856947
Tamil Nadu,4,11,4,Luxury,382735.16569949116
Delhi,12,5,2,Luxury,109801.77648198692
Tamil Nadu,1,9,5,Budget,77826.26779345672
Uttarakhand,10,4,7,Luxury,196959.0220915269
Agra,4,5,6,Moderate,59592.68283512162
Karnataka,3,12,2,Moderate,78745.22061620782
Delhi,6,9,4,Moderate,96115.97343654284
Delhi,11,4,8,Moderate,76160.61499635872
Goa,5,13,7,Luxury,790345.5831337213
Himachal Pradesh,5,3,7,Luxury,218996.57531301983
Kerala,2,7,4,Budget,47121.979371547786
Kerala,12,7,1,Luxury,143738.14143872092
Kerala,3,8,7,Moderate,177651.36357490646
Himachal Pradesh,11,4,6,Budget,36802.78951891678
Goa,6,4,8,Budget,48857.020573457135
Himachal Pradesh,2,14,5,Budget,120676.94360209854
Kerala,4,14,8,Budget,129982.09381359036
Uttarakhand,2,9,8,Luxury,426411.26993395924
Rajasthan,9,10,9,Budget,96011.82609118702
Agra,3,7,1,Luxury,68933.35579129007
Himachal Pradesh,10,3,3,Budget,15961.522894474287
Goa,10,13,6,Luxury,862928.8323576038
Goa,6,9,4,Luxury,370105.59132070246
Tamil Nadu,1,13,8,Moderate,243019.90431264578
Rajasthan,11,5,1,Luxury,84433.35350234652
Karnataka,10,4,5,Budget,28253.042103917764
Delhi,3,1,4,Budget,5835.9284899250915
Kerala,8,9,1,Luxury,117449.93098951098
Karnataka,5,6,6,Luxury,261041.95657088546
Tamil Nadu,8,11,3,Luxury,264742.8032375506
Kerala,2,2,5,Luxury,90119.35141269847
Rajasthan,7,13,6,Moderate,228306.08637527208
Tamil Nadu,9,7,4,Moderate,76298.8031400277
Kerala,7,3,6,Moderate,49984.163359229686
Rajasthan,3,6,7,Moderate,108408.05286337154
Maharashtra,7,8,2,Moderate,54844.116675513484
Karnataka,8,3,7,Luxury,176636.7512290977
Karnataka,1,13,7,Moderate,299618.8798874698
Delhi,3,12,2,Moderate,69148.69376798144
Rajasthan,5,12,3,Luxury,339998.8241683647
Himachal Pradesh,12,5,3,Luxury,209264.47455709853
Maharashtra,6,14,1,Budget,26384.787851250836
Uttarakhand,3,6,1,Budget,8603.648920524467
Kerala,4,1,6,Budget,8082.535173534004
Maharashtra,5,10,9,Moderate,233581.02863899525
Rajasthan,3,7,9,Luxury,357738.6689715793
Agra,4,4,1,Budget,5207.272691918913
Kerala,5,10,7,Budget,111452.76347146624
Goa,2,11,6,Moderate,191955.1525196299
Karnataka,10,7,4,Budget,46194.90290175609
Rajasthan,9,7,3,Luxury,224409.22011167865
Goa,10,11,9,Luxury,690741.1030828289
Delhi,8,5,5,Budget,39890.1847612018
Tamil Nadu,12,8,8,Luxury,494554.8017338705
Uttarakhand,6,8,4,Budget,66138.90163497915
Uttarakhand,10,5,4,Budget,28220.994883451673
Goa,11,5,6,Luxury,471596.52176040574
Karnataka,3,7,6,Luxury,379939.32539736497
Delhi,11,6,3,Moderate,59169.761745252785
Agra,2,4,2,Moderate,22063.946773397907
Karnataka,7,2,9,Budget,22794.59116255047
Maharashtra,8,8,2,Luxury,165928.36679411246
Uttarakhand,10,3,9,Budget,24075.500178781058
Maharashtra,1,2,8,Moderate,55122.347257971254
Kerala,6,12,7,Budget,103503.36873086005
Himachal Pradesh,7,10,5,Luxury,461016.9443185206
Rajasthan,9,7,3,Luxury,211153.007912651
Delhi,12,10,2,Moderate,85962.64389372937
Karnataka,3,6,8,Budget,58779.55899452011
Uttarakhand,2,8,2,Budget,24324.598735217176
Maharashtra,5,13,8,Luxury,906414.5592882467
Tamil Nadu,10,14,5,Moderate,165122.1050955077
Kerala,1,6,9,Luxury,614783.4152740258
Rajasthan,6,7,4,Luxury,281330.8222540914
Rajasthan,9,2,8,Moderate,38395.66352326571
Karnataka,10,10,7,Luxury,469902.99821727263
Delhi,9,14,8,Budget,127628.79188136254
Agra,7,2,5,Budget,12814.591036742018
Tamil Nadu,11,6,2,Budget,19479.03253170698
Karnataka,7,9,7,Luxury,528014.6025908215
Maharashtra,8,14,3,Moderate,148358.17845971195
Himachal Pradesh,10,3,2,Moderate,22236.848193404545
Goa,2,11,3,Moderate,152348.0442122039
Agra,6,10,4,Moderate,117144.84223916527
Delhi,5,14,7,Moderate,249781.38643383022
Kerala,5,14,1,Luxury,167570.77977107605
Agra,3,13,6,Moderate,158530.49986809163
Uttarakhand,3,8,6,Budget,52560.00710258826
Delhi,6,5,8,Luxury,267201.48102286743
Himachal Pradesh,12,13,2,Budget,69689.18507295293
Uttarakhand,10,6,2,Moderate,39427.25330760795
Agra,10,6,1,Moderate,16498.305244246196
Goa,7,11,3,Budget,67535.01778991324
Goa,1,12,7,Budget,203903.70751112606
Himachal Pradesh,3,10,8,Luxury,662704.9950709535
Rajasthan,12,11,7,Moderate,314930.36743205163
Tamil Nadu,1,13,9,Moderate,304461.1640672472
Kerala,10,3,8,Moderate,62711.90309396913
Rajasthan,3,11,8,Budget,87039.44710604077
Goa,5,11,2,Moderate,89379.66930839732
Goa,9,5,1,Luxury,69964.83974298973
Maharashtra,3,12,6,Luxury,708488.3814522022
Uttarakhand,10,1,7,Budget,8661.019664955107
Agra,10,2,6,Budget,13011.545562557285
Kerala,9,10,7,Luxury,665020.1447882849
Himachal Pradesh,1,3,8,Budget,26645.488002945625
Agra,6,4,2,Budget,9860.541144690631
Maharashtra,9,13,1,Moderate,49304.20041586897
Goa,12,9,8,Luxury,936988.0950404252
Himachal Pradesh,5,1,8,Moderate,30343.882095625875
Goa,11,3,8,Luxury,283094.07003474544
Kerala,10,3,7,Moderate,59650.009155439104
Uttarakhand,2,13,2,Luxury,256795.6064298511
Agra,5,13,4,Luxury,342290.3852359177
Agra,1,6,9,Luxury,301790.6072858991
Rajasthan,9,5,8,Budget,45371.569712173354
Himachal Pradesh,10,3,4,Moderate,35069.81093767945
Tamil Nadu,10,4,8,Budget,33811.058378781076
Maharashtra,9,11,6,Budget,89727.62825050404
Tamil Nadu,6,7,9,Luxury,427756.36042377865
Rajasthan,11,3,1,Luxury,49435.627009474905
Kerala,9,9,6,Budget,85536.712767991
Maharashtra,3,8,4,Budget,57286.71095531632
Uttarakhand,4,13,3,Budget,61634.086726435264
Tamil Nadu,6,2,5,Luxury,87121.76897154783
Uttarakhand,4,5,8,Luxury,224072.70947961474
Tamil Nadu,1,14,6,Luxury,808703.3481765996
Uttarakhand,7,4,1,Moderate,13056.031354490944
Tamil Nadu,5,12,6,Budget,96113.55296186214
Uttarakhand,8,13,7,Budget,114722.15748267797
Rajasthan,9,5,6,Moderate,74854.14709579501
Delhi,5,3,3,Budget,14476.551328943147
Maharashtra,8,10,9,Budget,123180.16865581759
Himachal Pradesh,1,11,4,Budget,81436.93284219362
Kerala,1,1,5,Moderate,24810.54918941718
Karnataka,7,8,5,Moderate,126258.01900003455
Goa,6,9,3,Budget,60355.92480216883
Himachal Pradesh,5,8,2,Luxury,260879.65098914335
Goa,5,4,8,Budget,53010.34154846678
Maharashtra,9,12,7,Budget,113467.35149014472
Himachal Pradesh,1,2,5,Luxury,102357.29241551946
Uttarakhand,8,4,1,Budget,5837.643032856135
Uttarakhand,2,14,1,Budget,22837.659946565982
Karnataka,7,9,8,Moderate,174349.42633066958
Goa,6,10,4,Budget,84104.06266071065
Kerala,10,9,4,Luxury,356023.9621109773
Maharashtra,2,5,9,Moderate,101261.08093218594
Uttarakhand,12,5,2,Moderate,45200.367294077565
Delhi,3,10,5,Luxury,433435.6318762575
Rajasthan,4,3,6,Luxury,155658.57723247597
Rajasthan,7,14,6,Moderate,237608.42474492127
Tamil Nadu,8,6,3,Budget,29896.103390855867
Kerala,11,7,6,Budget,104113.98346859762
Rajasthan,2,12,5,Moderate,177376.22987855086
Tamil Nadu,8,10,8,Budget,84917.30703468314
Goa,11,14,4,Moderate,275067.9174527912
Uttarakhand,9,12,3,Luxury,293086.1754587076
Uttarakhand,7,9,6,Budget,69223.03426184865
Delhi,1,7,9,Budget,68890.00509412042
Himachal Pradesh,6,3,8,Moderate,89380.59117785608
Rajasthan,8,12,8,Moderate,219473.45018013124
Goa,5,13,3,Budget,87688.76546968866
Agra,12,7,1,Budget,13204.104705999369
Rajasthan,2,13,3,Budget,66924.53733486956
Kerala,5,1,3,Luxury,29207.026862600735
Himachal Pradesh,8,2,6,Budget,15422.04966374157
Rajasthan,2,4,3,Budget,17261.88666098417
Goa,1,7,2,Moderate,85285.66916758372
Rajasthan,4,9,9,Luxury,572213.8233814389
Kerala,4,5,6,Moderate,97406.30172913855
Agra,9,8,5,Budget,46050.85930671128
Maharashtra,3,7,3,Luxury,268037.118568538
Karnataka,4,5,7,Budget,49117.695283439585
Agra,3,13,7,Luxury,600140.3177649123
Tamil Nadu,2,3,4,Luxury,99058.35314713424
Rajasthan,4,3,2,Luxury,62573.053576338214
Uttarakhand,8,13,2,Luxury,243751.94250051156
Delhi,1,6,8,Luxury,426362.1390809556
Uttarakhand,8,10,4,Luxury,299528.74773401226
Agra,8,11,7,Moderate,180404.37762970614
Uttarakhand,3,4,3,Moderate,35512.507858196135
Goa,10,3,9,Budget,39804.404843230855
Uttarakhand,10,4,9,Luxury,197861.0107078165
Himachal Pradesh,12,3,7,Luxury,227004.53540534663
Maharashtra,12,13,7,Moderate,363165.14528360247
Rajasthan,6,12,1,Budget,21768.31708236835
Uttarakhand,4,10,8,Budget,78650.72103818195
Kerala,1,11,2,Moderate,109680.76819817287
Maharashtra,1,11,8,Moderate,282610.412165043
Maharashtra,5,13,2,Luxury,343812.4668112138
Uttarakhand,12,12,1,Moderate,49751.09217097924
Maharashtra,8,6,8,Luxury,435610.81190124474
Delhi,1,13,4,Budget,83398.22080488532
Uttarakhand,2,7,6,Luxury,268827.4746959855
Goa,7,4,1,Moderate,18570.73724797837
Agra,8,3,9,Luxury,159124.86252427445
Himachal Pradesh,12,3,7,Luxury,254323.1329609353
Karnataka,3,11,5,Moderate,164929.8472255311
Tamil Nadu,11,3,6,Luxury,167053.01403617545
Maharashtra,12,9,3,Budget,56793.927529925946
Goa,8,11,9,Luxury,814222.2144829864
Rajasthan,1,11,2,Moderate,100103.26428409872
Rajasthan,9,14,1,Moderate,55296.870026893324
Tamil Nadu,12,14,1,Moderate,58401.43962806426
Himachal Pradesh,2,12,2,Luxury,264960.681784793
Maharashtra,2,3,6,Budget,26199.44515684133
Delhi,4,3,6,Moderate,45959.76579759084
Tamil Nadu,12,8,9,Moderate,185453.1715093517
Himachal Pradesh,10,4,4,Budget,23819.893472366948
Maharashtra,3,7,8,Moderate,135857.90652501964
Goa,4,3,4,Luxury,129741.7788802191
Agra,6,8,3,Moderate,70524.53077275502
Delhi,7,3,4,Moderate,39803.17325505112
Karnataka,5,5,1,Luxury,54074.14947565538
Rajasthan,2,1,9,Budget,10247.365587022321
Kerala,3,12,5,Budget,91168.0521049082
Goa,10,5,7,Moderate,110540.74841450632
Rajasthan,11,6,3,Luxury,218422.51998268685
Uttarakhand,3,7,5,Luxury,285895.34738555044
Kerala,5,2,4,Budget,14492.340631904626
Rajasthan,12,2,7,Budget,22639.57225798028
Himachal Pradesh,11,14,5,Budget,101893.06016833987
Delhi,12,9,2,Luxury,214396.49007289714
Rajasthan,5,10,3,Luxury,306812.75330634124
Karnataka,4,1,8,Luxury,63323.57070515007
Agra,8,2,3,Moderate,17265.111338417784
Himachal Pradesh,6,2,7,Moderate,47691.619004367
Goa,6,13,5,Budget,111957.5595106699
Goa,1,10,7,Budget,152838.06368224908
Goa,6,7,9,Moderate,177100.56632480893
Goa,3,6,7,Moderate,138148.3047863728
Agra,6,9,6,Moderate,103864.36586101993
Rajasthan,10,11,1,Moderate,41176.26519564745
Maharashtra,11,7,4,Budget,55109.13626781951
Rajasthan,6,3,8,Moderate,59536.536971252164
Uttarakhand,2,3,1,Moderate,10558.505979235159
Delhi,1,1,6,Luxury,61751.562609445
Kerala,11,8,2,Budget,44342.98609975171
Maharashtra,3,1,9,Budget,10823.92426077791
Maharashtra,5,11,8,Luxury,706692.1404386126
Rajasthan,4,14,9,Budget,133381.02335318565
Maharashtra,7,2,9,Budget,20978.45517247564
Tamil Nadu,4,11,2,Moderate,77900.98861740084
Tamil Nadu,8,12,2,Moderate,75331.75427938494
Uttarakhand,7,7,9,Budget,52736.08646987264
Kerala,10,1,2,Luxury,26200.862300992838
Karnataka,9,12,4,Luxury,450720.31134290074
Agra,1,4,2,Budget,15514.442320347061
Rajasthan,5,9,1,Budget,15231.590566476792
Agra,4,8,7,Budget,53944.78055796504
Karnataka,6,11,5,Budget,87184.61228921163
Rajasthan,1,14,3,Moderate,194431.04895511875
Rajasthan,6,13,8,Moderate,263675.9326761688
Kerala,1,8,5,Budget,94977.34349806864
Agra,1,12,1,Luxury,123314.68488460405
Tamil Nadu,8,3,9,Moderate,60944.58111660004
Goa,2,5,5,Budget,49460.05730515545
Agra,10,4,3,Luxury,88615.27580285678
Delhi,6,11,6,Moderate,172670.75025872432
Delhi,6,12,8,Moderate,193064.50312883698
Rajasthan,6,8,2,Budget,23469.8014208339
Goa,8,11,3,Luxury,443458.7272888471
Himachal Pradesh,4,7,7,Budget,73612.62635853916
Karnataka,3,14,2,Moderate,105471.77341518356
Uttarakhand,6,7,5,Luxury,431552.86663270515
Goa,4,10,9,Moderate,209850.82748112464
Uttarakhand,2,10,7,Budget,74437.10150356265
Agra,6,7,3,Budget,25221.217258819426
Agra,10,1,2,Moderate,6182.251640564751
Uttarakhand,5,13,9,Budget,175665.50019990935
Karnataka,11,7,9,Budget,82584.71980385076
Goa,9,4,9,Moderate,106799.61255999732
Himachal Pradesh,11,12,3,Luxury,407879.25587041967
Rajasthan,6,3,1,Moderate,9365.02495330767
Kerala,3,13,9,Moderate,270437.26957566483
Agra,11,12,7,Luxury,575605.6343841628
Delhi,5,13,2,Budget,45430.13583561867
Karnataka,10,5,6,Luxury,241308.28227172713
Kerala,8,2,9,Moderate,45374.3615980711
Himachal Pradesh,9,8,8,Luxury,527716.669798218
Maharashtra,8,12,6,Budget,110431.83473318789
Rajasthan,3,12,6,Luxury,647274.2313420591
Agra,9,9,8,Luxury,409652.4743983428
Rajasthan,3,5,9,Moderate,86384.37747349127
Kerala,8,3,8,Luxury,188843.96221369144
Rajasthan,10,10,1,Moderate,33939.90460477818
Maharashtra,9,7,2,Budget,24787.887637159452
Kerala,7,1,6,Luxury,46275.70948598721
Agra,4,10,8,Luxury,502258.18582836713
Goa,10,3,4,Moderate,51860.47513219047
Delhi,9,9,4,Moderate,105187.446304925
Kerala,3,2,2,Budget,6609.128136358644
Tamil Nadu,3,11,1,Moderate,38920.603460480124
Maharashtra,2,14,9,Moderate,352485.8072131111
Kerala,10,9,7,Budget,83533.86065972727
Kerala,3,11,9,Moderate,217785.24865314696
Tamil Nadu,1,1,2,Moderate,7156.204155741425
Agra,4,4,5,Moderate,53879.739617012754
Kerala,8,12,2,Moderate,88955.41647120575
Delhi,5,10,7,Budget,89715.71275313669
Rajasthan,2,13,9,Budget,107162.85710886217
Agra,3,6,3,Moderate,45414.8372856584
Delhi,1,13,1,Luxury,150435.19161223367
Agra,2,7,4,Budget,31015.705624042817
Delhi,1,3,4,Luxury,113892.33212494056
Maharashtra,2,9,6,Moderate,165844.31952153484
Delhi,3,4,5,Moderate,56974.48146754553
Uttarakhand,1,5,5,Budget,30194.420900819554
Delhi,11,8,9,Luxury,531174.9455054393
Goa,9,12,1,Budget,29101.889921566253
Goa,10,14,8,Budget,151376.76080710834
Karnataka,5,3,8,Budget,24826.431606590864
Uttarakhand,8,8,8,Moderate,123415.10542706688
Uttarakhand,5,14,3,Luxury,572257.6061610284
Rajasthan,8,14,8,Moderate,217957.84882155675
Uttarakhand,7,11,2,Moderate,59435.045128472026
Rajasthan,12,1,8,Moderate,23738.0101991851
Karnataka,4,8,8,Budget,74118.48953428183
Karnataka,7,14,3,Moderate,146059.2053137357
Maharashtra,6,13,4,Moderate,208492.8871359712
Goa,3,11,9,Moderate,290881.2073609015
Delhi,9,11,9,Moderate,192351.5277994556
Delhi,12,12,9,Moderate,283169.4116557043
Tamil Nadu,10,10,6,Moderate,155799.27798360548
Tamil Nadu,9,8,1,Luxury,69470.57633647419
Himachal Pradesh,5,6,8,Budget,81177.81758991723
Agra,8,5,9,Moderate,76413.37347360274
Maharashtra,7,9,8,Budget,88170.34720432886
Himachal Pradesh,9,6,1,Luxury,59343.94227768424
Himachal Pradesh,7,1,6,Luxury,44022.61954765768
Kerala,4,12,9,Budget,143547.3698852463
Kerala,4,6,9,Luxury,369046.13570692163
Himachal Pradesh,11,1,7,Moderate,18581.31237349448
Uttarakhand,8,6,7,Luxury,264597.09072112414
Agra,6,3,4,Moderate,27532.556823534498
Maharashtra,9,6,7,Budget,57318.804823980754
Himachal Pradesh,10,13,5,Budget,89018.38786860883
Delhi,7,6,5,Budget,45249.257023174854
Agra,7,1,1,Budget,1683.3811707236916
Kerala,4,13,2,Budget,48429.31429599628
Delhi,3,9,9,Budget,93289.41414607454
Kerala,8,8,2,Moderate,59446.35323689235
Kerala,7,2,2,Budget,7478.662504339742
Agra,4,2,9,Luxury,96765.97303137786
Kerala,4,5,3,Moderate,59187.8284118908
Karnataka,1,10,2,Moderate,95402.50571934866
Goa,11,2,7,Moderate,71000.97355061195
Karnataka,7,11,9,Moderate,245391.62086467852
Goa,1,1,6,Budget,15837.79383842222
Tamil Nadu,10,2,7,Budget,17815.737499610706
Tamil Nadu,10,5,3,Budget,22654.72421243425
Kerala,4,11,3,Luxury,385557.7051973254
Maharashtra,11,10,8,Budget,139108.84790359298
Maharashtra,3,14,7,Budget,154832.6067597431
Goa,11,7,5,Luxury,521817.4689250837
Delhi,3,5,6,Budget,35284.93377720349
Agra,12,1,9,Budget,10166.23409007011
Kerala,1,7,3,Moderate,112817.8242128176
Agra,4,6,3,Budget,26229.371851722564
Karnataka,1,7,6,Luxury,375084.08618054615
Maharashtra,8,2,8,Moderate,49546.56407306733
Uttarakhand,1,5,5,Luxury,203752.53799343944
Karnataka,12,14,1,Luxury,159794.0994189467
Karnataka,6,8,3,Budget,40877.4878156
Goa,7,13,8,Moderate,287099.6992610515
Rajasthan,10,12,4,Budget,66573.56197306905
Karnataka,12,7,9,Moderate,188080.83054032997
Kerala,2,6,6,Moderate,118884.73505227432
Himachal Pradesh,4,13,4,Moderate,143247.38699090976
Himachal Pradesh,11,6,4,Luxury,210350.85094974044
Kerala,3,12,5,Budget,102322.51693035173
Rajasthan,9,1,7,Moderate,18941.4407848555
Rajasthan,7,1,7,Moderate,18269.57142453437
Goa,2,7,7,Luxury,466565.1161897138
Maharashtra,11,3,5,Moderate,69272.16813636248
Agra,12,6,9,Moderate,127042.40897018487
Rajasthan,6,12,2,Budget,39516.10194543821
Uttarakhand,9,5,8,Luxury,255850.71927902417
Goa,12,3,8,Luxury,272762.4976258371
Tamil Nadu,3,6,3,Moderate,60913.42538604446
Delhi,11,3,5,Moderate,48324.60989612759
Tamil Nadu,6,8,8,Luxury,431795.9989239086
Goa,3,14,9,Moderate,357238.94002504426
Karnataka,3,7,7,Moderate,110041.45401198011
Agra,4,9,4,Luxury,256054.7644726673
Delhi,9,5,4,Moderate,62288.028139772105
Tamil Nadu,11,12,3,Budget,72084.21869717506
Delhi,8,1,8,Moderate,19721.33636966748
Uttarakhand,1,11,6,Luxury,486624.53367327567
Uttarakhand,12,10,6,Budget,92710.33468044536
Uttarakhand,11,11,9,Moderate,215674.797274713
Goa,1,8,3,Budget,70793.22750923126
Agra,7,2,4,Luxury,54772.25598448873
Goa,3,6,3,Budget,31219.12099020405
Himachal Pradesh,11,1,3,Moderate,11645.564644528113
Karnataka,7,6,1,Moderate,24050.916482813747
Karnataka,9,4,6,Luxury,182800.07610263
Uttarakhand,3,5,9,Budget,38557.42992611748
Himachal Pradesh,3,10,5,Budget,86476.09565545333
Rajasthan,2,7,2,Luxury,128790.45909373551
Rajasthan,10,13,4,Luxury,458800.4822296021
Uttarakhand,1,6,6,Luxury,267819.9703489219
Tamil Nadu,9,1,7,Luxury,42141.322130036635
Goa,6,9,7,Moderate,189188.3332700055
Uttarakhand,6,6,4,Moderate,103555.5488228529
Maharashtra,8,6,5,Luxury,320575.539263888
Delhi,11,9,4,Luxury,370266.9824203641
Karnataka,5,12,6,Budget,108643.15408671832
Rajasthan,9,10,7,Moderate,188848.26153103373
Kerala,11,5,2,Budget,25522.71345424091
Rajasthan,5,11,3,Budget,53325.22364272743
Karnataka,2,6,8,Moderate,110825.44532500808
Delhi,6,6,7,Luxury,309335.5892504813
Karnataka,9,7,1,Moderate,25659.619304973727
Kerala,3,9,4,Budget,61270.209136704674
Uttarakhand,10,5,5,Moderate,64421.402317038315
Himachal Pradesh,4,5,3,Luxury,134012.5688331977
Kerala,10,4,4,Moderate,49139.97171955449
Karnataka,11,10,7,Luxury,665641.7494756093
Karnataka,8,4,8,Luxury,261081.5188490819
Maharashtra,6,12,9,Budget,146143.76246492646
Maharashtra,7,8,2,Budget,29417.246933605893
Agra,7,13,4,Luxury,381297.4357419578
Maharashtra,4,2,1,Luxury,23955.473596705007
Goa,12,10,3,Budget,98492.9121090135
Himachal Pradesh,6,8,8,Luxury,757988.543145393
Delhi,12,2,7,Moderate,39374.55067399866
Kerala,9,1,8,Luxury,53316.32022736122
Karnataka,3,10,6,Luxury,564966.8354309612
Agra,8,13,5,Budget,83925.53875573307
Agra,7,9,9,Budget,80212.35898063883
Delhi,4,11,5,Budget,70270.52547212667
Himachal Pradesh,10,8,9,Moderate,171333.3290773855
Kerala,3,6,4,Luxury,225170.12676277754
Rajasthan,7,4,5,Luxury,143385.51203000647
Maharashtra,10,2,1,Budget,3767.903709933397
Uttarakhand,9,8,6,Luxury,389436.63456652156
Agra,12,3,3,Luxury,80008.8520283108
Maharashtra,10,10,2,Moderate,81838.30306250732
Maharashtra,3,4,6,Luxury,258643.61979464645
Goa,10,5,1,Moderate,19635.882687170146
Himachal Pradesh,9,13,9,Luxury,874210.7812546846
Uttarakhand,8,4,5,Budget,26349.237150386416
Rajasthan,12,11,7,Budget,133991.48434502698
Karnataka,3,8,9,Luxury,459992.20302985614
Goa,8,9,9,Budget,93839.23007568723
Maharashtra,12,14,7,Moderate,320418.4494598675
Maharashtra,4,14,4,Budget,97662.93554930767
Tamil Nadu,6,14,4,Moderate,167301.83505028175
Uttarakhand,12,1,7,Luxury,61406.34271489572
Uttarakhand,10,2,8,Luxury,102245.44780062477
Tamil Nadu,2,12,7,Budget,103763.50563940252
Uttarakhand,8,4,4,Luxury,138336.0577591301
Maharashtra,9,1,4,Luxury,44000.42653845495
Agra,7,11,8,Moderate,175728.25105482546
Kerala,8,6,9,Moderate,138200.6800070674
Maharashtra,7,12,7,Luxury,704320.1862816128
Goa,11,5,3,Budget,44881.999948137374
Himachal Pradesh,10,13,1,Budget,28154.296431715295
Tamil Nadu,4,7,5,Budget,48536.82169009633
Rajasthan,1,12,6,Luxury,855575.4940374447
Karnataka,3,6,9,Budget,61348.20787227758
Rajasthan,7,14,5,Budget,86370.20631176213
Maharashtra,11,14,1,Luxury,217521.6539476273
Goa,11,3,4,Moderate,75800.38619523872
Maharashtra,7,5,2,Moderate,40182.67979838989
Himachal Pradesh,11,3,4,Luxury,105008.90128322996
Agra,3,9,7,Moderate,130244.45142462931
Karnataka,1,2,9,Budget,22379.369369874566
Himachal Pradesh,10,6,3,Luxury,176909.08129707637
Tamil Nadu,9,9,3,Luxury,220723.6244866498
Tamil Nadu,12,10,4,Moderate,127931.34546394668
Maharashtra,6,7,7,Luxury,473889.4738844871
Goa,12,5,6,Luxury,490850.21136646153
Himachal Pradesh,7,2,5,Budget,15156.858366406728
Delhi,1,2,4,Luxury,92941.42717801308
Goa,1,4,8,Luxury,481292.41664742056
Agra,4,10,4,Luxury,297384.0657035198
Tamil Nadu,7,12,3,Luxury,366948.20741452556
Maharashtra,11,2,7,Moderate,45626.938961705244
Uttarakhand,11,12,2,Luxury,248726.7712912196
Tamil Nadu,8,13,4,Budget,80903.44685749483
Karnataka,10,13,8,Moderate,227543.990674355
Kerala,9,8,4,Luxury,311696.67581485736
Uttarakhand,1,10,7,Moderate,166580.60785739517
Maharashtra,4,7,2,Luxury,152076.55833700497
Delhi,4,7,5,Luxury,302000.3162520553
Uttarakhand,3,3,4,Moderate,32980.831407213176
Karnataka,7,7,9,Moderate,131127.45273119386
Goa,1,8,7,Moderate,248766.34444531272
Delhi,9,5,9,Moderate,94962.33947150811
Tamil Nadu,8,1,7,Budget,7599.534723664144
Delhi,2,1,2,Moderate,6012.108117654402
Himachal Pradesh,2,12,2,Budget,46872.569625415665
Karnataka,8,11,2,Luxury,237680.36187835704
Uttarakhand,11,14,5,Luxury,527541.9406194569
Himachal Pradesh,1,4,1,Moderate,13746.488986593651
Delhi,7,2,7,Luxury,105813.06229865146
Himachal Pradesh,9,7,2,Budget,26244.966556779174
Rajasthan,12,13,4,Budget,115320.34378347013
Karnataka,3,3,9,Moderate,57651.60011901044
Agra,7,12,8,Moderate,207824.57647425766
Goa,6,4,2,Moderate,36301.34862225872
Delhi,7,9,4,Budget,51239.39407162834
Karnataka,7,2,4,Moderate,25862.64670931798
Agra,10,12,2,Budget,31468.081446953518
Agra,1,8,2,Budget,23350.14548050209
Maharashtra,3,1,5,Luxury,55976.97124167807
Himachal Pradesh,10,3,4,Luxury,127404.12484500693
Agra,1,4,8,Moderate,78011.55339291572
Rajasthan,5,14,4,Moderate,182159.4553451522
Karnataka,3,6,8,Moderate,125165.44859011336
Kerala,1,1,5,Moderate,26593.844857531745
Kerala,2,14,1,Budget,31291.65781185971
Delhi,10,8,9,Moderate,165660.91514360206
Tamil Nadu,5,2,8,Luxury,113824.81419659268
Himachal Pradesh,11,5,1,Moderate,19009.666034674025
Tamil Nadu,3,6,3,Budget,28398.01163264412
Agra,6,8,3,Luxury,184674.9443828244
Karnataka,9,3,5,Luxury,147630.8297096437
Delhi,6,12,7,Moderate,227939.38588068666
Uttarakhand,2,9,1,Luxury,75154.4130559818
Agra,2,12,1,Luxury,103043.44305393929
Himachal Pradesh,8,5,6,Moderate,77072.55919976509
Kerala,11,8,5,Moderate,171022.07629873717
Maharashtra,8,4,3,Budget,22100.930433061607
Karnataka,6,12,3,Luxury,373197.8594635589
Goa,10,9,4,Moderate,131244.31247748414
Tamil Nadu,7,8,2,Luxury,141867.2005724665
Delhi,1,5,9,Moderate,99603.44728342631
Tamil Nadu,12,3,4,Budget,19486.634418759575
Karnataka,9,1,3,Moderate,9903.020187422897
Tamil Nadu,5,5,7,Moderate,78393.11382344487
Karnataka,9,5,9,Budget,52648.56357176225
Tamil Nadu,2,4,2,Moderate,23486.101773275434
Rajasthan,8,10,6,Budget,83854.0076177835
Uttarakhand,7,10,5,Luxury,428095.023998126
Agra,11,8,1,Luxury,88764.94854942162
Agra,4,3,7,Luxury,127881.61621657325
Himachal Pradesh,3,12,1,Moderate,41218.198656894354
Goa,4,10,9,Budget,137261.84485538496
Goa,4,9,4,Moderate,148104.1554441506
Himachal Pradesh,10,3,8,Moderate,54770.70878537679
Maharashtra,10,4,1,Moderate,15039.199319644727
Agra,8,6,5,Budget,31132.550299303344
Maharashtra,4,9,3,Moderate,92585.35106537731
Karnataka,5,10,4,Moderate,134569.84080932496
Karnataka,2,2,4,Budget,13068.859775335904
Kerala,4,2,8,Budget,23716.8047022175
Tamil Nadu,7,2,3,Luxury,50604.77021647903
Goa,3,5,1,Budget,12217.275648811437
Kerala,1,6,5,Luxury,382811.4805057833
Uttarakhand,8,3,2,Luxury,55747.35756601738
Himachal Pradesh,8,3,6,Moderate,50788.909982876285
Himachal Pradesh,6,2,4,Moderate,39846.4109862117
Karnataka,7,11,9,Moderate,233072.50748339458
Agra,10,6,7,Moderate,80111.58496064719
Maharashtra,11,1,2,Moderate,10966.103288749984
Goa,2,9,7,Moderate,217688.3391223163
Kerala,5,11,8,Moderate,218821.8298842718
Maharashtra,12,10,3,Luxury,448169.57736395835
Kerala,7,4,3,Luxury,147364.68577936536
Tamil Nadu,9,14,2,Moderate,98057.68459434634
Uttarakhand,1,2,1,Moderate,6507.923186090544
Uttarakhand,3,13,3,Luxury,344758.71962850966
Maharashtra,6,12,7,Luxury,653441.0710994821
Maharashtra,7,6,9,Budget,61195.9896307048
Maharashtra,6,5,9,Budget,64909.172942138444
Kerala,1,3,6,Moderate,87555.90115881443
Tamil Nadu,4,13,6,Moderate,165569.73806164053
Rajasthan,6,3,5,Moderate,42599.0392583469
Maharashtra,8,5,2,Luxury,114144.61036652156
Agra,10,4,7,Moderate,55475.088418051324
Goa,4,5,1,Moderate,22882.075609949905
Goa,7,2,6,Moderate,38314.832382477805
Kerala,11,11,4,Budget,103837.32598489271
Maharashtra,3,1,3,Budget,6414.724857510106
Karnataka,8,5,1,Moderate,15946.207488086675
Himachal Pradesh,1,11,6,Luxury,553494.3891240472
Rajasthan,4,1,7,Budget,8603.77625746712
Agra,8,3,1,Moderate,8837.869828338464
Tamil Nadu,10,8,1,Budget,13822.714902736301
Karnataka,4,11,7,Luxury,513155.01160752337
Uttarakhand,2,8,6,Luxury,385516.6384331311
Karnataka,2,9,7,Luxury,489541.16767098656
Kerala,4,1,8,Luxury,63404.7857373586
Rajasthan,4,4,8,Moderate,71986.92049873283
Delhi,2,6,9,Luxury,334536.53969902685
Delhi,7,7,9,Moderate,119865.09940230669
Maharashtra,6,5,7,Luxury,309107.06790840183
Maharashtra,11,13,9,Moderate,345459.60665783176
Kerala,3,7,6,Luxury,374384.74554389715
Tamil Nadu,8,11,9,Moderate,167430.33877102772
Maharashtra,8,10,2,Budget,35481.794981691775
Himachal Pradesh,1,8,2,Moderate,62320.23234541838
Rajasthan,3,10,6,Moderate,153677.66318572973
Kerala,5,6,3,Luxury,208566.336801171
Goa,2,11,2,Luxury,254311.21269521335
Uttarakhand,12,4,8,Budget,49362.50436299976
Kerala,12,1,7,Luxury,82619.89420814258
Kerala,5,11,8,Moderate,242879.5485686917
Delhi,11,5,6,Luxury,248355.9579296681
Agra,10,10,9,Luxury,461744.9263283763
Tamil Nadu,3,10,9,Moderate,157850.79391536795
Agra,9,10,2,Budget,29608.45797665398
Himachal Pradesh,11,4,5,Luxury,176522.96633188913
Goa,1,5,9,Luxury,476920.772886532
Delhi,4,4,3,Moderate,38098.98993152789
Goa,10,9,5,Budget,69454.99709553913
Himachal Pradesh,6,3,8,Budget,45460.66475808508
Agra,9,3,2,Luxury,58046.14958098364
Kerala,3,10,6,Moderate,196743.82263573966
Maharashtra,3,7,4,Luxury,340499.27095437056
Maharashtra,12,2,6,Moderate,50763.896055262914
Karnataka,5,9,3,Moderate,100562.45771312229
Uttarakhand,7,8,6,Luxury,319207.23256941786
Tamil Nadu,5,12,7,Moderate,178390.799933269
Himachal Pradesh,11,14,3,Luxury,470920.98179372697
Uttarakhand,8,6,5,Budget,38300.751427824616
Tamil Nadu,5,14,8,Budget,136059.17514097271
Uttarakhand,7,13,2,Luxury,265379.3960499222
Agra,6,9,7,Budget,73952.62235244527
Tamil Nadu,10,11,1,Budget,17203.221940994034
Agra,2,3,7,Budget,19621.64824250936
Kerala,3,4,1,Budget,8427.065328427663
Delhi,11,7,4,Moderate,98178.01722980279
Agra,11,1,4,Luxury,41500.3102569985
Maharashtra,4,13,5,Luxury,724755.0964736831
Uttarakhand,5,1,2,Budget,4803.528914298477
Karnataka,9,1,6,Luxury,50966.97593305383
Rajasthan,6,12,6,Luxury,571461.3399291141
Tamil Nadu,1,8,8,Luxury,545667.4421604952
Himachal Pradesh,3,13,1,Moderate,49576.21029268823
Karnataka,7,6,4,Budget,42269.126556603675
Maharashtra,8,3,2,Luxury,61788.79355711791
Agra,7,10,8,Moderate,149391.3482174574
Delhi,5,7,4,Budget,45833.74631698561
Kerala,10,6,8,Moderate,113940.55131340353
Rajasthan,8,5,2,Moderate,32242.19549232847
Goa,9,3,4,Moderate,39153.28660888609
Karnataka,7,14,9,Luxury,789242.93138922
Delhi,11,4,5,Budget,31771.870846376038
Goa,9,13,6,Budget,140807.6523609604
Rajasthan,1,13,9,Luxury,1164470.315131341
Himachal Pradesh,9,11,9,Budget,110996.36873213662
Himachal Pradesh,3,11,7,Budget,109430.30247954567
Uttarakhand,6,1,2,Moderate,8328.996150231405
Rajasthan,8,9,7,Luxury,453966.45616602566
Rajasthan,3,5,9,Moderate,98626.46700168402
Goa,4,2,2,Budget,9121.695142460132
Delhi,7,12,7,Budget,113608.93631809755
Tamil Nadu,12,11,7,Luxury,688626.3263342468
Goa,7,9,3,Moderate,114937.18826290859
Kerala,4,12,6,Moderate,219983.74141117613
Himachal Pradesh,9,7,8,Moderate,130357.27517462091
Himachal Pradesh,3,14,8,Luxury,770435.6099925807
Uttarakhand,12,14,3,Moderate,186782.24927032684
Kerala,8,8,6,Moderate,153389.27166499678
Himachal Pradesh,8,13,2,Budget,49258.833794127764
Goa,4,3,2,Budget,11897.12690646487
Kerala,7,14,8,Moderate,332241.51791884133
Goa,4,7,5,Moderate,110173.63222587606
Tamil Nadu,12,11,5,Budget,95960.5843288784
Tamil Nadu,1,1,4,Luxury,36887.350276680525
Himachal Pradesh,1,6,4,Budget,37507.2337152638
Himachal Pradesh,1,10,8,Moderate,193324.69337095798
Delhi,2,6,3,Luxury,178402.64482701462
Tamil Nadu,6,11,3,Moderate,99382.01344297743
Karnataka,12,10,8,Moderate,209136.92104678907
Karnataka,10,12,3,Moderate,102977.5129251825
Uttarakhand,11,6,2,Luxury,116571.54959569767
Tamil Nadu,5,3,5,Moderate,39658.48485934816
Goa,11,6,3,Luxury,314447.65390451846
Goa,2,14,6,Budget,132587.53341382922
Maharashtra,8,3,7,Luxury,203170.28050729193
Kerala,9,10,3,Moderate,117575.21306159048
Agra,7,9,9,Moderate,160061.4411080304
Karnataka,12,7,1,Budget,14230.467267664511
Himachal Pradesh,12,14,7,Budget,201743.27129642345
Uttarakhand,9,13,4,Budget,81021.2163736335
Agra,4,4,7,Luxury,181647.16027873073
Rajasthan,7,3,9,Luxury,146992.13834061156
Uttarakhand,5,6,9,Luxury,461879.30055270414
Rajasthan,5,9,1,Luxury,95580.33003876095
Tamil Nadu,3,3,4,Budget,17900.626857271913
Rajasthan,9,8,7,Moderate,124367.76905230376
Rajasthan,10,6,6,Moderate,97499.39679750439
Delhi,5,4,9,Luxury,229466.78314672125
Delhi,6,5,7,Budget,44193.2873994639
Delhi,3,3,3,Budget,15143.49618540531
Tamil Nadu,10,14,7,Budget,114691.4689734499
Agra,7,2,5,Moderate,22717.035207983274
Uttarakhand,9,9,2,Moderate,51584.60655045879
Uttarakhand,9,13,3,Luxury,356677.5642036801
Himachal Pradesh,10,3,6,Moderate,53821.68163754137
Delhi,10,6,6,Budget,46144.38834309402
Tamil Nadu,5,5,7,Moderate,77297.58913279418
Himachal Pradesh,7,10,6,Moderate,177162.55788574327
Kerala,12,11,9,Moderate,336316.2232918801
Himachal Pradesh,12,8,5,Luxury,581699.5459826378
Agra,3,5,5,Moderate,61736.55949734044
Karnataka,6,11,8,Luxury,652432.8638230935
Rajasthan,12,8,8,Moderate,194572.56219290505
Delhi,8,11,1,Luxury,119299.30082704725
Karnataka,8,5,3,Budget,23438.476508065298
Himachal Pradesh,2,11,6,Budget,92690.86687149922
Tamil Nadu,6,10,6,Budget,75100.8914152854
Rajasthan,7,13,1,Luxury,135597.1183297744
Uttarakhand,12,6,2,Budget,27906.199818933528
Goa,7,5,7,Luxury,291006.7488139962
Rajasthan,3,2,1,Luxury,18904.17191742514
Agra,9,10,5,Luxury,322954.92278475437
Agra,2,10,1,Budget,16425.75017348005
Himachal Pradesh,11,6,6,Luxury,272546.83028044144
Kerala,3,14,7,Moderate,313209.14096057485
Agra,11,7,8,Budget,74741.91294907268
Agra,2,3,3,Moderate,27885.342715262832
Tamil Nadu,11,3,3,Budget,18345.976425441273
Himachal Pradesh,9,12,1,Luxury,122395.76965644368
Rajasthan,4,7,3,Luxury,207821.84212237745
Kerala,2,11,5,Luxury,512110.9507468551
Karnataka,3,10,6,Budget,89039.78626210576
Goa,4,4,3,Budget,23614.141783295476
Delhi,10,2,4,Luxury,68898.9713275173
Uttarakhand,6,9,5,Budget,90412.38560806526
Agra,5,14,5,Moderate,167725.1543450342
Himachal Pradesh,3,13,9,Luxury,857842.1056257932
Delhi,10,9,8,Moderate,171166.92867430617
Uttarakhand,8,6,1,Moderate,20108.400786298218
Uttarakhand,8,14,2,Budget,40633.53392428593
Karnataka,7,2,5,Moderate,27401.74127104123
Karnataka,3,3,3,Luxury,100306.2445650291
Karnataka,1,5,7,Moderate,93265.46586766397
Maharashtra,5,11,6,Budget,93750.18442701161
Maharashtra,1,11,2,Budget,46865.891503487415
Uttarakhand,6,5,8,Luxury,396550.15087703324
Karnataka,11,13,5,Luxury,589788.4400489663
Tamil Nadu,7,9,6,Luxury,341772.46235607396
Agra,12,10,8,Luxury,515559.1735470949
Delhi,5,3,6,Luxury,132355.69376756667
Delhi,4,2,3,Moderate,19239.205773941863
Maharashtra,2,10,7,Moderate,234276.2954952275
Uttarakhand,5,8,4,Budget,60289.03278981166
Himachal Pradesh,9,7,6,Moderate,112115.07211351002
Rajasthan,4,12,6,Luxury,620921.7538824193
Rajasthan,2,9,5,Luxury,365047.69263619324
Maharashtra,6,3,1,Budget,5622.901540623161
Himachal Pradesh,8,6,8,Luxury,387112.7801498231
Maharashtra,2,5,2,Budget,16971.9501157337
Rajasthan,9,5,4,Moderate,54236.30001565072
Himachal Pradesh,7,10,3,Moderate,106759.39787468796
Karnataka,2,8,6,Moderate,117314.3973976243
Uttarakhand,11,1,1,Budget,1482.7927619324892
Delhi,5,1,9,Luxury,54885.107062176015
Tamil Nadu,5,3,5,Budget,19184.726845483216
Kerala,7,11,5,Moderate,200963.99704979642
Uttarakhand,5,2,4,Budget,16034.1736145893
Karnataka,11,2,4,Luxury,77995.57560525613
Rajasthan,6,2,1,Budget,3207.4177541707977
Karnataka,9,4,9,Moderate,82711.5506245014
Maharashtra,3,1,9,Luxury,72396.38677422535
Himachal Pradesh,3,10,4,Moderate,124571.91066189676
Delhi,8,9,4,Luxury,355669.9466297578
Agra,10,14,7,Luxury,699531.7323501011
Maharashtra,12,5,4,Moderate,88611.85766034499
Uttarakhand,6,5,1,Moderate,22819.258488068732
Maharashtra,12,9,9,Moderate,263373.98727038037
Uttarakhand,10,14,2,Budget,46161.13508716577
Agra,3,5,5,Moderate,54877.829426831035
Goa,2,13,4,Luxury,593758.8387239337
Delhi,2,13,8,Budget,116434.38512302095
Tamil Nadu,2,11,6,Budget,92492.03997633808
Tamil Nadu,5,14,7,Budget,100006.73604790834
Kerala,12,8,2,Budget,51666.67603912961
Karnataka,5,11,4,Budget,70696.84498185558
Goa,1,1,4,Budget,10745.372256631535
Tamil Nadu,2,1,2,Moderate,6964.7350573873955
Maharashtra,2,4,4,Luxury,148248.2424879267
Karnataka,4,8,9,Moderate,151157.81973658784
Goa,7,3,8,Luxury,226555.26328255964
Himachal Pradesh,3,1,1,Budget,2086.7842910984955
Himachal Pradesh,5,11,8,Moderate,273949.48311726813
Karnataka,11,12,9,Moderate,325842.7070868198
Uttarakhand,9,9,8,Moderate,129709.64519490062
Uttarakhand,5,9,1,Luxury,118548.83903295116
Maharashtra,9,9,8,Budget,86411.14015622766
Goa,1,9,5,Budget,106836.08297960613
Goa,9,2,9,Budget,27317.320965765004
Karnataka,5,14,9,Luxury,940857.3917469335
Rajasthan,8,14,6,Moderate,228124.34008755477
Himachal Pradesh,5,11,3,Luxury,540319.9351628829
Goa,12,11,7,Budget,181424.2441106517
Karnataka,6,11,3,Luxury,357644.69273686456
Agra,8,4,7,Luxury,155087.4953468364
Kerala,2,2,8,Luxury,120891.91885546647
Agra,3,7,5,Budget,42190.15824490506
Delhi,11,11,5,Moderate,200220.61270899462
Maharashtra,9,3,4,Budget,20356.377457620172
Goa,5,9,3,Luxury,375322.30126015685
Delhi,5,7,8,Moderate,136375.20502143182
Tamil Nadu,9,8,6,Moderate,119974.97624520898
Delhi,10,9,6,Budget,67276.63934579249
Karnataka,3,8,2,Budget,29318.32246720537
Goa,4,7,4,Moderate,112660.51537883526
Kerala,7,9,5,Luxury,455221.98974452156
Karnataka,2,11,5,Budget,83504.98538524575
Karnataka,8,1,3,Moderate,9691.751124073355
Maharashtra,5,11,5,Moderate,202355.36173215212
Maharashtra,1,4,5,Luxury,224376.4851839988
Himachal Pradesh,3,4,2,Moderate,29966.35047137608
Himachal Pradesh,9,5,5,Budget,37677.05842341107
Uttarakhand,5,8,3,Moderate,108172.23623994965
Rajasthan,8,10,3,Luxury,291201.6935258505
Goa,1,1,5,Luxury,89642.8033160334
Goa,7,6,9,Luxury,496884.17140858824
Delhi,7,9,2,Budget,26576.60913810246
Goa,8,10,9,Budget,123511.76471229122
Goa,3,8,3,Budget,54198.36697623585
Rajasthan,1,2,7,Moderate,57192.95753853936
Tamil Nadu,11,7,1,Luxury,75573.54568463116
Himachal Pradesh,9,5,1,Luxury,56681.37560606477
Himachal Pradesh,1,2,8,Luxury,108711.09702884841
Kerala,11,11,9,Budget,199413.87268052972
Goa,6,1,3,Luxury,31017.8128656313
Rajasthan,9,2,6,Moderate,28838.879768567233
Himachal Pradesh,2,11,3,Moderate,109780.07253309958
Rajasthan,4,10,6,Budget,72161.85188470813
Agra,2,6,7,Budget,50365.480936198976
Tamil Nadu,4,11,5,Budget,67024.89922822097
Goa,2,12,3,Luxury,419332.9661361422
Kerala,12,8,8,Luxury,675583.4548878978
Delhi,1,3,5,Luxury,170553.72437579592
Himachal Pradesh,11,5,1,Moderate,18494.27609346863
Agra,3,11,9,Moderate,165468.39628760627
Rajasthan,8,2,3,Luxury,52381.482609042374
Maharashtra,5,12,2,Moderate,98219.57640101819
Karnataka,4,8,3,Moderate,91372.02504499714
Goa,5,4,7,Budget,50373.29672772281
Goa,6,11,8,Luxury,883786.166439074
Agra,6,10,2,Moderate,55061.598177755244
Rajasthan,5,12,7,Moderate,231386.24019564362
Uttarakhand,12,6,5,Luxury,317178.7830089323
Goa,11,3,9,Luxury,329089.9523559741
Uttarakhand,12,11,7,Budget,121456.79361613838
Maharashtra,6,8,1,Budget,14600.503277122336
Agra,9,8,1,Luxury,65024.66512696418
Rajasthan,5,3,6,Moderate,52722.88049058761
Rajasthan,6,12,9,Budget,126884.04703729734
Tamil Nadu,4,9,1,Luxury,81134.2853072284
Karnataka,3,10,3,Budget,46992.524994807805
Himachal Pradesh,12,13,5,Moderate,304011.5076464918
Himachal Pradesh,6,5,4,Moderate,82413.48884981807
Delhi,11,10,1,Luxury,140395.1707797177
Kerala,11,9,4,Budget,100700.68152588578
Agra,5,7,4,Moderate,77987.72580401303
Maharashtra,4,10,4,Moderate,159582.39260265013
Rajasthan,5,3,3,Budget,15820.380357241327
Karnataka,7,6,7,Luxury,367185.48824804474
Uttarakhand,1,10,1,Budget,17821.802652022976
Agra,1,2,2,Budget,7059.40459115934
Delhi,11,6,1,Budget,11306.201119032943
Agra,1,12,4,Budget,75844.5851751448
Delhi,2,5,5,Budget,39643.222445136824
Rajasthan,9,13,5,Moderate,207535.05519675225
Kerala,5,3,2,Luxury,73088.07233748537
Delhi,9,14,3,Luxury,419979.9923745375
Rajasthan,5,7,4,Moderate,94256.49163990686
Rajasthan,7,11,6,Luxury,487204.9056771859
Kerala,6,4,6,Luxury,193383.60273657384
Himachal Pradesh,2,11,2,Budget,37208.278893659895
Agra,3,14,2,Luxury,271643.48335009324
Goa,5,6,9,Budget,66608.1666238944
Goa,4,9,2,Luxury,211786.7239778461
Uttarakhand,11,12,2,Moderate,66239.26985749445
Uttarakhand,6,14,3,Luxury,505715.32435931475
Goa,8,6,9,Moderate,158764.03047498426
Maharashtra,8,4,6,Budget,36460.20316100444
Goa,3,10,6,Budget,89103.67484599342
Uttarakhand,4,2,5,Budget,13722.37615395573
Karnataka,1,9,7,Budget,101127.75293479147
Uttarakhand,2,14,4,Moderate,151367.23827821444
Maharashtra,9,4,3,Luxury,155026.36516867887
Agra,12,4,7,Budget,34966.971746116076
Goa,10,2,1,Budget,4813.914300409356
Kerala,10,5,6,Budget,40389.75359340132
Karnataka,2,13,2,Moderate,89101.66205695018
Rajasthan,12,6,2,Moderate,54683.75626246293
Maharashtra,6,10,8,Moderate,208450.08373341837
Uttarakhand,7,6,3,Luxury,154573.67015529136
Kerala,6,3,9,Luxury,175416.6494764459
Delhi,8,12,4,Budget,77891.23073508791
Himachal Pradesh,9,14,6,Moderate,230495.11363847752
Goa,8,9,1,Luxury,135955.60625334704
Himachal Pradesh,5,7,3,Luxury,317449.2385373037
Maharashtra,8,13,4,Moderate,167629.53731135014
Delhi,10,14,5,Luxury,613043.7497856724
Delhi,10,3,1,Moderate,8998.230048716407
Delhi,9,4,4,Moderate,51989.34184588864
Rajasthan,8,7,5,Moderate,111942.19341557167
Maharashtra,2,11,4,Budget,82728.32175728689
Agra,2,8,7,Luxury,397940.1134707417
Himachal Pradesh,12,6,8,Budget,77882.98994203025
Agra,3,4,8,Moderate,60969.58184872038
Kerala,7,12,3,Luxury,380005.0401965579
Tamil Nadu,9,2,5,Luxury,69981.82020373394
Karnataka,8,10,8,Budget,104755.34797927484
Karnataka,9,8,7,Budget,72412.66595368268
Agra,6,1,9,Luxury,48460.43828364231
Tamil Nadu,1,9,7,Budget,91731.10674327232
Tamil Nadu,12,8,2,Budget,27125.40985227907
Goa,4,3,4,Moderate,50170.84956741427
Kerala,6,10,8,Luxury,598891.1806227594
Maharashtra,12,4,9,Moderate,95135.40936015145
Tamil Nadu,6,10,7,Moderate,146677.67656651267
Uttarakhand,8,4,5,Luxury,142211.4412655428
Karnataka,1,2,1,Luxury,24066.13973954067
Uttarakhand,11,12,9,Moderate,191324.3899749297
Kerala,2,11,6,Luxury,682360.8138505088
Tamil Nadu,2,10,2,Moderate,63409.64128210987
Himachal Pradesh,6,5,2,Moderate,52100.570213175015
Karnataka,11,13,1,Budget,25968.45931743327
Goa,7,12,4,Moderate,158484.6578510103
Goa,2,3,2,Luxury,72571.94492304206
Delhi,5,12,9,Moderate,245158.21925969806
Rajasthan,6,11,2,Moderate,74439.9671196642
Tamil Nadu,4,1,9,Luxury,45613.94132601966
Kerala,1,2,1,Luxury,39118.7089484565
Karnataka,3,11,7,Budget,87868.84719362763
Rajasthan,10,12,6,Luxury,556858.7929561188
Kerala,9,7,6,Moderate,144880.10325379416
Agra,6,1,2,Luxury,15157.6126279289
Tamil Nadu,2,12,1,Luxury,130027.53996579205
Maharashtra,9,13,8,Budget,154702.67207623558
Maharashtra,4,13,8,Moderate,279238.8106952566
Tamil Nadu,11,2,2,Budget,8626.112186537897
Delhi,8,14,4,Budget,78501.12855218822
Delhi,10,10,4,Moderate,112423.42512943684
Maharashtra,7,7,2,Luxury,150104.48799163452
Himachal Pradesh,12,1,9,Moderate,27605.4912817471
Karnataka,11,7,4,Budget,49608.998351870876
Maharashtra,3,13,4,Budget,95729.60287706723
Himachal Pradesh,8,8,4,Moderate,89119.04038597165
Rajasthan,4,11,5,Budget,72616.97401385485
Himachal Pradesh,2,13,8,Luxury,656132.1288744232
Rajasthan,11,14,4,Luxury,638664.2490928972
Kerala,5,2,3,Moderate,23675.541520565872
Uttarakhand,1,4,1,Moderate,13759.293025537849
Kerala,8,7,2,Luxury,171289.46215052906
Maharashtra,8,1,4,Moderate,13652.97173661908
Rajasthan,3,6,9,Luxury,360534.7936554124
Maharashtra,1,5,1,Luxury,70078.2235032049
Tamil Nadu,4,11,6,Luxury,462029.1325406525
Karnataka,9,6,6,Luxury,305317.971208401
Goa,9,8,3,Moderate,103020.9565960636
Maharashtra,1,11,9,Luxury,835005.8213840753
Karnataka,11,11,3,Luxury,416881.68450935883
Himachal Pradesh,7,1,1,Budget,2163.621081498315
Kerala,6,3,2,Budget,11378.919882994922
Himachal Pradesh,7,11,4,Budget,69079.71191182414
Goa,7,13,4,Budget,91469.11728900562
Rajasthan,8,9,2,Moderate,57267.14991937578
Tamil Nadu,8,12,6,Budget,89870.37212893722
Karnataka,10,8,6,Budget,75473.26749863535
Tamil Nadu,11,4,3,Budget,19849.180601931213
Uttarakhand,2,11,1,Moderate,32364.252136226016
Maharashtra,12,14,9,Luxury,1301016.8567506312
Rajasthan,12,10,4,Budget,92083.9707497595
Uttarakhand,12,9,9,Luxury,699286.392267325
Agra,4,7,5,Budget,46154.16619567611
Maharashtra,4,2,7,Moderate,35995.946763246066
Himachal Pradesh,11,1,3,Moderate,10213.255354103649
Kerala,10,1,3,Moderate,9633.931056074556
Karnataka,12,13,8,Luxury,934012.8434661864
Goa,8,3,1,Moderate,15337.614864239287
Goa,3,13,8,Luxury,791111.0865436057
Himachal Pradesh,12,14,8,Moderate,361049.49473396747
Delhi,12,10,3,Budget,65199.582905505005
Goa,3,2,1,Budget,3832.4081172815954
Karnataka,2,4,9,Budget,35638.99637971892
Himachal Pradesh,1,14,4,Budget,79065.48654359869
Rajasthan,8,14,7,Luxury,777361.4392306574
Goa,9,8,9,Moderate,209034.19940106338
Tamil Nadu,9,5,3,Luxury,144779.7631398344
Himachal Pradesh,11,5,5,Luxury,246800.17070743404
Karnataka,8,6,3,Budget,32983.965537433905
Tamil Nadu,5,13,5,Moderate,185647.8205539201
Maharashtra,1,12,2,Luxury,343034.35951274785
Maharashtra,9,5,4,Luxury,229974.82734988412
Goa,6,5,2,Luxury,132005.7945597947
Tamil Nadu,12,14,3,Luxury,431082.02795698383
Kerala,7,7,5,Moderate,123308.90792877236
Maharashtra,8,6,9,Budget,73919.4660180693
Kerala,5,13,3,Budget,63323.730089971374
Rajasthan,6,13,6,Luxury,526614.0544833541
Himachal Pradesh,12,14,4,Moderate,239251.6823451053
Uttarakhand,7,10,4,Moderate,105658.97110247728
Karnataka,7,11,5,Luxury,440686.8695391249
Himachal Pradesh,2,2,7,Moderate,41207.4707189853
Karnataka,11,13,4,Luxury,506363.5106476911
Tamil Nadu,12,1,8,Budget,10245.40211613609
Rajasthan,1,1,9,Budget,12284.667659673933
Agra,8,4,9,Budget,32756.11395682944
Goa,5,2,9,Luxury,144210.01777990087
Karnataka,10,6,2,Luxury,137175.137612254
Karnataka,2,12,3,Budget,63350.73601996814
Tamil Nadu,3,12,5,Luxury,524234.2765559972
Kerala,6,9,1,Moderate,36478.94242135185
Himachal Pradesh,10,10,4,Budget,70848.83132562782
Agra,6,11,5,Moderate,140677.76688091198
Delhi,8,14,9,Moderate,286786.77925939613
Goa,5,10,8,Luxury,723202.6042191066
Uttarakhand,5,8,1,Luxury,114602.64893163039
Delhi,7,4,3,Budget,18342.72385476102
Himachal Pradesh,10,13,3,Luxury,350320.41597202205
Goa,5,12,6,Luxury,710757.2229183096
Karnataka,9,2,4,Moderate,22694.826231848063
Uttarakhand,6,1,4,Luxury,47469.63459492692
Kerala,7,7,1,Budget,13005.617873447181
Agra,12,10,4,Luxury,417668.86737128784
Kerala,8,3,1,Budget,5588.148598108262
Rajasthan,5,14,5,Moderate,172370.20276756946
Tamil Nadu,11,6,3,Moderate,71477.32652470394
Goa,4,5,5,Moderate,87689.10563842097
Kerala,12,5,3,Budget,38747.80747688213
Delhi,8,12,5,Moderate,187423.5734589234
Tamil Nadu,12,2,4,Moderate,28167.668810380328
Kerala,10,14,9,Luxury,915955.8278779053
Maharashtra,9,9,6,Budget,80639.19159145602
Rajasthan,1,11,2,Moderate,102894.4261341246
Himachal Pradesh,3,4,1,Luxury,46687.713833980255
Agra,12,10,1,Luxury,108045.18591265325
Rajasthan,4,1,1,Moderate,3264.8029110349057
Tamil Nadu,7,2,9,Budget,16130.921291194918
Maharashtra,6,9,5,Moderate,165624.9116099495
Goa,10,7,4,Luxury,339396.92374350654
Delhi,10,10,5,Budget,80359.15350115046
Agra,11,2,9,Luxury,117192.87730886265
Agra,1,7,3,Moderate,78131.44632860455
Rajasthan,4,14,3,Budget,65372.602608076646
Tamil Nadu,6,4,2,Moderate,25343.014813584665
Goa,3,10,8,Moderate,213579.31429767536
Karnataka,2,2,7,Moderate,32447.360112504448
Maharashtra,2,12,2,Luxury,325219.8769283688
Karnataka,10,4,4,Budget,28792.216020889467
Delhi,12,5,7,Budget,52184.08396756182
Goa,12,13,1,Luxury,245263.75558741766
Goa,4,14,1,Budget,35765.756639069325
Maharashtra,1,4,8,Budget,57082.3016392044
Uttarakhand,10,3,6,Moderate,39050.31642817561
Karnataka,2,6,2,Moderate,39628.20286246452
Kerala,10,1,1,Luxury,10215.143562993733
Agra,2,8,3,Budget,33197.06393337101
Uttarakhand,4,12,4,Luxury,394781.66208525543
Kerala,4,5,5,Luxury,215800.0041687695
Tamil Nadu,1,8,3,Luxury,244238.97525998886
Maharashtra,7,10,5,Luxury,570410.149764429
Tamil Nadu,7,4,7,Moderate,67571.07159521805
Agra,10,4,9,Luxury,215570.1364396906
Himachal Pradesh,11,5,5,Budget,41856.75188895132
Kerala,10,5,4,Moderate,76581.4528923705
Uttarakhand,10,11,9,Moderate,163936.81655723174
Kerala,1,6,8,Luxury,521581.0915398383
Kerala,11,5,5,Moderate,116960.62956472831
Maharashtra,8,5,9,Moderate,118166.12227706391
Tamil Nadu,10,13,9,Moderate,239174.59177356242
Karnataka,7,8,1,Moderate,27345.422750815298
Himachal Pradesh,7,6,6,Moderate,93144.50544106706
Maharashtra,11,2,5,Moderate,39562.93282397301
Delhi,6,4,6,Budget,29143.35294973862
Maharashtra,12,4,3,Moderate,62027.09048414935
Agra,4,5,3,Moderate,46155.32914289099
Himachal Pradesh,11,6,5,Luxury,241863.99119732357
Goa,8,11,7,Moderate,257473.6501859994
Delhi,2,5,4,Moderate,54648.86865713268
Rajasthan,7,14,6,Luxury,704649.4076994631
Maharashtra,3,14,5,Budget,127023.5225409301
Kerala,3,11,2,Budget,36134.01306536827
Karnataka,7,6,1,Moderate,23501.019867585936
Goa,12,8,6,Budget,135963.25020589784
Maharashtra,3,4,5,Budget,30740.328228601866
Maharashtra,5,11,9,Budget,110353.77318614892
Uttarakhand,8,3,7,Budget,23991.513941291618
Uttarakhand,4,9,1,Moderate,28950.84792996858
Goa,7,3,6,Moderate,67780.65656831818
Tamil Nadu,7,11,7,Luxury,525779.6837335575
Uttarakhand,2,8,3,Moderate,67327.3628107212
Kerala,8,10,9,Moderate,229865.2599631466
Delhi,10,12,2,Budget,34841.8129451117
Rajasthan,12,5,1,Budget,11380.858148452586
Himachal Pradesh,10,9,9,Moderate,184952.46574345283
Rajasthan,9,3,7,Moderate,45106.70236009573
Rajasthan,6,10,1,Budget,19805.440007510413
Himachal Pradesh,5,10,4,Moderate,189249.74705801293
Uttarakhand,1,8,3,Moderate,74379.65577582458
Goa,1,14,7,Budget,212693.1799966969
Himachal Pradesh,9,13,5,Budget,98622.94046103129
Agra,4,13,9,Luxury,562399.2080363875
Tamil Nadu,1,7,3,Moderate,68177.72731547087
Delhi,11,12,6,Budget,115720.46456558922
Karnataka,10,7,2,Budget,22980.42437219559
Uttarakhand,12,14,3,Moderate,190535.44617560433
Tamil Nadu,3,11,4,Moderate,141756.86604310907
Himachal Pradesh,6,10,6,Budget,101886.00729861674
Agra,11,9,1,Moderate,34918.440524105616
Karnataka,11,12,6,Luxury,636275.6259285863
Delhi,8,8,4,Budget,48665.61564965289
Delhi,10,3,8,Budget,25076.280258038478
Uttarakhand,2,14,9,Moderate,275658.69029923045
Himachal Pradesh,8,13,8,Budget,142920.59489441983
Tamil Nadu,1,6,8,Moderate,127087.98109445466
Goa,11,11,2,Luxury,382089.63760788727
Tamil Nadu,2,6,2,Luxury,122431.02258230989
Tamil Nadu,8,5,6,Luxury,224106.41517018652
Delhi,7,3,5,Budget,21702.847863325864
Goa,5,9,6,Luxury,582498.1369220009
Goa,10,7,9,Moderate,165830.42207104547
Uttarakhand,2,4,7,Moderate,53457.61672466418
Karnataka,9,6,5,Luxury,255544.5975453442
Maharashtra,5,5,7,Luxury,300700.9198288261
Rajasthan,8,1,8,Moderate,17473.41287086489
Rajasthan,4,2,1,Luxury,23085.645911478183
Delhi,9,1,7,Luxury,48862.356465609075
Maharashtra,10,9,4,Luxury,375882.905600358
Karnataka,7,9,5,Moderate,115681.66943838916
Maharashtra,2,5,2,Moderate,42495.788355328295
Uttarakhand,3,8,5,Luxury,280972.9932396533
Tamil Nadu,2,10,9,Moderate,164033.7172915254
Delhi,5,4,1,Luxury,43094.36247354922
Goa,2,1,3,Luxury,41737.65709912734
Delhi,5,13,4,Luxury,451589.4436825225
Rajasthan,9,13,9,Budget,116479.8908218551
Karnataka,2,4,2,Budget,12103.718046070424
Maharashtra,9,7,7,Luxury,469439.1717380973
Karnataka,7,11,9,Budget,102020.36384318447
Uttarakhand,7,2,4,Luxury,70544.96213526298
Delhi,5,2,5,Budget,13085.514907038016
Himachal Pradesh,8,6,4,Luxury,199761.29299389143
Delhi,7,9,7,Budget,77133.59429442952
Goa,6,3,8,Moderate,78751.58228761889
Delhi,2,7,8,Moderate,116338.78909149092
Agra,6,10,3,Budget,36295.12961335261
Uttarakhand,2,14,2,Luxury,231211.98171805814
Kerala,1,9,6,Budget,128435.58029990204
Uttarakhand,9,11,1,Budget,16899.85638811005
Maharashtra,5,13,9,Moderate,273263.09247250017
Kerala,10,9,7,Moderate,167810.95398754042
Maharashtra,10,11,8,Moderate,226481.1589072644
Maharashtra,4,4,7,Budget,41700.55942968895
Goa,12,2,5,Moderate,48060.00333620229
Goa,11,1,5,Moderate,27070.643215014807
Tamil Nadu,8,6,7,Moderate,91540.74567975246
Rajasthan,5,5,7,Luxury,290638.3348677302
Tamil Nadu,7,6,2,Luxury,110212.86200092365
Tamil Nadu,3,7,2,Budget,19311.662441991695
Rajasthan,8,9,7,Moderate,174428.25988684254
Himachal Pradesh,8,10,5,Budget,85975.0031038143
Kerala,3,10,2,Budget,34300.63522145347
Karnataka,9,11,1,Moderate,44563.542877408596
Tamil Nadu,8,6,9,Budget,59264.80710969765
Delhi,1,6,8,Moderate,125363.20705417321
Delhi,8,13,2,Moderate,77619.14590591582
Maharashtra,12,3,2,Luxury,93900.44862232209
Rajasthan,11,13,3,Budget,79099.29068824208
Maharashtra,4,8,4,Budget,59166.16656156075
Agra,6,9,9,Moderate,138887.9906665789
Agra,10,1,6,Luxury,41666.724953467674
Karnataka,9,6,3,Luxury,195402.16781145
Goa,5,7,8,Budget,89977.09794023655
Goa,7,11,6,Luxury,768180.2336769607
Rajasthan,1,8,8,Budget,113793.7824018041
Rajasthan,9,12,2,Budget,36589.86493024642
Tamil Nadu,6,10,8,Luxury,480221.2436259947
Agra,11,11,5,Moderate,155365.6141950966
Tamil Nadu,4,8,4,Budget,49571.80848381706
Goa,6,7,3,Budget,40826.40299750416
Kerala,5,8,9,Budget,91279.95717671108
Kerala,3,11,7,Budget,93088.13800165309
Rajasthan,7,9,7,Luxury,453334.00360390614
Maharashtra,3,10,6,Luxury,510361.1439320386
Goa,2,7,9,Luxury,577421.2315791575
Kerala,4,3,3,Luxury,105698.2586223402
Goa,7,9,1,Budget,18055.35003684721
Uttarakhand,5,1,7,Moderate,21305.6321875288
Delhi,9,14,9,Moderate,231307.37068253523
Agra,10,8,6,Luxury,347965.5038449289
Tamil Nadu,7,6,2,Budget,17068.37568333759
Goa,12,11,8,Luxury,1264053.0144149782
Delhi,9,3,9,Moderate,49454.12531111359
Uttarakhand,9,9,8,Luxury,459113.4973295233
Tamil Nadu,12,6,9,Budget,66234.3971761077
Goa,2,7,1,Budget,14967.231630169143
Rajasthan,1,11,3,Budget,70108.75007242801
Delhi,11,2,3,Luxury,64444.00153082991
Tamil Nadu,4,1,9,Moderate,17796.005846411965
Goa,4,1,3,Budget,6929.948682137875
Delhi,2,3,1,Moderate,10332.866778493057
Uttarakhand,3,11,3,Moderate,86183.65493523158
Goa,3,3,2,Luxury,66005.08359140209
Goa,5,8,9,Luxury,497159.821440658
Goa,1,7,1,Moderate,46069.76094329708
Karnataka,9,10,2,Budget,33002.08161565466
Rajasthan,8,8,1,Budget,12383.344107100014
Uttarakhand,8,1,9,Luxury,46741.67188912961
Tamil Nadu,3,4,7,Budget,30883.78787900861
Karnataka,2,8,1,Moderate,31257.275776667728
Maharashtra,1,10,6,Budget,117128.1821154102
Karnataka,12,2,5,Luxury,93132.01201214464
Agra,6,7,5,Moderate,75004.26915238603
Agra,10,8,4,Moderate,91597.70511486125
Goa,1,14,3,Budget,111159.20724088004
Karnataka,11,9,8,Budget,94510.2260266473
Maharashtra,5,7,7,Moderate,136191.82510588953
Karnataka,9,12,5,Luxury,489662.23179144575
Rajasthan,11,9,9,Luxury,717419.1615134472
Rajasthan,9,2,7,Budget,18321.724481678015
Maharashtra,12,11,2,Luxury,277614.27376867767
Karnataka,4,1,7,Moderate,17326.297469026635
Delhi,7,1,7,Luxury,53174.54159858191
Rajasthan,11,11,4,Moderate,169774.476318928
Rajasthan,7,12,8,Budget,94271.0936318454
Kerala,4,4,4,Luxury,163129.86419716582
Karnataka,5,1,7,Moderate,20304.645719125718
Rajasthan,11,7,4,Budget,61439.82265704981
Uttarakhand,9,8,8,Moderate,129391.76114708428
Karnataka,7,3,3,Luxury,76697.4861633051
Agra,7,14,2,Moderate,85371.11049732589
Kerala,10,1,6,Budget,8093.02989236355
Rajasthan,7,3,7,Budget,27256.87474320937
Kerala,9,2,7,Luxury,112255.30085763743
Agra,5,6,6,Budget,34971.61054685615
Maharashtra,6,11,8,Luxury,683509.3800868049
Maharashtra,3,7,6,Budget,69316.47488339766
Karnataka,1,9,6,Luxury,582887.3911735307
Agra,11,5,3,Budget,25288.11649928207
Himachal Pradesh,12,4,2,Luxury,128976.24859531458
Himachal Pradesh,2,1,7,Moderate,17144.816291896746
Karnataka,8,11,6,Moderate,208713.0612029042
Goa,1,14,1,Luxury,260273.7377853537
Kerala,10,6,2,Budget,20543.47770820446
Kerala,7,11,2,Budget,38662.639261662756
Maharashtra,5,8,1,Luxury,115074.9485687495
Himachal Pradesh,6,4,3,Budget,24978.596286762207
Tamil Nadu,8,1,5,Luxury,42848.53010520991
Rajasthan,4,14,4,Moderate,146872.219430253
Rajasthan,6,14,2,Luxury,302199.0901501579
Rajasthan,11,5,8,Budget,63684.56740651273
Maharashtra,3,10,9,Budget,121109.71951334413
Agra,7,5,8,Luxury,202339.84203799616
Delhi,2,2,7,Luxury,97793.96042061571
Himachal Pradesh,12,6,2,Luxury,180013.09108292856
Himachal Pradesh,8,10,6,Luxury,439231.89292397193
Tamil Nadu,7,9,4,Moderate,91311.61980072114
Kerala,12,14,5,Budget,151307.42572744557
Goa,12,6,9,Budget,108739.88317012842
Karnataka,8,8,9,Luxury,426749.7367458574
Kerala,2,10,4,Luxury,466405.60580546985
Agra,3,3,8,Luxury,156697.48349196487
Karnataka,12,10,5,Moderate,162912.63698709515
Himachal Pradesh,4,2,9,Moderate,37767.593529815036
Agra,12,4,2,Luxury,93097.45454487807
Karnataka,9,12,4,Budget,70940.87962133593
Tamil Nadu,12,9,3,Moderate,94013.47354153394
Tamil Nadu,12,9,7,Budget,92595.83273858312
Uttarakhand,5,3,2,Moderate,24341.19568520042
Delhi,6,12,3,Luxury,381274.7393676459
Tamil Nadu,1,13,9,Luxury,856252.2236376128
Himachal Pradesh,4,1,8,Budget,10079.287032825781
Goa,4,1,2,Luxury,26067.803405749062
Rajasthan,10,4,6,Budget,27833.846222144068
Uttarakhand,8,4,3,Luxury,112713.90380998183
Rajasthan,8,11,6,Luxury,530994.3191267068
Delhi,10,12,5,Budget,72748.68322165168
Karnataka,6,10,4,Luxury,417067.810992897
Maharashtra,8,6,7,Moderate,131980.04809533892
Tamil Nadu,9,5,7,Luxury,227188.52118102956
Goa,5,6,4,Budget,42953.76075871989
Delhi,1,10,3,Luxury,340681.31787072564
Rajasthan,1,7,4,Moderate,106478.58410168941
Uttarakhand,2,7,2,Luxury,139539.70995029254
Tamil Nadu,2,10,4,Luxury,381237.7526081141
Himachal Pradesh,5,14,4,Moderate,249175.39987024857
Tamil Nadu,7,10,5,Luxury,400345.0059560384
Uttarakhand,7,9,1,Luxury,94429.62099438418
Uttarakhand,4,6,2,Budget,17023.02153502865
Maharashtra,4,8,8,Budget,87143.27243608375
Tamil Nadu,11,2,8,Budget,18188.87686411462
Tamil Nadu,10,8,8,Budget,72797.68423107262
Maharashtra,3,9,5,Moderate,164483.90189930482
Agra,11,4,8,Budget,32575.484126683034
Agra,2,5,9,Budget,45146.39691980661
Karnataka,3,5,4,Luxury,181596.5471746262
Agra,8,2,4,Moderate,22983.904469044734
Kerala,1,5,7,Moderate,164647.6083177326
Tamil Nadu,4,9,5,Budget,64583.832512303714
Goa,7,4,1,Luxury,59348.423511937464
Tamil Nadu,5,10,8,Moderate,160756.94271983797
Kerala,2,3,4,Moderate,39175.58935550478
Kerala,1,14,8,Budget,201368.82289840956
Rajasthan,6,7,2,Budget,22259.079222269207
Tamil Nadu,5,8,4,Budget,45713.49104455399
Delhi,3,13,2,Luxury,287673.38925968314
Kerala,11,13,5,Budget,158208.18330097513
Goa,11,10,8,Moderate,371711.0515387006
Maharashtra,11,6,7,Moderate,131985.8749770735
Karnataka,9,6,5,Budget,50255.04604254612
Rajasthan,3,13,7,Moderate,228513.30094817936
Maharashtra,2,5,5,Luxury,272851.20703416015
Rajasthan,5,11,7,Budget,108433.16910069119
Goa,9,6,4,Moderate,101706.84295853319
Uttarakhand,8,9,4,Moderate,98048.33715014688
Tamil Nadu,6,2,4,Budget,12458.824957987172
Himachal Pradesh,3,10,8,Moderate,207021.10620087507
Delhi,6,11,1,Moderate,41156.709494780844
Maharashtra,5,3,5,Budget,26237.94868921669
Tamil Nadu,1,1,2,Luxury,21133.940871509894
Delhi,5,4,4,Moderate,45236.335114539186
Uttarakhand,7,2,5,Luxury,78144.1293187399
Himachal Pradesh,9,6,8,Luxury,395595.41906281095
Delhi,12,13,2,Luxury,306789.12327942427
Delhi,1,1,2,Luxury,24231.355484677806
Maharashtra,3,8,2,Luxury,183998.81242245648
Agra,8,10,8,Moderate,133448.73981819625
Himachal Pradesh,6,6,3,Moderate,89895.24089048376
Tamil Nadu,5,9,5,Luxury,363449.8440865811
Uttarakhand,10,12,2,Budget,41714.03771852794
Himachal Pradesh,2,6,6,Luxury,308535.6527776704
Goa,3,10,6,Budget,102311.53866721752
Agra,12,7,2,Moderate,44752.41088404645
Goa,2,5,4,Budget,33655.399540052626
Uttarakhand,1,14,2,Moderate,90420.57768696685
Maharashtra,7,8,4,Budget,62405.01035188737
Maharashtra,3,8,7,Luxury,548700.446854626
Uttarakhand,7,10,5,Moderate,124324.03543712516
Rajasthan,12,9,4,Budget,85230.40703350973
Uttarakhand,7,12,3,Luxury,288896.3252880154
Agra,8,6,6,Budget,37496.41269623605
Kerala,1,1,2,Budget,6547.690191959675
Maharashtra,5,9,4,Budget,70996.49150644804
Karnataka,10,3,8,Moderate,53498.58731836462
Agra,9,9,2,Moderate,50275.0152290115
Agra,12,7,9,Luxury,416196.81028337445
Agra,11,14,2,Budget,40884.32648875659
Delhi,7,12,8,Budget,124245.80362258984
Agra,1,13,8,Moderate,214797.18746922968
Maharashtra,8,3,7,Moderate,67615.9096339668
Kerala,3,9,6,Budget,92565.10436412066
Kerala,4,14,1,Budget,29715.524569661357
Agra,4,7,2,Budget,22743.141656400006
Goa,10,7,7,Moderate,132109.24338118805
Maharashtra,12,7,4,Budget,57358.91923416645
Maharashtra,8,2,9,Budget,22519.77944101079
Himachal Pradesh,1,11,3,Moderate,122439.780483769
Tamil Nadu,8,4,4,Moderate,46960.617456056585
Rajasthan,9,10,3,Moderate,101190.85809119916
Rajasthan,9,8,7,Moderate,122574.28012911265
Goa,5,12,2,Budget,56605.940365268136
Rajasthan,4,2,2,Moderate,14585.681160283955
Himachal Pradesh,4,13,2,Moderate,101432.03752739925
Uttarakhand,9,4,4,Budget,23835.577051478256
Rajasthan,8,10,8,Luxury,499086.83706514613
Maharashtra,10,8,8,Budget,77932.11574749672
Uttarakhand,10,12,8,Budget,111672.88374746116
Rajasthan,12,3,8,Budget,46564.3718561431
Maharashtra,7,12,7,Budget,120674.52614562059
Maharashtra,12,6,6,Budget,66958.16027066427
Agra,3,12,7,Budget,94576.25319796344
Kerala,4,2,5,Budget,15975.99553542211
Goa,9,8,8,Luxury,530187.824440485
Himachal Pradesh,8,8,2,Budget,26194.992311046666
Delhi,12,12,5,Budget,86364.97316531122
Tamil Nadu,12,13,7,Budget,129444.32428205512
Rajasthan,1,1,9,Budget,12653.259607869875
Rajasthan,3,3,1,Budget,5814.402766582169
Uttarakhand,12,14,9,Luxury,1163251.636528103
Uttarakhand,10,2,3,Moderate,17060.924960780074
Tamil Nadu,2,7,1,Moderate,20435.900126089422
Rajasthan,2,7,7,Budget,61519.9363765253
Karnataka,8,4,3,Luxury,122536.97009399686
Himachal Pradesh,6,12,8,Luxury,886360.6580670741
Rajasthan,12,12,2,Luxury,374928.797323218
Kerala,12,8,4,Moderate,154194.4369094551
Tamil Nadu,12,3,2,Moderate,24911.532978577092
Karnataka,6,14,4,Luxury,542295.6960891599
Himachal Pradesh,4,9,1,Moderate,33512.07666445982
Rajasthan,1,5,5,Moderate,119594.51468762991
Delhi,11,14,3,Budget,79171.01349200105
Agra,7,13,9,Budget,117534.62895898399
Kerala,8,14,4,Budget,88468.69715218515
Delhi,2,2,6,Luxury,92849.32810342006
Uttarakhand,2,9,9,Budget,68052.94398180096
Uttarakhand,1,1,2,Luxury,17817.3301159797
Rajasthan,4,11,7,Budget,105488.16061353686
Uttarakhand,6,8,3,Luxury,318997.2594719773
Kerala,5,6,1,Moderate,27425.083805487742
Himachal Pradesh,4,12,9,Luxury,794065.0248385014
Maharashtra,4,1,9,Moderate,21125.206129336748
Goa,10,14,4,Budget,96202.51106758
Tamil Nadu,7,4,9,Moderate,64426.78099672712
Himachal Pradesh,7,3,7,Moderate,58564.45095892781
Maharashtra,2,7,4,Budget,48214.41315982288
Karnataka,7,7,2,Luxury,143822.78938192714
Kerala,2,6,5,Luxury,319153.59624750365
Delhi,4,14,8,Luxury,816378.8463378783
Maharashtra,1,10,6,Budget,103509.4949206505
Kerala,5,14,5,Luxury,605694.0193634733
Agra,1,10,4,Moderate,134221.36798481856
Delhi,4,12,6,Budget,107359.8062768938
Uttarakhand,9,8,3,Luxury,187773.34067465286
Uttarakhand,12,7,2,Moderate,67659.3255971922
Delhi,8,4,1,Moderate,13704.89639975265
Karnataka,6,7,9,Luxury,470641.9303560179
Karnataka,8,1,1,Budget,1989.2257185409342
Karnataka,5,3,4,Moderate,42326.66325518382
Maharashtra,7,2,6,Moderate,39445.972392737625
Tamil Nadu,8,7,9,Moderate,111904.6210982004
Maharashtra,7,9,4,Moderate,111569.47681756734
Rajasthan,4,5,7,Luxury,267059.8938252611
Goa,5,9,7,Budget,86078.35479223059
Delhi,10,12,6,Moderate,174030.4388041571
Himachal Pradesh,6,13,9,Moderate,340550.293618329
Goa,12,8,7,Moderate,258813.49474486447
Agra,11,1,3,Budget,5001.980512257271
Maharashtra,6,14,6,Moderate,297238.2375276327
Maharashtra,9,11,7,Budget,128001.771851987
Kerala,10,2,7,Budget,22436.357680053097
Goa,2,6,6,Budget,65558.18204654758
Kerala,6,5,3,Budget,30412.505869270943
Himachal Pradesh,3,11,6,Luxury,613500.0180125086
Kerala,2,7,2,Luxury,179259.58442780364
Goa,6,9,1,Luxury,107072.18669159447
Delhi,4,14,8,Moderate,290082.7879685227
Agra,5,4,3,Budget,14909.976638137832
Maharashtra,5,8,8,Budget,89154.46084946943
Himachal Pradesh,3,4,3,Luxury,123741.54048748974
Maharashtra,12,3,2,Luxury,87850.68037967916
Rajasthan,4,12,8,Budget,115818.48805742871
Agra,3,2,3,Luxury,49177.33232649975
Tamil Nadu,7,8,8,Moderate,145053.39661264134
Kerala,1,11,2,Moderate,126693.69648717306
Uttarakhand,6,8,4,Moderate,104017.85886917998
Goa,4,11,9,Budget,138756.7605981115
Maharashtra,1,12,1,Luxury,184444.71619231303
Kerala,1,3,2,Moderate,35080.76141383423
Himachal Pradesh,5,1,2,Moderate,8596.531922253509
Maharashtra,5,13,9,Moderate,292075.59142136446
Tamil Nadu,10,6,5,Moderate,88109.4584382713
Agra,7,5,4,Moderate,48438.097971661686
Agra,12,8,4,Luxury,288902.5640781284
Maharashtra,4,6,7,Moderate,109493.82331770334
Himachal Pradesh,9,4,3,Moderate,40427.2845463365
Agra,4,10,9,Moderate,156934.83017574184
Agra,7,10,5,Budget,66894.73068827859
Tamil Nadu,5,12,9,Luxury,552112.7296165605
Goa,5,12,1,Moderate,61309.70223116963
Himachal Pradesh,6,11,8,Luxury,933836.8153141789
Himachal Pradesh,8,2,2,Moderate,14568.376118865575
Delhi,5,8,8,Budget,81234.65480140256
Delhi,3,5,4,Budget,26992.259306267413
Agra,6,12,2,Budget,31214.477929737946
Uttarakhand,12,8,2,Budget,37872.53580656001
Delhi,2,5,6,Moderate,88895.62075648998
Agra,12,6,3,Luxury,192691.0395191707
Karnataka,12,13,3,Moderate,134396.66969077307
Rajasthan,8,10,9,Budget,98811.16209094673
Rajasthan,8,14,5,Budget,96563.44017657114
Himachal Pradesh,3,5,7,Moderate,101697.54524893253
Uttarakhand,12,11,5,Moderate,176903.40518628593
Tamil Nadu,8,3,2,Luxury,63545.81168347482
Goa,9,10,8,Luxury,667335.4000584525
Delhi,5,8,9,Luxury,429545.03916343173
Karnataka,5,3,2,Luxury,57166.22968394098
Agra,6,4,2,Budget,9713.770128556629
Uttarakhand,7,6,4,Budget,30806.381361262764
Himachal Pradesh,3,2,8,Luxury,106051.59165108346
Delhi,5,14,5,Luxury,630007.8281068109
Uttarakhand,1,7,5,Budget,48249.2115537303
Delhi,11,5,7,Budget,56511.63787572204
Goa,10,12,4,Budget,78179.863420428
Goa,5,10,9,Luxury,696519.4333186973
Tamil Nadu,4,13,4,Luxury,372705.4053312838
Rajasthan,1,5,8,Budget,68407.96488037771
Kerala,7,5,3,Budget,30312.96265169847
Kerala,1,13,6,Moderate,341300.84433242714
Delhi,8,13,1,Moderate,50600.505293268216
Tamil Nadu,10,2,7,Budget,18341.204753299426
Kerala,12,11,7,Budget,148983.9022120737
Himachal Pradesh,2,13,2,Moderate,80066.94580143203
Kerala,10,12,5,Luxury,617397.5544025082
Maharashtra,12,10,4,Budget,87710.88061855674
Agra,5,9,9,Budget,69557.1474546235
Tamil Nadu,6,3,2,Budget,9031.444115454206
Himachal Pradesh,9,12,3,Luxury,322928.9273949918
Uttarakhand,7,7,1,Moderate,24893.572646733282
Himachal Pradesh,6,5,5,Luxury,294500.10231989116
Rajasthan,5,10,3,Luxury,249233.7338068398
Uttarakhand,6,10,4,Budget,82546.79541754602
Karnataka,11,5,4,Budget,37571.01379564233
Agra,4,4,6,Moderate,58258.92920343969
Agra,1,10,7,Luxury,593001.6529088208
Agra,12,6,7,Moderate,102097.29603481333
Agra,9,7,8,Luxury,283813.4308703809
Delhi,11,7,3,Budget,36751.82209127806
Agra,5,11,5,Moderate,114222.37138530287
Agra,8,12,6,Luxury,434846.76462752203
Agra,7,8,6,Budget,59652.9422188172
Tamil Nadu,8,5,8,Budget,48581.0781124887
Delhi,1,7,5,Luxury,371524.47859094484
Goa,9,12,5,Budget,115511.03882856849
Himachal Pradesh,1,14,1,Luxury,170683.5339119153
Himachal Pradesh,3,4,1,Luxury,40447.50657819525
Uttarakhand,8,9,6,Luxury,335975.2050787823
Tamil Nadu,12,5,5,Luxury,251741.90513025146
Maharashtra,11,3,6,Budget,29298.875063754258
Himachal Pradesh,1,5,9,Luxury,336587.4394231568
Kerala,1,9,8,Luxury,865432.3739249146
Maharashtra,6,13,7,Luxury,709558.6975279881
Agra,5,13,7,Budget,100116.13348891704
Agra,11,11,6,Moderate,183883.1744877337
Delhi,6,8,6,Luxury,363973.5015690447
Maharashtra,3,1,1,Moderate,4600.327341983358
Kerala,10,5,7,Moderate,92255.48465931806
Delhi,12,6,5,Luxury,291323.96830563754
Uttarakhand,10,13,7,Moderate,215863.88943541524
Maharashtra,6,10,6,Moderate,203290.1695098561
Tamil Nadu,2,13,8,Luxury,623777.410484731
Agra,8,11,3,Budget,38091.847555229295
Agra,12,2,8,Moderate,33804.24387207776
Rajasthan,6,14,7,Luxury,669129.1456856407
Delhi,4,6,1,Luxury,70654.63710247037
Goa,4,14,3,Moderate,190185.94620098697
Goa,11,9,4,Moderate,216507.63021134766
Delhi,7,14,9,Moderate,281215.7986699051
Tamil Nadu,3,4,6,Luxury,184682.17896543606
Karnataka,11,3,7,Luxury,212203.66637842695
Delhi,3,9,5,Budget,60187.684802199525
Tamil Nadu,6,2,3,Budget,9034.845310221408
Uttarakhand,9,12,5,Luxury,484391.8984643836
Agra,1,9,7,Budget,78628.16869491641
Kerala,5,11,9,Moderate,257035.8382218292
Karnataka,1,10,9,Budget,135437.5782392213
Maharashtra,1,11,8,Budget,151227.25216593442
Karnataka,3,11,5,Luxury,426080.7589161983
Kerala,3,2,7,Luxury,121489.1437789187
Rajasthan,4,14,4,Moderate,176411.84541834964
Agra,3,13,5,Budget,72928.0822798171
Goa,6,11,4,Luxury,477903.1688795685
Tamil Nadu,12,14,3,Luxury,461914.04610251583
Delhi,4,10,1,Luxury,111524.07327263978
Delhi,8,3,5,Moderate,46680.01860254134
Goa,1,13,2,Moderate,179855.69348181938
Karnataka,8,7,6,Budget,51875.893224543775
Agra,11,2,5,Moderate,27487.510018255954
Himachal Pradesh,1,1,2,Budget,3229.61312998124
Tamil Nadu,11,9,8,Budget,99806.76168002596
Uttarakhand,1,6,5,Budget,35709.48918660788
Kerala,7,9,2,Luxury,182023.12175594398
Karnataka,1,12,1,Luxury,140478.4208680016
Maharashtra,9,3,2,Luxury,63513.92666702985
Rajasthan,8,3,1,Moderate,9703.423627170494
Delhi,1,10,3,Luxury,369017.14086628763
Karnataka,2,12,3,Budget,55223.82194753439
Rajasthan,2,3,1,Moderate,9811.298435437508
Kerala,2,2,7,Moderate,43676.95813209276
Delhi,6,13,7,Luxury,657275.2212778545
Delhi,4,11,9,Luxury,625351.7792512884
Himachal Pradesh,8,6,5,Luxury,232783.44723145125
Karnataka,1,3,4,Luxury,118831.03931902067
Agra,10,5,5,Moderate,64330.7360119365
Goa,4,13,8,Moderate,289001.843253247
Goa,10,11,8,Budget,115168.67329300968
Uttarakhand,11,5,4,Moderate,53238.11699943983
Maharashtra,5,10,8,Moderate,188594.800839601
Rajasthan,9,3,4,Luxury,113827.25926111446
Karnataka,5,3,4,Budget,16493.468989821213
Tamil Nadu,11,1,8,Moderate,17842.19375932277
Maharashtra,3,6,2,Luxury,140179.7545179562
Himachal Pradesh,11,3,4,Luxury,119317.50334186241
Delhi,4,1,1,Budget,1888.5462717384266
Agra,10,13,1,Moderate,33980.2457178247
Karnataka,7,14,8,Moderate,256012.1142931806
Maharashtra,1,14,4,Moderate,223247.40604771554
Maharashtra,11,13,6,Moderate,316400.91753731435
Agra,6,10,5,Budget,57649.66771709406
Uttarakhand,8,9,6,Luxury,403712.8742133332
Rajasthan,1,11,4,Luxury,587172.9859416409
Rajasthan,8,1,4,Budget,6074.340229670696
Maharashtra,7,5,7,Moderate,98751.92045244398
Kerala,1,5,1,Luxury,82960.00931196284
Maharashtra,9,2,9,Moderate,39368.94265257421
Maharashtra,11,14,3,Luxury,515548.7738398773
Agra,3,14,4,Moderate,128774.20382007182
Delhi,2,13,9,Budget,138876.07576625797
Agra,7,1,5,Moderate,13574.57067803454
Karnataka,11,6,4,Moderate,83940.4370981495
Maharashtra,3,7,6,Budget,58323.96146528625
Rajasthan,1,11,1,Budget,26984.133868302506
Tamil Nadu,10,11,1,Moderate,39528.31202213796
Rajasthan,3,9,5,Moderate,140014.95984356516
Goa,6,8,5,Moderate,144047.59345648403
Uttarakhand,3,10,9,Luxury,524639.3138318798
Himachal Pradesh,5,3,1,Moderate,15762.272853852266
Karnataka,9,9,3,Luxury,244062.94295718687
Karnataka,7,1,3,Luxury,25922.01596031947
Uttarakhand,2,13,4,Luxury,439773.3459235306
Tamil Nadu,1,6,7,Budget,63428.89932525788
Himachal Pradesh,7,13,7,Budget,130083.55060851318
Delhi,4,14,5,Luxury,658612.1199962785
Maharashtra,11,10,9,Luxury,893306.1818078244
Himachal Pradesh,7,2,7,Luxury,104600.40132794781
Tamil Nadu,6,10,2,Budget,27746.132834740227
Kerala,7,9,3,Budget,47590.09927621871
Goa,4,9,7,Budget,94709.50588348057
Himachal Pradesh,3,8,5,Luxury,389816.09219027305
Himachal Pradesh,12,13,7,Luxury,884885.8198877168
Goa,5,11,9,Moderate,302824.98225083697
Maharashtra,3,7,9,Moderate,180534.00537845583
Himachal Pradesh,3,14,3,Budget,62950.47621605797
Goa,4,6,8,Budget,68809.27457873742
Goa,8,2,6,Moderate,45349.62202011326
Goa,2,14,4,Budget,97052.3484340409
Agra,4,4,4,Luxury,129458.0943732866
Tamil Nadu,11,10,4,Moderate,143171.36216249448
Agra,3,7,7,Luxury,284028.42695338937
Kerala,7,14,6,Moderate,214666.1752365448
Delhi,2,13,2,Moderate,90715.50168765384
Agra,1,6,5,Budget,44719.64482076696
Agra,10,9,5,Luxury,338551.7210547068
Tamil Nadu,1,13,6,Luxury,623350.5393535767
Delhi,6,13,7,Luxury,689664.7969958796
Uttarakhand,3,5,8,Luxury,252720.59356545022
Goa,7,12,8,Budget,138401.6258103994
Karnataka,8,12,5,Luxury,577063.3323124867
Delhi,5,6,2,Budget,19281.464256569467
Kerala,5,10,8,Moderate,198843.8717625811
Maharashtra,12,6,6,Luxury,413262.0340762642
Kerala,2,14,3,Budget,85674.2807703992
Goa,8,8,4,Moderate,116681.13072740902
Delhi,10,8,1,Luxury,82622.3165092211
Kerala,1,6,3,Luxury,271157.92833039665
Kerala,10,8,4,Budget,57331.27521724145
Uttarakhand,9,7,2,Moderate,40824.63967997897
Uttarakhand,1,1,6,Moderate,15232.449959969686
Delhi,1,5,8,Moderate,97593.46632632946
Goa,1,11,6,Moderate,310445.32923462027
Agra,7,10,3,Luxury,221589.76635870917
Rajasthan,4,10,9,Moderate,204728.73110902042
Himachal Pradesh,12,13,4,Budget,103095.39833063049
Karnataka,7,10,6,Budget,77054.85050655277
Himachal Pradesh,5,5,4,Luxury,271921.53932787356
Tamil Nadu,12,10,4,Budget,58995.71348847194
Uttarakhand,7,14,2,Luxury,217902.91901499184
Delhi,10,9,2,Moderate,63281.96218063967
Himachal Pradesh,7,7,2,Luxury,156786.258892524
Goa,4,7,2,Moderate,51023.58946119437
Karnataka,2,10,8,Budget,83170.73757964875
Himachal Pradesh,8,2,4,Luxury,70993.68671462237
Karnataka,2,8,4,Moderate,112903.35329295704
Maharashtra,9,3,3,Luxury,106736.19370858216
Goa,5,9,5,Moderate,176823.01252302117
Rajasthan,9,6,4,Luxury,230874.06602954664
Kerala,9,9,7,Luxury,605885.0567118728
Karnataka,8,9,7,Luxury,555616.9238517386
Goa,8,7,6,Luxury,370049.09381949046
Karnataka,4,10,7,Moderate,155339.01833337266
Karnataka,4,12,7,Moderate,217368.6757641281
Agra,2,8,8,Luxury,348760.1957586092
Agra,4,2,1,Luxury,18024.65897307897
Goa,4,5,3,Budget,26645.010432602056
Agra,6,3,3,Moderate,27280.60787750317
Tamil Nadu,3,1,5,Moderate,14285.435214238063
Rajasthan,2,13,7,Moderate,226435.81344006315
Delhi,8,6,6,Moderate,93509.76236979604
Goa,2,13,4,Budget,98510.02084202367
Goa,8,12,6,Luxury,754471.5272676739
Tamil Nadu,7,9,7,Luxury,442528.63431790605
Uttarakhand,3,2,4,Luxury,64932.1483904882
Uttarakhand,6,9,8,Budget,110469.55378349706
Agra,6,8,5,Budget,51815.725411346604
Delhi,10,11,3,Luxury,325224.037893357
Agra,5,9,2,Budget,24814.225571379255
Maharashtra,8,5,1,Budget,10230.120518149135
Maharashtra,11,13,4,Budget,97968.85872843927
Kerala,12,2,2,Budget,11107.745297022526
Maharashtra,5,10,3,Luxury,369367.9616251179
Uttarakhand,7,10,1,Budget,13919.058480895636
Rajasthan,6,6,6,Luxury,255902.92185486146
Maharashtra,11,7,4,Moderate,132281.26363396013
Agra,7,3,5,Budget,18366.91641361347
Karnataka,9,14,8,Moderate,283194.245419467
Goa,3,6,4,Moderate,86885.73587525546
Rajasthan,10,6,6,Budget,47091.22848216057
Rajasthan,7,8,3,Luxury,244597.65332698802
Agra,10,1,8,Luxury,52079.64910829618
Goa,3,4,3,Luxury,166541.79307940236
Uttarakhand,2,1,7,Budget,8665.612074027777
Rajasthan,12,8,7,Budget,89548.20585555118
Kerala,7,2,3,Luxury,61754.85656398719
Agra,4,8,3,Luxury,208915.24204284322
Rajasthan,1,3,8,Moderate,79884.11091577198
Delhi,6,8,3,Moderate,74156.89197806132
Goa,11,6,2,Budget,41872.11536001832
Maharashtra,6,1,5,Luxury,55441.29339493483
Rajasthan,6,7,7,Luxury,391635.2121737251
Agra,2,13,8,Budget,96977.68039084542
Maharashtra,1,7,1,Luxury,97203.88801075042
Kerala,3,6,2,Budget,21833.799998661063
Maharashtra,12,1,7,Moderate,26188.010319642555
Delhi,2,5,9,Luxury,271993.9759190184
Uttarakhand,6,1,3,Luxury,31447.714149554587
Rajasthan,12,1,8,Budget,14881.599682212067
Himachal Pradesh,6,6,3,Budget,37448.161584744856
Himachal Pradesh,5,8,4,Budget,83120.87741126513
Maharashtra,10,1,2,Budget,4422.795892088007
Tamil Nadu,10,2,9,Moderate,40519.158938879395
Goa,5,5,5,Budget,49498.959526779516
Himachal Pradesh,9,8,5,Luxury,321141.0348437194
Tamil Nadu,5,11,4,Luxury,361235.4851588276
Himachal Pradesh,10,4,5,Luxury,204722.19460893754
Tamil Nadu,6,14,1,Luxury,121588.76520803184
Goa,11,5,6,Moderate,143001.50833029058
Karnataka,4,10,4,Moderate,124558.30379169912
Himachal Pradesh,10,5,4,Moderate,63629.34210146056
Delhi,1,3,5,Budget,28555.894172795695
Rajasthan,4,6,1,Luxury,61017.74131724705
Tamil Nadu,2,5,4,Luxury,155120.15298128588
Rajasthan,10,2,3,Moderate,18587.778750563273
Agra,3,14,5,Budget,81379.04237692548
Agra,7,10,5,Moderate,124438.89775848745
Goa,7,14,8,Luxury,1128494.3524126722
Tamil Nadu,1,4,1,Luxury,48253.00426199892
Kerala,8,11,3,Moderate,117453.76273118488
Agra,7,4,5,Luxury,148054.41122107845
Goa,1,7,3,Moderate,145938.11193845698
Agra,8,7,6,Moderate,98038.07745389025
Agra,2,9,3,Moderate,64653.57975866133
Kerala,8,10,6,Moderate,202285.14948739778
Himachal Pradesh,3,12,8,Luxury,730742.0940570112
Maharashtra,10,2,4,Budget,12815.323500338856
Karnataka,7,6,8,Luxury,318319.1886327887
Agra,6,2,7,Moderate,26053.122091980284
Agra,5,9,4,Luxury,313468.0125355381
Delhi,11,2,3,Budget,9880.031381676816
Karnataka,10,6,5,Luxury,287533.05333790317
Kerala,11,8,5,Moderate,182649.12933648835
Rajasthan,2,6,7,Budget,44984.47370995956
Tamil Nadu,2,12,1,Luxury,116442.31559740403
Agra,12,3,9,Budget,24788.35990739459
Maharashtra,1,5,2,Luxury,157311.9128815216
Tamil Nadu,9,4,9,Budget,36088.15210109513
Karnataka,11,1,9,Moderate,23628.922596802946
Tamil Nadu,8,5,3,Moderate,48950.12558792708
Himachal Pradesh,8,10,7,Budget,93639.61583587043
Agra,1,12,3,Luxury,359924.0289267826
Tamil Nadu,5,5,8,Moderate,93903.40086756504
Rajasthan,12,7,8,Luxury,611235.9516082394
Rajasthan,6,12,3,Budget,59405.25749384746
Agra,2,7,5,Luxury,267433.0616084598
Uttarakhand,10,2,7,Budget,14565.009318281653
Rajasthan,5,14,1,Luxury,130120.63007061092
Tamil Nadu,6,4,3,Budget,18475.778778752257
Goa,9,1,1,Budget,2063.711159488472
Rajasthan,10,13,2,Budget,37358.765449432576
Karnataka,1,5,7,Budget,50381.27313814647
Uttarakhand,10,5,7,Luxury,250742.22206894465
Tamil Nadu,3,4,3,Moderate,37868.44333221854
Kerala,12,10,6,Budget,151332.0154869087
Delhi,9,12,6,Budget,99467.70058907718
Kerala,1,12,2,Moderate,134326.3859079293
Himachal Pradesh,1,7,9,Moderate,133319.4383380214
Delhi,1,6,8,Budget,70599.11693266133
Himachal Pradesh,7,13,2,Budget,45690.63857208887
Delhi,5,10,4,Luxury,390788.82771298825
Delhi,6,3,9,Moderate,62681.14612019174
Goa,8,2,4,Luxury,87712.17115492643
Maharashtra,2,4,7,Budget,39231.543704580574
Karnataka,2,9,5,Budget,74864.39418002183
Kerala,3,10,6,Budget,87226.00991724565
Rajasthan,3,5,1,Budget,9292.863910931066
Tamil Nadu,3,1,4,Moderate,10808.732188951857
Uttarakhand,4,11,5,Luxury,451707.94300492044
Karnataka,3,3,6,Moderate,45058.89158551324
Himachal Pradesh,2,9,6,Budget,84703.91644085679
Goa,9,7,5,Luxury,432790.29004525306
Himachal Pradesh,6,3,3,Budget,23263.900618291726
Maharashtra,3,1,2,Moderate,7642.744355966457
Uttarakhand,9,4,7,Budget,31879.35801887875
Goa,4,9,1,Moderate,42560.64300579972
Himachal Pradesh,4,12,5,Moderate,165593.9804558074
Maharashtra,8,7,4,Budget,46724.83506653717
Tamil Nadu,7,5,7,Budget,44084.725086782324
Tamil Nadu,7,13,2,Moderate,92398.55757761514
Himachal Pradesh,10,11,8,Luxury,607533.1305288783
Karnataka,7,14,9,Moderate,250146.5904069009
Uttarakhand,10,6,1,Luxury,65922.42473013625
Agra,11,1,5,Moderate,13622.26429647212
Karnataka,5,7,4,Budget,47708.376264136394
Tamil Nadu,7,12,5,Moderate,152650.61108216806
Uttarakhand,4,5,9,Luxury,294120.31356803176
Maharashtra,8,7,3,Luxury,245251.07412053144
Goa,9,5,1,Luxury,65781.06225706318
Delhi,12,5,3,Luxury,153685.33831822802
Himachal Pradesh,3,3,4,Luxury,107753.68807065595
Kerala,7,5,2,Moderate,42069.4509826211
Uttarakhand,12,8,1,Budget,15538.143726779921
Rajasthan,10,14,1,Budget,21977.79545999767
Maharashtra,9,8,8,Moderate,158608.84612411956
Agra,1,2,4,Budget,10663.535840451486
Delhi,2,11,2,Moderate,77223.8675759791
Rajasthan,7,1,3,Luxury,32443.217311468365
Agra,2,2,8,Moderate,27822.909893528526
Kerala,7,11,6,Budget,107878.29845323501
Tamil Nadu,1,7,8,Budget,65077.52908435916
Karnataka,3,3,5,Budget,25355.378719309618
Himachal Pradesh,5,8,3,Moderate,115155.07895031785
Goa,12,4,6,Moderate,134166.96174731816
Agra,11,10,8,Moderate,168698.42181974332
Delhi,6,10,5,Budget,78090.38972971564
Uttarakhand,9,8,5,Moderate,89547.95612805743
Tamil Nadu,9,14,3,Moderate,106885.67253320722
Uttarakhand,3,2,3,Budget,9181.625605204554
Delhi,8,13,8,Luxury,626012.6039749829
Uttarakhand,4,14,1,Luxury,149149.13482472807
Agra,7,5,4,Budget,26427.747644758532
Maharashtra,6,6,9,Budget,64589.99729950093
Uttarakhand,8,1,6,Luxury,40313.48138636291
Karnataka,6,14,6,Moderate,203864.22755131457
Kerala,4,1,7,Budget,10348.947749226947
Goa,2,14,7,Luxury,1041962.778931371
Agra,7,9,6,Moderate,130859.33768476617
Rajasthan,11,5,9,Budget,73413.62445385635
Delhi,11,14,8,Luxury,812354.6076525134
Tamil Nadu,4,4,8,Moderate,75386.54291279818
Agra,9,14,2,Moderate,90941.29090425148
Maharashtra,9,1,7,Luxury,57346.90236513842
Tamil Nadu,7,3,1,Moderate,9663.479013076641
Karnataka,5,13,8,Luxury,640969.0136213308
Delhi,3,4,3,Luxury,124691.39779996418
Tamil Nadu,3,11,9,Moderate,167836.96616722798
Uttarakhand,9,11,5,Luxury,420690.334421299
Agra,9,5,7,Luxury,225558.45536727324
Kerala,12,14,7,Budget,178359.1582138332
Delhi,11,10,9,Luxury,614197.3312540377
Himachal Pradesh,4,12,2,Moderate,94199.35667558588
Karnataka,11,14,4,Luxury,586961.5317522744
Goa,1,5,8,Moderate,187331.62198049502
Delhi,10,10,5,Budget,75232.93200377969
Maharashtra,5,8,5,Moderate,130663.07683304415
Agra,8,13,3,Luxury,274556.6907348431
Uttarakhand,10,13,5,Moderate,141979.4676858414
Goa,4,3,7,Budget,33000.716512728955
Goa,10,7,4,Budget,46665.413628807684
Karnataka,10,14,8,Budget,143830.39474623033
Tamil Nadu,4,13,6,Moderate,186147.91853753917
Maharashtra,12,6,6,Moderate,143562.62477443586
Tamil Nadu,9,10,6,Moderate,144408.60379820125
Uttarakhand,9,11,4,Budget,62143.888175085376
Goa,7,10,3,Moderate,133638.50134524974
Maharashtra,10,10,6,Budget,105399.24191365489
Maharashtra,8,11,6,Budget,88883.99140204923
Rajasthan,12,6,2,Luxury,187387.66520436708
Agra,12,10,9,Luxury,594420.9938720891
Goa,4,9,4,Budget,71680.52404638793
Goa,8,14,4,Budget,92901.59035103278
Maharashtra,6,7,8,Budget,66576.86057452382
Tamil Nadu,3,13,3,Luxury,347175.1846086887
Goa,7,11,7,Budget,105161.73327658481
Maharashtra,3,7,7,Luxury,468017.7639327429
Goa,11,11,2,Luxury,457820.69488235266
Maharashtra,7,14,3,Moderate,140533.90988853626
Rajasthan,5,1,4,Moderate,11739.556683730461
Agra,4,1,2,Moderate,5862.417414469693
Maharashtra,3,9,9,Luxury,678393.0571281936
Goa,8,9,6,Budget,104477.45411810045
Uttarakhand,4,12,1,Moderate,32838.39005985336
Agra,8,11,1,Luxury,98297.27108239628
Rajasthan,10,10,8,Budget,99279.67465968523
Maharashtra,3,3,6,Moderate,61732.665445481194
Uttarakhand,10,11,7,Luxury,523933.943752659
Maharashtra,9,11,6,Moderate,188082.4075736853
Tamil Nadu,6,8,2,Moderate,51049.281559578914
Goa,5,9,3,Luxury,317377.311615291
Delhi,5,1,8,Moderate,17703.7763790898
Karnataka,3,12,4,Luxury,429602.2062010839
Kerala,2,14,8,Luxury,780427.1394967488
Tamil Nadu,6,3,3,Moderate,28640.43882470237
Uttarakhand,11,13,2,Budget,41991.83466381551
Tamil Nadu,1,6,7,Budget,58960.00376250041
Himachal Pradesh,7,4,1,Budget,7268.934094150605
Maharashtra,5,8,3,Luxury,298506.58198904886
Maharashtra,4,9,2,Moderate,64492.21570229033
Kerala,9,7,5,Budget,54900.77739082072
Kerala,10,11,2,Moderate,87450.07264644305
Himachal Pradesh,1,1,5,Budget,8333.015806887297
Goa,11,14,3,Budget,133300.9602534898
Karnataka,4,2,9,Moderate,35377.03839690208
Delhi,3,1,9,Moderate,16639.330253116375
Delhi,6,9,8,Moderate,141708.24527111906
Rajasthan,5,4,5,Moderate,57007.60924657394
Rajasthan,7,10,7,Budget,79137.11675496522
Goa,1,14,2,Moderate,161210.5986469886
Rajasthan,5,8,3,Luxury,198561.541285769
Rajasthan,2,5,2,Budget,17332.164312100238
Himachal Pradesh,2,5,1,Luxury,61333.37910174422
Himachal Pradesh,11,5,3,Budget,28403.003136183106
Rajasthan,11,11,4,Budget,100985.14645537916
Tamil Nadu,2,5,9,Luxury,255611.19078474585
Agra,9,3,2,Budget,8474.112251926003
Agra,10,6,9,Luxury,303510.45073139935
Goa,3,14,1,Budget,33512.87364969318
Delhi,4,1,9,Moderate,19721.249659336907
Kerala,5,8,6,Budget,81977.12983707496
Goa,4,13,8,Luxury,981102.1765433584
Rajasthan,4,4,3,Moderate,40642.043094627785
Himachal Pradesh,5,6,8,Moderate,181908.78111714916
Maharashtra,10,2,9,Moderate,44820.82914799062
Tamil Nadu,9,2,7,Moderate,30049.80924892653
Uttarakhand,12,8,4,Budget,66708.3423559008
Himachal Pradesh,9,14,6,Luxury,710482.2281339411
Agra,6,1,6,Moderate,13934.062683763534
Himachal Pradesh,11,8,2,Luxury,169619.88016621445
Tamil Nadu,12,10,2,Luxury,218681.49133855666
Kerala,3,10,5,Moderate,168220.50339500475
Rajasthan,6,1,1,Luxury,11020.832917088826
Maharashtra,10,9,5,Luxury,427612.0079287241
Agra,4,1,3,Luxury,22032.69996988308
Agra,3,4,3,Luxury,86449.41829225692
Karnataka,6,9,8,Budget,76548.28607255802
Delhi,11,1,3,Budget,6210.407367018911
Kerala,6,9,3,Budget,45482.061655046855
Agra,2,14,1,Luxury,132748.88441934396
Delhi,9,8,8,Budget,68157.35077545056
Agra,8,5,6,Moderate,70876.81915568592
Rajasthan,6,6,8,Luxury,375181.36632162664
Delhi,1,5,3,Budget,24658.46293259517
Tamil Nadu,12,4,6,Budget,37283.95901973776
Karnataka,2,12,2,Luxury,236572.8053906696
Rajasthan,4,10,3,Luxury,248025.07978696053
Tamil Nadu,7,14,4,Luxury,411718.99425744795
Maharashtra,9,13,9,Moderate,283488.43187863287
Kerala,10,12,4,Budget,82594.16339104825
Kerala,5,4,7,Moderate,81864.35540648423
Uttarakhand,10,14,8,Budget,118839.6855026848
Uttarakhand,2,10,5,Luxury,429844.44829538156
Delhi,11,8,2,Budget,28602.242480081535
Kerala,11,8,8,Luxury,822708.0349681336
Delhi,11,9,5,Budget,76240.19460616421
Uttarakhand,1,3,5,Moderate,42553.69374646815
Maharashtra,10,10,7,Budget,100636.09725701968
Agra,1,8,6,Luxury,386677.1752818449
Tamil Nadu,5,3,3,Moderate,26107.062892219783
Himachal Pradesh,7,2,7,Moderate,32731.716812124007
Delhi,9,2,1,Budget,3127.256174173266
Maharashtra,9,9,4,Budget,64597.936553303014
Tamil Nadu,8,4,4,Moderate,45327.12554700693
Kerala,1,5,6,Budget,66847.91288161761
Agra,5,2,6,Luxury,69162.13425621612
Tamil Nadu,6,9,8,Luxury,464095.2370525833
Karnataka,6,7,1,Budget,11527.020491833384
Uttarakhand,4,3,7,Moderate,47976.661948388246
Tamil Nadu,1,6,4,Budget,37826.38238912674
Himachal Pradesh,3,7,6,Moderate,137349.70262494934
Maharashtra,10,14,9,Moderate,304112.57799084845
Agra,4,12,3,Luxury,319664.18842108664
Rajasthan,4,6,8,Budget,50432.8398681388
Tamil Nadu,4,10,3,Moderate,80799.93025790993
Goa,5,11,6,Moderate,204111.69783484648
Himachal Pradesh,11,10,2,Moderate,68585.31498467526
Himachal Pradesh,9,6,9,Moderate,136005.74926395656
Goa,4,13,2,Luxury,359855.2560526726
Karnataka,9,8,5,Luxury,348319.19312422595
Rajasthan,9,14,6,Luxury,599601.303989468
Uttarakhand,1,8,4,Luxury,225767.5150391289
Maharashtra,5,5,7,Luxury,319678.1503540113
Agra,9,14,7,Budget,109282.4414113543
Maharashtra,4,4,7,Budget,42470.60193067007
Rajasthan,5,11,7,Luxury,566162.9518840134
Maharashtra,4,5,9,Moderate,129486.78721874242
Goa,2,9,2,Moderate,65976.85868220708
Himachal Pradesh,10,12,5,Budget,104562.84966945814
Maharashtra,2,10,9,Budget,105790.22138731687
Delhi,2,6,2,Budget,19250.6214833376
Tamil Nadu,1,3,3,Luxury,103518.25093413447
Rajasthan,3,3,7,Moderate,47238.01842713456
Karnataka,11,14,9,Moderate,356795.68865718634
Delhi,10,1,3,Budget,4487.640945052141
Goa,1,5,8,Budget,99347.69372942443
Kerala,4,6,8,Budget,56254.360700540085
Goa,1,8,4,Budget,103691.32967126601
Karnataka,4,11,6,Luxury,597429.0808304689
Karnataka,3,9,8,Moderate,156029.43707184456
Delhi,9,7,9,Luxury,383520.1108638807
Tamil Nadu,1,1,2,Moderate,6630.8177466256275
Rajasthan,8,7,1,Luxury,75698.8384790718
Uttarakhand,11,10,5,Moderate,145684.2681090987
Himachal Pradesh,9,9,3,Luxury,242051.56378772244
Delhi,12,4,6,Moderate,70114.0133530361
Karnataka,7,11,1,Luxury,131453.71886702641
Kerala,1,12,4,Moderate,241738.69831396907
Agra,4,7,6,Budget,44967.19645643324
Karnataka,10,9,2,Moderate,65190.6984226508
Tamil Nadu,1,1,8,Moderate,19319.235569335167
Tamil Nadu,4,12,4,Luxury,383181.61416021426
Karnataka,3,10,2,Budget,38377.9461085437
Tamil Nadu,2,9,1,Luxury,86202.037173567
Delhi,1,4,8,Moderate,92616.20669987012
Karnataka,6,12,1,Moderate,39748.159746155165
Karnataka,12,8,7,Moderate,168765.00370961393
Rajasthan,7,3,7,Moderate,52251.39568317581
Himachal Pradesh,6,2,6,Luxury,133612.3688633302
Kerala,9,13,8,Budget,132020.15562462588
Tamil Nadu,12,12,1,Moderate,51224.047591940056
Rajasthan,9,8,1,Luxury,75469.91884782263
Uttarakhand,2,8,1,Luxury,76817.30777933072
Uttarakhand,2,3,6,Luxury,120338.0800441435
Maharashtra,9,13,7,Luxury,781006.6294176746
Delhi,1,8,9,Luxury,523971.2926709344
Delhi,5,11,5,Moderate,161176.72652888086
Goa,1,11,1,Moderate,80201.16523499727
Kerala,7,6,9,Budget,64794.90068110395
Karnataka,9,10,5,Budget,66598.19683122837
Tamil Nadu,6,9,6,Budget,74215.00373203789
Kerala,2,10,9,Budget,97832.94516721593
Maharashtra,6,13,2,Luxury,318544.61884846375
Goa,9,6,3,Luxury,220491.28986758145
Rajasthan,3,8,7,Luxury,385256.8497411252
Kerala,9,2,3,Luxury,73605.28400030239
Rajasthan,8,1,2,Luxury,21007.337290330484
Uttarakhand,12,10,7,Luxury,652629.2243217541
Tamil Nadu,7,10,8,Luxury,506072.03566402185
Maharashtra,8,2,9,Luxury,119442.37909710627
Karnataka,10,12,2,Budget,45731.73589799444
Tamil Nadu,6,4,2,Moderate,21947.333992185148
Himachal Pradesh,3,10,7,Budget,84741.13141408506
Delhi,7,9,4,Luxury,288960.6653888509
Maharashtra,4,7,5,Luxury,307093.61207209446
Kerala,11,9,1,Luxury,178017.81752664738
Tamil Nadu,10,9,6,Moderate,149940.38585241933
Agra,5,9,8,Luxury,437060.3996367571
Delhi,8,8,1,Luxury,93519.42931159753
Delhi,7,6,2,Budget,20997.753386362492
Agra,7,14,7,Budget,108611.12458700105
Goa,8,11,2,Luxury,315116.79260580364
Goa,10,10,9,Moderate,213251.5980245302
Agra,3,7,6,Moderate,81876.64081393884
Himachal Pradesh,3,2,5,Budget,13164.377584994108
Uttarakhand,2,11,7,Budget,84116.03463957133
Agra,1,1,8,Moderate,21226.94874181819
Uttarakhand,10,13,9,Budget,124785.24368821505
Tamil Nadu,6,5,6,Luxury,241592.21122159404
Himachal Pradesh,6,8,5,Luxury,495998.2738881336
Maharashtra,10,3,7,Luxury,203233.52272646403
Uttarakhand,12,7,2,Luxury,163655.8644869923
Delhi,8,5,8,Budget,46665.052166952315
Tamil Nadu,6,12,4,Luxury,433719.9446700408
Delhi,6,10,1,Luxury,92161.89367075646
Himachal Pradesh,1,13,3,Luxury,445051.99959858856
Uttarakhand,12,8,9,Luxury,620202.9652193416
Rajasthan,7,6,4,Moderate,72112.83216716856
Himachal Pradesh,7,6,3,Luxury,160435.6717441146
Himachal Pradesh,10,7,4,Budget,47858.84153304314
Rajasthan,9,7,3,Luxury,195309.5656656089
Tamil Nadu,12,4,3,Moderate,45804.663295192455
Uttarakhand,7,10,2,Luxury,157030.18739169106
Uttarakhand,8,12,6,Budget,88337.76595825153
Delhi,4,10,6,Budget,77498.35358809897
Himachal Pradesh,9,10,4,Moderate,126479.64236941402
Himachal Pradesh,1,13,8,Budget,129117.08735757346
Karnataka,8,8,6,Budget,59080.90343634297
Maharashtra,3,6,8,Budget,74079.23788362587
Himachal Pradesh,1,11,6,Moderate,199651.34004513948
Kerala,2,13,9,Moderate,245827.7037934999
Maharashtra,6,8,3,Moderate,79274.57285706584
Kerala,5,7,3,Moderate,69037.81118394795
Uttarakhand,3,1,2,Moderate,5605.25384291352
Maharashtra,9,4,6,Moderate,75421.96864901659
Himachal Pradesh,8,7,7,Moderate,131765.4795144136
Rajasthan,3,9,7,Moderate,137949.1300492584
Delhi,2,2,5,Moderate,31977.66846541734
Kerala,8,5,6,Luxury,296306.2841089056
Maharashtra,5,9,7,Moderate,192637.37942185786
Himachal Pradesh,9,9,2,Luxury,181951.46957577852
Maharashtra,1,6,7,Moderate,166416.7603226531
Himachal Pradesh,10,7,1,Moderate,25125.64596039755
Himachal Pradesh,3,9,6,Moderate,145554.18203863953
Himachal Pradesh,5,14,8,Luxury,1110622.9534608102
Karnataka,2,14,1,Luxury,134324.73373990678
Delhi,3,10,1,Moderate,30399.467187809638
Rajasthan,4,8,6,Moderate,125085.3630711049
Rajasthan,4,14,5,Luxury,655341.3011360588
Maharashtra,11,10,3,Moderate,154139.50737689514
Maharashtra,9,6,7,Moderate,133693.7038958159
Himachal Pradesh,1,6,7,Luxury,325549.80240030127
Karnataka,12,7,7,Luxury,430901.44100295514
Himachal Pradesh,9,7,6,Luxury,328472.85302050406
Karnataka,9,2,4,Moderate,25450.220946856065
Himachal Pradesh,11,9,9,Luxury,551124.7272909664
Kerala,6,4,9,Moderate,85541.96355618336
Kerala,11,13,7,Budget,180564.06224239
Uttarakhand,1,13,7,Budget,104424.99642567242
Himachal Pradesh,11,10,8,Moderate,203998.19740343958
Delhi,12,9,5,Moderate,168218.82679562006
Uttarakhand,6,12,9,Luxury,939209.7665417364
Maharashtra,8,11,6,Moderate,197290.18796111856
Tamil Nadu,5,10,7,Moderate,155856.33484034726
Himachal Pradesh,5,3,7,Luxury,216277.06546337964
Kerala,1,5,9,Moderate,146003.4177097866
Tamil Nadu,1,5,7,Budget,42818.19890724521
Karnataka,8,7,3,Moderate,60156.31299850321
Tamil Nadu,5,12,6,Luxury,521397.79076623573
Delhi,8,4,6,Moderate,71677.40289647938
Himachal Pradesh,10,11,7,Moderate,207155.66481654215
Rajasthan,2,13,6,Moderate,219624.4864733559
Tamil Nadu,4,12,4,Budget,65254.399452952945
Rajasthan,11,4,6,Luxury,273668.67569644103
Karnataka,10,13,3,Budget,57633.75628496553
Uttarakhand,9,13,1,Budget,19551.072449705815
Rajasthan,3,1,1,Luxury,11850.316665377757
Uttarakhand,6,6,5,Luxury,321611.8210310566
Kerala,11,4,8,Budget,56865.29502743154
Himachal Pradesh,7,11,3,Budget,59202.187163939205
Tamil Nadu,3,10,2,Moderate,60921.475295354736
Kerala,1,10,8,Luxury,1027915.3803653951
Kerala,2,5,9,Budget,47403.806187342154
Agra,11,14,9,Moderate,273940.54278101696
Goa,10,11,2,Budget,51274.35013733513
Delhi,7,9,8,Budget,90592.44991014886
Uttarakhand,7,4,2,Luxury,70691.21711641313
Agra,12,1,7,Budget,9457.794546452345
Goa,1,11,8,Luxury,1320129.509430949
Delhi,10,9,1,Budget,16326.10913508735
Uttarakhand,7,5,8,Moderate,90977.2864955342
Himachal Pradesh,10,10,3,Luxury,314610.0332027787
Delhi,11,13,1,Luxury,178061.04783634868
Tamil Nadu,6,12,7,Moderate,219693.9426899765
Kerala,11,13,3,Luxury,671880.4930578922
Goa,6,11,8,Moderate,230714.98094078287
Goa,7,7,9,Luxury,446296.1478626621
Goa,7,3,2,Luxury,84154.51788409725
Uttarakhand,1,4,1,Luxury,35616.38049376454
Tamil Nadu,10,12,8,Luxury,687307.1365614375
Delhi,5,10,6,Budget,71571.68095014957
Kerala,8,9,1,Budget,20219.65218897223
Tamil Nadu,8,10,3,Budget,48629.20453772479
Agra,3,13,9,Luxury,704064.5724532555
Himachal Pradesh,3,1,9,Budget,9437.273394281925
Rajasthan,7,12,6,Luxury,631388.5735695985
Tamil Nadu,4,11,3,Luxury,301753.56367354625
Agra,6,5,8,Moderate,68265.79269611485
Kerala,9,8,6,Moderate,162620.95137832398
Rajasthan,10,10,1,Moderate,31793.738670114682
Rajasthan,2,7,6,Luxury,302321.9169562388
Tamil Nadu,2,14,5,Moderate,196111.47587457154
Goa,6,14,8,Moderate,335763.55621428316
Maharashtra,3,4,2,Luxury,107337.13797345452
Kerala,1,7,7,Luxury,581644.0561653516
Goa,2,1,6,Budget,8732.978884789214
Kerala,7,6,1,Luxury,82691.98606411788
Maharashtra,4,9,8,Budget,92758.94024522605
Himachal Pradesh,12,3,6,Luxury,193607.62376903484
Maharashtra,2,4,3,Moderate,51951.45817034157
Karnataka,11,8,5,Luxury,434282.34195831866
Tamil Nadu,12,12,7,Budget,104159.59670245097
Tamil Nadu,12,5,9,Luxury,353075.4308289408
Agra,8,5,4,Luxury,173444.73117083777
Goa,4,1,2,Moderate,9527.983258753926
Agra,4,6,3,Luxury,132617.6097526482
Karnataka,2,14,7,Moderate,219758.977726794
Maharashtra,1,2,8,Budget,25196.1066172207
Tamil Nadu,1,1,5,Luxury,45450.670612579146
Uttarakhand,3,6,3,Budget,25188.426899191414
Maharashtra,6,5,1,Luxury,68650.73433873232
Maharashtra,7,13,1,Moderate,46568.01049767201
Karnataka,9,5,2,Luxury,110980.2238519112
Himachal Pradesh,5,9,5,Moderate,219395.0100248966
Kerala,9,12,3,Budget,62839.538142101344
Karnataka,8,10,7,Budget,90243.63699603772
Kerala,1,10,2,Moderate,118376.74920919834
Tamil Nadu,11,13,2,Luxury,274560.7825083142
Karnataka,12,3,3,Moderate,38321.62439578929
Kerala,3,1,1,Moderate,3643.5963700456377
Agra,8,14,2,Moderate,69381.12066321168
Karnataka,9,14,5,Moderate,225930.60046320915
Tamil Nadu,4,8,3,Budget,32181.336769862366
Karnataka,12,12,6,Moderate,256410.86861616146
Tamil Nadu,6,5,2,Moderate,34842.14880887923
Karnataka,4,11,8,Budget,91400.16245267558
Kerala,9,5,4,Budget,36108.29736105599
Himachal Pradesh,2,8,3,Budget,42840.452502591375
Delhi,6,8,5,Luxury,348487.05001822585
Kerala,11,11,8,Luxury,966390.2575019571
Goa,3,2,9,Budget,20987.63988445337
Rajasthan,10,3,1,Moderate,9235.231191849598
Himachal Pradesh,4,10,4,Moderate,120398.17171908851
Agra,2,10,6,Budget,65600.31613972608
Maharashtra,11,1,6,Budget,12762.36493478632
Kerala,8,3,9,Luxury,205135.28060553587
Karnataka,10,12,1,Budget,19043.947552820504
Kerala,8,4,5,Luxury,216175.53352861738
Uttarakhand,1,11,1,Budget,18763.447933583277
Himachal Pradesh,10,7,6,Moderate,119433.31311851562
Delhi,6,9,9,Budget,84106.33609117953
Agra,1,12,4,Moderate,165967.78281953934
Uttarakhand,6,5,9,Budget,61387.34809947383
Tamil Nadu,7,12,3,Luxury,321027.1611341034
Uttarakhand,2,1,7,Budget,8485.916811796398
Kerala,9,2,5,Moderate,32893.91095327919
Agra,8,10,1,Moderate,27739.747061434704
Kerala,9,2,7,Moderate,45066.81796896021
Tamil Nadu,10,9,8,Budget,72141.54004624956
Maharashtra,4,10,6,Luxury,598149.8151895611
Agra,4,7,1,Luxury,62806.00885765429
Maharashtra,12,2,9,Luxury,144770.0962250313
Himachal Pradesh,8,1,7,Moderate,21183.856032574062
Himachal Pradesh,1,5,6,Moderate,81286.47468494222
Maharashtra,8,12,4,Luxury,538295.7891215689
Himachal Pradesh,7,1,3,Luxury,32974.98707066038
Agra,12,9,4,Budget,53340.284380844234
Karnataka,7,3,1,Budget,5151.628136386665
Goa,9,2,9,Budget,21084.402536991493
Himachal Pradesh,10,14,2,Luxury,344319.71939567034
Himachal Pradesh,7,13,2,Luxury,288513.7220652103
Kerala,2,6,3,Luxury,207021.12558272335
Maharashtra,1,3,1,Moderate,14978.713169102637
Rajasthan,1,5,3,Luxury,195607.01333462665
Delhi,7,10,4,Budget,68343.11675962235
Uttarakhand,5,14,9,Budget,193089.21182599608
Himachal Pradesh,4,8,5,Moderate,134732.5768351606
Uttarakhand,5,10,6,Budget,113383.74503698012
Agra,10,2,1,Budget,3067.536686894334
Rajasthan,10,12,3,Moderate,108902.15556914537
Delhi,6,13,7,Budget,106229.62594973549
Maharashtra,12,5,7,Moderate,139546.90030893168
Goa,10,11,1,Budget,28157.076978385747
Delhi,6,8,9,Moderate,148500.39864370145
Delhi,1,1,1,Moderate,4334.9334857572985
Goa,2,10,7,Luxury,722080.768325494
Karnataka,3,10,2,Moderate,74570.89512782753
Maharashtra,4,14,9,Budget,176367.0483670767
Kerala,6,11,9,Luxury,736029.9552790858
Uttarakhand,12,13,9,Luxury,966834.1165660637
Himachal Pradesh,12,12,4,Luxury,626901.7644390423
Delhi,11,13,6,Moderate,214246.3255339196
Agra,9,12,2,Moderate,59279.724689037925
Goa,12,4,3,Luxury,195851.37775065334
Uttarakhand,2,5,6,Moderate,62447.898689520785
Rajasthan,8,14,1,Budget,24758.30881017475
Goa,9,10,7,Budget,107060.81317438874
Rajasthan,2,12,2,Budget,34229.51765361039
Maharashtra,9,14,8,Moderate,261904.239097819
Delhi,7,11,5,Budget,77531.6602185432
Agra,9,3,7,Budget,22374.883968433944
Himachal Pradesh,6,12,8,Moderate,285886.0983720294
Rajasthan,2,2,3,Moderate,19863.830451167578
Uttarakhand,8,12,6,Budget,76702.50041730347
Karnataka,10,3,9,Luxury,179524.23138109926
Maharashtra,9,11,4,Luxury,423005.71545413445
Karnataka,12,5,7,Moderate,93737.73649007546
Maharashtra,8,7,1,Moderate,26863.061082290857
Kerala,2,2,7,Moderate,38778.35428595752
Uttarakhand,8,13,9,Luxury,723232.6024249714
Karnataka,3,14,8,Budget,125207.5985536072
Agra,3,7,4,Luxury,226092.24770728635
Delhi,9,6,3,Moderate,62869.41846866304
Goa,9,14,7,Luxury,862137.3679030155
Himachal Pradesh,9,7,1,Moderate,26777.36375566636
Delhi,4,7,8,Budget,61969.305716474766
Delhi,12,9,1,Moderate,32441.46926563095
Maharashtra,7,7,7,Budget,69693.48990978954
Agra,8,14,6,Budget,91018.63070349941
Maharashtra,5,12,8,Luxury,814992.0334582727
Tamil Nadu,1,13,6,Moderate,257126.24568218642
Rajasthan,9,6,5,Luxury,264993.264971061
Himachal Pradesh,6,10,9,Moderate,274816.3554378633
Rajasthan,3,8,4,Moderate,93739.74252936114
Goa,3,7,7,Moderate,172277.38979372694
Tamil Nadu,10,6,6,Luxury,278446.5847920194
Uttarakhand,1,4,6,Luxury,167089.37199102264
Goa,8,7,5,Moderate,129786.21885739577
Goa,2,12,2,Luxury,321127.648863949
Kerala,12,8,4,Moderate,162332.202967658
Himachal Pradesh,1,8,1,Luxury,101196.81885276343
Maharashtra,7,12,9,Luxury,893079.5538367392
Agra,11,12,9,Budget,117494.18384995393
Rajasthan,9,4,8,Luxury,248431.34286796
Goa,6,10,4,Moderate,173802.59156417375
Rajasthan,8,9,5,Luxury,430851.56526777963
Rajasthan,8,3,1,Luxury,28858.788876820894
Uttarakhand,9,9,4,Moderate,86268.72131352198
Himachal Pradesh,7,3,4,Luxury,120434.53828011658
Himachal Pradesh,9,13,5,Budget,105545.1261925133
Karnataka,9,7,2,Budget,23180.349160747704
Delhi,12,4,2,Budget,16140.404622185784
Himachal Pradesh,11,5,2,Budget,18850.67324412017
Rajasthan,1,13,8,Moderate,350999.33258382895
Maharashtra,6,3,2,Moderate,24236.913654393735
Rajasthan,12,2,6,Budget,20614.18948791503
Maharashtra,8,12,2,Moderate,109954.52675136145
Karnataka,10,8,8,Luxury,444953.20514800685
Maharashtra,9,14,1,Luxury,160800.90382839736
Himachal Pradesh,4,7,2,Luxury,150710.97483461277
Uttarakhand,2,7,5,Budget,42346.70563088302
Maharashtra,11,8,6,Budget,87767.71300187474
Rajasthan,9,13,9,Moderate,250333.95931955238
Agra,9,1,6,Moderate,12602.657575839527
Himachal Pradesh,12,12,8,Moderate,348547.8742303274
Agra,8,8,7,Budget,57595.77866094115
Tamil Nadu,3,10,1,Moderate,28883.041362595737
Tamil Nadu,5,12,2,Luxury,251920.66088050048
Rajasthan,2,14,4,Luxury,496409.3323134499
Tamil Nadu,3,14,1,Luxury,156185.51907521088
Delhi,1,5,8,Budget,52644.91880832472
Karnataka,4,8,4,Moderate,101927.5493918446
Himachal Pradesh,5,9,7,Moderate,260904.62463296033
Agra,12,13,7,Budget,113360.2931865817
Rajasthan,2,2,8,Budget,18926.88184065375
Delhi,3,3,9,Luxury,157192.39614018772
Rajasthan,12,6,9,Budget,78368.2390639718
Delhi,6,9,7,Luxury,468974.5220318562
Tamil Nadu,6,14,9,Luxury,773854.316161699
Tamil Nadu,7,10,5,Moderate,138168.7440973737
Maharashtra,12,10,4,Luxury,555510.5936850889
Kerala,9,8,3,Moderate,97353.25278868721
Rajasthan,4,14,6,Luxury,609931.5389826993
Maharashtra,5,13,9,Moderate,305406.8201605459
Himachal Pradesh,11,6,4,Budget,38098.68358214908
Maharashtra,2,5,2,Moderate,34983.06009379536
Goa,6,14,3,Budget,83865.04032485366
Tamil Nadu,4,13,3,Moderate,125931.24136410108
Goa,5,3,2,Budget,11205.66959526239
Rajasthan,7,12,9,Budget,117013.54063557411
Agra,6,4,4,Budget,19849.637107015817
Agra,8,13,3,Luxury,330500.81219642673
Himachal Pradesh,6,13,6,Budget,170612.50185479512
Maharashtra,10,7,8,Moderate,154790.03943204554
Agra,8,7,8,Budget,51388.77143413397
Delhi,4,3,6,Budget,20720.19287651508
Delhi,12,4,5,Moderate,62940.20876928696
Himachal Pradesh,7,3,7,Budget,26795.92282865697
Karnataka,3,2,3,Moderate,20826.796469524797
Tamil Nadu,1,6,2,Budget,21815.963939883848
Maharashtra,9,7,8,Moderate,148417.52158910412
Rajasthan,9,4,9,Moderate,70848.3464541727
Uttarakhand,6,5,6,Budget,48326.790456319315
Uttarakhand,2,8,4,Budget,40465.25695841913
Uttarakhand,8,9,6,Budget,69351.46663222686
Agra,10,7,7,Budget,58904.511381605356
Karnataka,6,10,8,Budget,102971.89154963715
Karnataka,7,14,3,Budget,60985.1613690926
Maharashtra,1,1,6,Luxury,70748.84738497698
Maharashtra,3,11,6,Budget,110277.250993715
Karnataka,1,14,7,Luxury,990025.9730088649
Himachal Pradesh,10,3,4,Luxury,125443.54920843267
Maharashtra,1,11,6,Luxury,750323.4534289486
Himachal Pradesh,12,5,2,Budget,23468.925838485484
Goa,12,3,8,Moderate,93314.4793301916
Delhi,11,1,3,Moderate,9667.483575867895
Tamil Nadu,1,2,9,Moderate,36372.26784941886
Maharashtra,4,8,8,Budget,98792.10695019666
Karnataka,7,7,6,Moderate,120324.61254117316
Delhi,7,13,2,Moderate,88374.27703000272
Delhi,12,10,8,Budget,105159.29914537443
Kerala,5,3,6,Budget,29418.064221543937
Karnataka,12,4,1,Luxury,48807.35319780057
Tamil Nadu,6,14,6,Budget,111374.5491598828
Karnataka,2,13,5,Moderate,184480.6380267521
Maharashtra,5,3,6,Budget,30116.980860840245
Rajasthan,7,13,1,Budget,24158.648650075564
Goa,9,4,4,Moderate,57809.01306532822
Himachal Pradesh,6,8,7,Moderate,235712.500579594
Rajasthan,12,9,5,Budget,94717.21611745859
Goa,10,7,6,Budget,65723.8492173462
Rajasthan,4,9,2,Budget,31485.228675128266
Himachal Pradesh,3,14,8,Moderate,297459.7495342184
Agra,9,9,4,Luxury,312635.5381571295
Karnataka,7,7,6,Budget,50814.759616349824
Rajasthan,11,7,3,Budget,50206.9948468681
Maharashtra,6,8,9,Budget,90458.04953203112
Tamil Nadu,7,12,8,Luxury,582593.4632141986
Uttarakhand,8,10,6,Budget,77784.75999986012
Maharashtra,5,12,9,Luxury,741592.4830453754
Himachal Pradesh,3,12,9,Budget,116758.046793573
Tamil Nadu,3,3,2,Moderate,20311.895680069898
Maharashtra,2,8,9,Luxury,540608.268961993
Delhi,8,1,8,Moderate,16213.079966966881
Karnataka,1,13,2,Budget,61319.71895682659
Tamil Nadu,12,6,9,Moderate,137188.06894020957
Delhi,8,2,5,Luxury,85581.10143848152
Maharashtra,3,7,9,Budget,81983.47930212972
Goa,9,13,3,Moderate,163919.86313712393
Kerala,12,3,4,Luxury,183561.12326699847
Goa,12,11,1,Luxury,239104.82016947927
Karnataka,11,10,5,Luxury,567217.5071710688
Tamil Nadu,2,5,7,Moderate,68790.17386204364
Tamil Nadu,10,10,7,Luxury,428423.46055868163
Karnataka,9,2,6,Budget,14278.928837838595
Delhi,6,1,6,Budget,7092.788570783778
Kerala,1,5,8,Luxury,407948.32467714045
Maharashtra,5,9,9,Luxury,556107.3176208718
Himachal Pradesh,10,9,4,Budget,58811.72497150226
Goa,9,7,4,Budget,56276.17902127524
Goa,6,14,8,Luxury,1106215.2537125044
Uttarakhand,7,9,5,Budget,61735.01991669236
Kerala,4,4,9,Luxury,222769.2459441279
Himachal Pradesh,1,3,6,Moderate,50818.43949148204
Goa,5,11,9,Luxury,844152.8787537634
Himachal Pradesh,2,4,4,Luxury,146441.27356591722
Maharashtra,8,7,1,Moderate,28243.663352977743
Tamil Nadu,4,8,4,Luxury,293741.5452710615
Himachal Pradesh,1,2,9,Luxury,106389.28158874612
Goa,10,5,7,Moderate,111561.9626746585
Delhi,7,5,6,Budget,42971.8220980166
Kerala,12,13,2,Budget,80711.50864217119
Karnataka,11,9,4,Budget,60199.490140317874
Rajasthan,2,13,1,Budget,25103.7032157052
Agra,3,13,3,Budget,45973.0671659199
Agra,9,13,2,Moderate,83526.9608523266
Rajasthan,9,3,4,Moderate,32661.562978906786
Himachal Pradesh,2,12,4,Luxury,411431.7534513954
Kerala,3,6,9,Budget,56517.677535712515
Himachal Pradesh,11,10,7,Moderate,177452.73961722798
Karnataka,12,12,3,Moderate,137320.91513142973
Kerala,9,5,7,Budget,49384.39971065641
Rajasthan,1,2,8,Moderate,58415.66654931519
Himachal Pradesh,2,2,7,Luxury,112046.83410746203
Uttarakhand,11,4,8,Luxury,228370.85187006852
Goa,2,12,9,Budget,133129.49102846967
Delhi,10,4,1,Budget,6392.169595905176
Tamil Nadu,3,7,6,Budget,55170.45926773499
Delhi,10,14,4,Luxury,471937.7385696076
Karnataka,3,12,1,Moderate,40025.744928580774
Himachal Pradesh,10,14,2,Luxury,329844.36459009995
Maharashtra,2,1,4,Budget,6553.565207157706
Kerala,8,11,1,Moderate,47285.70073018839
Himachal Pradesh,8,6,6,Luxury,280715.8219426756
Kerala,8,11,1,Budget,24900.144560558816
Tamil Nadu,2,13,9,Budget,108709.9725668487
Uttarakhand,9,9,3,Moderate,83585.57274910736
Delhi,11,2,1,Luxury,27781.281706268273
Goa,7,12,6,Moderate,215490.27820628323
Tamil Nadu,12,5,6,Moderate,77553.48897237431
Tamil Nadu,5,10,7,Luxury,499412.9887478929
Delhi,7,11,7,Luxury,586340.2490224638
Tamil Nadu,8,10,4,Luxury,348995.7950884669
Maharashtra,9,4,5,Moderate,66316.4263083954
Maharashtra,2,4,3,Moderate,51275.5114436491
Agra,6,8,6,Luxury,342672.27554860886
Agra,9,14,7,Luxury,538536.4121218604
Maharashtra,6,6,9,Moderate,147715.156222275
Rajasthan,2,7,9,Luxury,370167.8484456031
Uttarakhand,1,11,5,Budget,75110.46272203545
Kerala,12,12,4,Luxury,637285.0779732546
Uttarakhand,3,9,7,Budget,76205.33700035218
Karnataka,11,13,3,Budget,78921.73204890471
Tamil Nadu,5,3,4,Moderate,35889.14881066933
Goa,7,11,9,Moderate,266839.25659400056
Tamil Nadu,10,2,5,Moderate,28784.8239532867
Uttarakhand,10,3,7,Luxury,160045.32056564695
Maharashtra,3,8,2,Moderate,68484.09583880419
Delhi,9,13,9,Luxury,791092.6591242807
Karnataka,10,9,5,Moderate,121879.23069182408
Maharashtra,12,10,5,Budget,96399.1053761013
Uttarakhand,4,5,4,Moderate,48280.68691322466
Delhi,10,8,8,Budget,73508.25306628546
Goa,2,14,4,Luxury,632297.4338359952
Uttarakhand,3,11,2,Moderate,62760.876157317696
Kerala,5,7,5,Moderate,97524.78865859978
Himachal Pradesh,3,12,3,Budget,69526.97392232287
Delhi,5,14,4,Moderate,171868.47935119717
Uttarakhand,4,12,3,Luxury,294709.9416736964
Maharashtra,11,13,7,Budget,153190.70877229888
Kerala,10,9,6,Luxury,470751.2868991983
Rajasthan,3,4,2,Luxury,87260.44320160564
Delhi,12,13,8,Budget,129628.15739223688
Kerala,6,10,5,Luxury,531331.5441721235
Maharashtra,8,3,6,Moderate,53491.71027768133
Uttarakhand,12,9,8,Luxury,699010.1897630343
Tamil Nadu,4,8,7,Moderate,144723.57986325916
Goa,9,7,3,Budget,45033.95221096924
Tamil Nadu,6,1,2,Moderate,7012.486679817501
Himachal Pradesh,5,2,3,Luxury,92572.90352353876
Kerala,3,9,8,Moderate,167237.35381944134
Himachal Pradesh,5,5,4,Luxury,308450.13323567255
Goa,5,1,8,Moderate,21224.549131704214
Kerala,12,9,4,Budget,91652.07290829747
Agra,12,1,7,Budget,8511.663248564815
Maharashtra,4,8,6,Moderate,144311.8915427337
Kerala,12,5,1,Budget,16276.281241590908
Maharashtra,6,14,8,Moderate,286585.03683062753
Tamil Nadu,3,11,6,Luxury,495589.14162437525
Karnataka,10,12,2,Moderate,80225.07161505031
Delhi,1,6,5,Luxury,338096.13351320784
Karnataka,7,1,2,Moderate,6302.6445848405865
Uttarakhand,7,2,7,Luxury,84921.10585349814
Delhi,12,7,6,Budget,58434.75548489876
Delhi,4,2,7,Moderate,36952.748141537224
Rajasthan,9,5,6,Budget,35376.380685387965
Delhi,12,11,1,Budget,23329.416853413153
Goa,2,9,3,Luxury,354305.2143679245
Karnataka,1,5,2,Budget,18657.414013021036
Tamil Nadu,3,12,1,Luxury,134142.04217843377
Maharashtra,7,3,1,Budget,5891.821254847813
Uttarakhand,9,11,4,Budget,65087.46941243306
Delhi,2,13,1,Moderate,49507.09688218332
Uttarakhand,6,6,2,Moderate,48748.38610845996
Tamil Nadu,3,7,1,Luxury,70351.56744747057
Uttarakhand,5,10,6,Budget,104756.51959275252
Tamil Nadu,12,14,4,Budget,91860.30756941292
Delhi,9,11,8,Moderate,191664.4025556294
Tamil Nadu,3,10,5,Luxury,437833.2429528391
Delhi,1,11,5,Moderate,168274.99259502845
Rajasthan,5,8,8,Budget,79241.36776980576
Rajasthan,1,3,6,Luxury,193726.3829510185
Tamil Nadu,8,11,6,Budget,86578.40984241958
Rajasthan,7,4,3,Moderate,35391.74958411726
Maharashtra,11,10,6,Luxury,767636.3613026596
Maharashtra,2,4,7,Moderate,84922.45559586253
Rajasthan,11,2,2,Budget,10075.300320827879
Rajasthan,9,7,3,Budget,31042.823204829816
Agra,5,12,6,Moderate,162421.10188914012
Agra,7,4,9,Budget,28180.223819022653
Delhi,4,4,9,Moderate,67511.1097631745
Tamil Nadu,12,13,8,Moderate,251235.47025350353
Himachal Pradesh,1,12,8,Luxury,807235.5580036045
Himachal Pradesh,8,8,9,Budget,81288.96642577906
Rajasthan,1,6,9,Budget,82509.22199631299
Uttarakhand,3,6,9,Moderate,112157.61620424621
Rajasthan,6,11,5,Luxury,488845.4244118213
Agra,8,9,6,Moderate,127476.09851332955
Delhi,8,4,5,Budget,28887.842411994643
Rajasthan,2,9,1,Luxury,84009.52108826017
Karnataka,9,1,4,Luxury,36501.10336310605
Uttarakhand,4,11,1,Moderate,39436.41812330618
Karnataka,4,9,1,Moderate,37892.10238928421
Delhi,2,1,3,Luxury,27777.43631226741
Delhi,1,7,7,Budget,61248.299495527914
Maharashtra,10,6,1,Budget,12597.446583353561
Kerala,7,7,7,Luxury,377911.7822831724
Karnataka,11,9,1,Moderate,36220.57692969732
Maharashtra,10,10,9,Moderate,212089.23112195675
Agra,3,4,5,Budget,21282.92179265046
Goa,4,12,6,Budget,104946.72658529095
Uttarakhand,11,9,9,Luxury,458819.8730864858
Goa,9,3,3,Budget,16926.748310590472
Tamil Nadu,6,10,3,Budget,41291.53490692774
Agra,1,11,5,Moderate,145168.32232481037
Agra,9,11,7,Moderate,161537.06695333097
Goa,9,9,3,Budget,58500.49452194356
Karnataka,5,13,4,Moderate,171238.1599298946
Kerala,8,1,2,Moderate,8685.134184426666
Karnataka,7,14,9,Moderate,314461.4108142342
Goa,11,5,9,Budget,88865.25474841482
Tamil Nadu,8,10,2,Moderate,68587.15422368835
Karnataka,9,5,5,Budget,33497.63075124583
Himachal Pradesh,2,1,1,Budget,1736.0157182096086
Karnataka,10,1,8,Luxury,61199.1901879761
Delhi,5,3,6,Luxury,129703.03300644505
Maharashtra,8,9,2,Luxury,212305.10102246565
Uttarakhand,3,7,2,Budget,20143.939376394428
Karnataka,11,6,5,Luxury,294038.93512517115
Kerala,11,9,7,Moderate,237170.19068778233
Kerala,6,4,9,Luxury,267897.38863385865
Karnataka,6,4,9,Budget,34639.593111592505
Rajasthan,7,3,6,Moderate,50121.17866811013
Agra,11,5,2,Moderate,38249.906291448046
Karnataka,3,5,6,Moderate,79340.70840746326
Agra,8,12,1,Luxury,105188.27506924194
Himachal Pradesh,8,14,2,Luxury,311480.487732984
Goa,9,10,3,Luxury,382678.23544023075
Himachal Pradesh,8,7,5,Luxury,323491.04836713814
Karnataka,3,7,1,Moderate,27379.01472268247
Kerala,6,6,5,Budget,52443.25060540625
Rajasthan,9,4,5,Luxury,192698.26225023833
Tamil Nadu,1,7,4,Budget,45607.63214405088
Agra,3,14,3,Moderate,116280.85138789026
Maharashtra,2,2,7,Budget,19815.575759280844
Agra,12,13,7,Budget,105645.27372694646
Delhi,8,12,1,Luxury,144808.47859429655
Uttarakhand,6,9,7,Luxury,506266.9922804618
Karnataka,10,7,3,Moderate,60797.82432124275
Himachal Pradesh,11,2,3,Luxury,63093.65537763266
Maharashtra,11,10,6,Budget,120538.95459278482
Kerala,8,2,6,Budget,19235.71779271187
Kerala,2,13,4,Budget,93791.8674903017
Kerala,11,6,5,Budget,78233.77186550305
Tamil Nadu,6,11,3,Luxury,315610.8280972136
Delhi,7,7,3,Moderate,67062.41616556005
Kerala,8,9,9,Luxury,577971.1061723076
Kerala,9,4,5,Budget,34114.60612420864
Karnataka,5,8,1,Moderate,31663.07981752511
Delhi,11,14,9,Moderate,301569.3794258522
Rajasthan,3,10,6,Budget,67007.30862598677
Rajasthan,2,13,9,Budget,116006.31320428722
Delhi,8,2,7,Luxury,103972.36844756255
Uttarakhand,1,6,7,Moderate,94816.93491153549
Tamil Nadu,10,4,5,Moderate,50897.087367698135
Maharashtra,6,8,7,Luxury,557981.2837437687
Agra,2,9,4,Budget,45574.40370801356
Karnataka,3,2,6,Moderate,29694.10544368924
Goa,8,7,2,Luxury,163043.36960835828
Rajasthan,1,7,3,Moderate,87156.81766338323
Delhi,6,8,2,Luxury,148505.19894375862
Maharashtra,3,13,2,Moderate,97662.70136125528
Delhi,6,5,7,Budget,40741.927420755586
Agra,3,11,5,Budget,72656.24532764038
Maharashtra,11,13,6,Moderate,318322.1266535188
Rajasthan,11,3,3,Moderate,42475.38020992909
Kerala,8,1,5,Moderate,15732.871507729162
Delhi,5,4,5,Luxury,161856.08570903126
Goa,4,3,4,Budget,19600.893452039592
Rajasthan,9,2,4,Luxury,80390.55136256573
Himachal Pradesh,5,6,8,Budget,77800.71087773448
Goa,12,7,6,Budget,117216.88001891678
Uttarakhand,4,10,2,Luxury,195578.45035953616
Tamil Nadu,8,7,2,Budget,19406.471796582402
Rajasthan,8,12,2,Budget,37664.37879914412
Kerala,8,8,6,Moderate,143337.04367208495
Rajasthan,4,13,1,Luxury,126760.45812276122
Agra,1,14,3,Luxury,396251.19397498
Maharashtra,2,2,1,Budget,3925.861641890713
Delhi,4,14,4,Luxury,520149.7272084032
Maharashtra,10,11,1,Budget,22134.379737374904
Maharashtra,2,12,9,Budget,129805.21772988487
Rajasthan,11,10,6,Luxury,660180.489338174
Agra,10,13,8,Budget,110572.41215617524
Delhi,3,6,2,Moderate,41646.835970209555
Delhi,9,13,6,Luxury,654968.2910532244
Maharashtra,9,6,4,Luxury,248855.79683069652
Uttarakhand,11,10,7,Budget,86384.40437079051
Tamil Nadu,9,12,8,Luxury,602261.8508465687
Agra,7,1,6,Luxury,36569.440334199695
Uttarakhand,4,2,1,Moderate,6420.472549251917
Karnataka,1,13,8,Moderate,295183.46696027956
Karnataka,3,9,1,Luxury,87664.43883400099
Goa,8,8,9,Budget,101943.55243393911
Maharashtra,4,12,2,Moderate,104723.01428845669
Delhi,10,13,6,Moderate,195914.52860366736
Rajasthan,10,4,8,Moderate,78461.21929756993
Delhi,2,6,5,Budget,43081.74137319056
Delhi,8,2,2,Luxury,37182.793025350285
Kerala,7,12,5,Luxury,549039.1967060417
Delhi,11,5,1,Moderate,23810.590039712682
Goa,10,2,8,Luxury,128429.06412354403
Uttarakhand,9,13,8,Moderate,193730.92800175629
Karnataka,2,5,2,Moderate,30675.454160659538
Delhi,5,7,6,Budget,61336.249551569155
Delhi,6,7,8,Budget,66989.22611834339
Kerala,2,9,8,Moderate,165671.914025684
Agra,2,3,7,Budget,23807.319828353287
Rajasthan,10,12,3,Budget,58901.31637024684
Agra,4,4,4,Budget,23375.632081862037
Rajasthan,8,9,1,Luxury,94823.67179112553
Tamil Nadu,11,14,9,Luxury,902552.0364235737
Delhi,5,8,2,Budget,24599.154972522538
Kerala,9,12,7,Luxury,640174.7532216613
Himachal Pradesh,4,7,8,Moderate,148010.69227206003
Maharashtra,3,8,4,Moderate,109875.85478542892
Karnataka,10,9,1,Budget,17770.762812140598
Uttarakhand,8,12,5,Budget,83123.13004777524
Karnataka,1,4,6,Luxury,268767.8898297107
Uttarakhand,9,5,7,Budget,38346.67408149687
Tamil Nadu,4,9,1,Budget,13049.47270171568
Agra,11,7,4,Moderate,73386.33930473316
Goa,9,14,5,Moderate,236266.209063336
Delhi,8,4,5,Luxury,189796.8402406195
Himachal Pradesh,3,6,7,Luxury,360075.7552418532
Uttarakhand,3,11,4,Luxury,365411.0475735869
Maharashtra,9,1,7,Budget,9486.194726369866
Uttarakhand,3,1,8,Budget,8851.233645897813
Goa,4,9,2,Budget,41254.98249691425
Karnataka,9,8,1,Budget,13603.180195524463
Kerala,12,13,1,Moderate,82870.13085234574
Karnataka,4,1,1,Luxury,9835.37670403972
Tamil Nadu,11,13,9,Luxury,734319.7049968645
Kerala,3,11,4,Moderate,129638.85002694502
Karnataka,7,2,9,Moderate,43678.6604029167
Maharashtra,6,13,7,Budget,124564.40384595944
Karnataka,1,4,7,Luxury,269231.2385842219
Maharashtra,10,1,2,Luxury,21386.676822274563
Maharashtra,8,2,2,Moderate,15684.334094433214
Kerala,1,5,5,Luxury,308991.7210408447
Agra,4,8,1,Moderate,26591.652364797625
Rajasthan,6,6,7,Luxury,312381.1047172449
Delhi,6,6,7,Moderate,114955.05339665568
Uttarakhand,7,4,8,Budget,32958.34991278471
Rajasthan,11,2,7,Luxury,145845.04191037608
Goa,12,3,8,Budget,51083.17526718184
Agra,5,13,3,Moderate,97208.21687959487
Rajasthan,5,6,3,Luxury,189775.24037062976
Kerala,4,6,8,Luxury,351443.64744329185
Goa,6,5,9,Budget,56962.97953608238
Himachal Pradesh,7,6,4,Budget,40290.46193458061
Agra,10,11,8,Moderate,152178.08665583673
Rajasthan,10,6,1,Budget,9615.41567782491
Goa,1,13,2,Luxury,489656.5744745478
Himachal Pradesh,9,1,9,Luxury,55698.43070346237
Karnataka,8,6,2,Luxury,117327.56806321534
Goa,7,5,2,Luxury,135942.22672266414
Kerala,9,8,8,Budget,77704.83352105528
Karnataka,3,9,5,Budget,69341.17837122601
Kerala,10,14,5,Moderate,223624.16077934328
Rajasthan,4,6,6,Budget,51043.57683596738
Delhi,7,13,8,Moderate,254396.289811589
Rajasthan,6,12,8,Budget,99291.6521523883
Karnataka,2,12,9,Budget,135820.68545888067
Maharashtra,2,10,3,Luxury,371043.2510678564
Rajasthan,10,4,9,Budget,38169.86085575923
Karnataka,7,3,3,Moderate,30507.284292784996
Goa,9,10,1,Luxury,148317.88270231974
Tamil Nadu,11,12,5,Budget,94588.15364430199
Rajasthan,12,1,7,Luxury,76676.92353017927
Goa,9,7,3,Luxury,265114.98250086524
Kerala,7,5,9,Luxury,283983.5417735489
Agra,11,4,1,Moderate,14754.84540333829
Delhi,8,9,6,Moderate,130009.18784227382
Kerala,10,7,6,Budget,55755.71118806427
Kerala,3,10,8,Luxury,683045.5577318908
Karnataka,1,13,3,Budget,75159.27832806144
Maharashtra,7,8,5,Moderate,134513.47385113276
Uttarakhand,8,4,5,Luxury,144082.4974670075
Tamil Nadu,2,10,8,Moderate,147451.04220923822
Maharashtra,9,12,7,Luxury,728075.7759486465
Karnataka,4,10,3,Luxury,322200.9532168938
Delhi,10,8,7,Luxury,443498.7044780262
Tamil Nadu,11,4,8,Budget,46398.45995817804
Tamil Nadu,9,1,5,Moderate,14547.997831941539
Karnataka,3,11,5,Moderate,186357.1611718251
Himachal Pradesh,8,8,1,Moderate,31053.252079868464
Kerala,11,1,8,Luxury,80990.2916817891
Agra,2,13,6,Budget,97316.39077856549
Himachal Pradesh,3,12,6,Budget,116513.629393566
Karnataka,1,3,5,Budget,26353.670543649234
Himachal Pradesh,5,7,5,Budget,65853.79507502115
Agra,4,3,3,Luxury,62503.522778170656
Karnataka,1,13,3,Luxury,483452.8918411452
Karnataka,10,8,2,Budget,29534.07321497323
Tamil Nadu,9,5,9,Budget,38084.21721150754
Himachal Pradesh,6,3,8,Moderate,94177.51922216798
Goa,6,5,3,Luxury,184559.30661527975
Rajasthan,11,5,5,Budget,54268.313647535986
Karnataka,2,8,5,Luxury,362035.8893109385
Himachal Pradesh,7,12,8,Moderate,224097.53047167856
Uttarakhand,12,9,6,Budget,101622.23141236462
Delhi,12,6,7,Luxury,315297.3909707239
Uttarakhand,9,10,5,Luxury,412476.684707201
Himachal Pradesh,6,3,1,Luxury,45880.97583721526
Kerala,11,2,8,Luxury,169802.96865899078
Kerala,8,11,4,Luxury,440197.33783273643
Himachal Pradesh,12,3,5,Luxury,174170.2941941024
Tamil Nadu,5,9,1,Moderate,32986.28189126972
Tamil Nadu,2,7,3,Luxury,203703.2543546588
Karnataka,4,11,2,Moderate,85611.96937651557
Agra,12,11,2,Moderate,82821.27798561737
Rajasthan,1,9,1,Luxury,155562.7035360757
Karnataka,1,13,6,Budget,133042.3465278963
Uttarakhand,6,6,8,Luxury,469894.73572171037
Rajasthan,2,8,3,Moderate,65601.51409196125
Uttarakhand,6,10,1,Luxury,125766.46872212796
Tamil Nadu,1,11,2,Luxury,226881.602882668
Himachal Pradesh,11,9,3,Luxury,245529.50910724592
Agra,10,3,6,Moderate,34502.161284391965
Uttarakhand,3,7,3,Moderate,58713.58103488616
Tamil Nadu,9,9,9,Moderate,171157.58051042425
Agra,2,2,1,Budget,3130.3975525132955
Karnataka,8,12,7,Budget,113709.24710037454
Himachal Pradesh,6,7,8,Budget,108097.83303642998
Delhi,12,5,9,Budget,64479.57367693318
Kerala,6,8,8,Luxury,526245.3740034843
Maharashtra,7,4,5,Budget,29416.033704955644
Agra,5,1,1,Budget,1579.5164652498484
Delhi,12,11,1,Budget,23479.590593810623
Delhi,11,13,8,Luxury,740451.9408098155
Agra,4,10,7,Budget,68144.42081231832
Delhi,6,8,5,Budget,51593.36242463941
Uttarakhand,8,6,3,Budget,28041.339212021943
Delhi,4,13,9,Moderate,234290.20655858066
Tamil Nadu,5,8,4,Budget,44888.94571491632
Rajasthan,7,3,6,Budget,25650.079203816756
Uttarakhand,6,8,4,Budget,68906.7800973286
Delhi,4,8,9,Luxury,458800.16965519456
Karnataka,4,12,4,Budget,76732.1421624429
Kerala,10,1,8,Budget,9139.102705634703
Himachal Pradesh,4,4,3,Moderate,40970.04242576713
Delhi,1,7,8,Moderate,161432.10881423648
Goa,5,13,3,Luxury,429647.176971071
Kerala,8,14,5,Luxury,593630.3364067284
Karnataka,7,11,1,Budget,22568.16781711248
Tamil Nadu,5,1,6,Moderate,13134.275070513135
Delhi,3,3,2,Luxury,67266.78432342212
Tamil Nadu,11,3,3,Luxury,89693.81859927006
Delhi,1,6,1,Moderate,23914.525337399577
Maharashtra,7,5,6,Budget,47612.590944933894
Rajasthan,11,12,5,Moderate,228420.64046394915
Tamil Nadu,3,11,2,Budget,36435.67970866719
Rajasthan,4,7,8,Budget,64156.58186084186
Kerala,5,3,9,Moderate,73472.43507302296
Maharashtra,12,11,3,Budget,84077.13979292856
Himachal Pradesh,8,1,6,Luxury,55450.88578410637
Uttarakhand,7,11,6,Moderate,143422.30390427227
Rajasthan,9,3,6,Luxury,129578.99472432243
Maharashtra,11,8,8,Budget,97550.59075936324
Rajasthan,3,5,5,Budget,38508.51573036986
Agra,11,3,8,Moderate,58652.586522275175
Karnataka,10,14,3,Moderate,126247.99479247982
Himachal Pradesh,1,8,7,Budget,73547.31733651004
Karnataka,1,6,1,Moderate,30435.403249490973
Delhi,12,3,4,Budget,22912.44352192283
Rajasthan,10,14,5,Luxury,664608.0053736084
Delhi,1,5,7,Moderate,112433.82101377707
Goa,2,1,6,Luxury,64851.709105534836
Rajasthan,2,6,6,Moderate,103853.22644127539
Maharashtra,7,14,2,Luxury,354522.51911308005
Himachal Pradesh,9,12,2,Budget,44195.49800824442
Delhi,8,13,2,Budget,46283.853556879614
Rajasthan,4,14,8,Budget,117060.13886632117
Goa,2,9,7,Budget,98937.71668828164
Karnataka,3,12,1,Moderate,50412.51887030926
Maharashtra,10,7,9,Luxury,520375.77785794646
Agra,5,11,8,Moderate,193545.94040202314
Rajasthan,9,13,9,Moderate,280155.62391644495
Agra,8,8,4,Budget,41866.90533882598
Kerala,12,6,5,Moderate,130874.79507340344
Himachal Pradesh,3,11,5,Luxury,537873.2286503484
Rajasthan,9,5,9,Moderate,80532.8436249656
Tamil Nadu,10,12,8,Luxury,541616.4147443519
Goa,3,6,6,Budget,56851.935339690324
Delhi,10,7,1,Budget,10468.313587597826
Tamil Nadu,12,9,7,Moderate,184242.02127769595
Kerala,8,8,9,Luxury,567635.2036092305
Himachal Pradesh,1,5,4,Budget,34759.01773964461
Karnataka,4,7,4,Budget,39333.94472394328
Maharashtra,4,8,5,Moderate,146653.4695222876
Agra,6,1,8,Luxury,51412.000315082514
Kerala,12,8,5,Budget,84380.0122422929
Delhi,12,11,4,Budget,78360.62351444199
Maharashtra,2,7,8,Luxury,484524.5167672324
Karnataka,7,11,5,Moderate,158242.50767739475
Delhi,5,12,8,Moderate,243904.71047650016
Goa,10,12,1,Budget,27236.046741717866
Agra,6,2,3,Budget,7181.750856930195
Tamil Nadu,11,2,7,Moderate,39162.326894772894
Rajasthan,6,12,1,Moderate,42975.73601010247
Kerala,12,6,5,Budget,81798.4064187668
Rajasthan,11,3,6,Luxury,207648.82747920047
Maharashtra,6,1,1,Luxury,14085.663383352305
Rajasthan,10,8,7,Budget,64894.98693373824
Tamil Nadu,12,7,9,Budget,73773.06542473691
Uttarakhand,8,4,9,Budget,36377.206366552076
Maharashtra,10,14,3,Budget,88560.42868404121
Agra,4,1,4,Moderate,11038.798231756027
Delhi,10,2,1,Luxury,18829.403692681466
Agra,8,9,4,Luxury,250093.29293965982
Rajasthan,9,4,5,Luxury,146238.13204277444
Himachal Pradesh,4,3,7,Moderate,57895.74355295733
Maharashtra,1,8,5,Budget,79196.51617959728
Delhi,3,4,8,Luxury,243024.7927759232
Karnataka,1,7,7,Luxury,523955.7209146907
Goa,7,13,1,Moderate,65143.68270381954
Agra,12,14,2,Budget,41367.695178538306
Agra,1,14,7,Budget,139940.82583956586
Maharashtra,11,14,3,Budget,83910.69409911135
Himachal Pradesh,4,5,2,Luxury,106584.68957712007
Rajasthan,1,5,9,Moderate,133131.4630030128
Rajasthan,2,11,8,Luxury,538698.2570060529
Maharashtra,11,6,8,Moderate,141738.82297858415
Agra,1,12,3,Moderate,111245.42189145468
Delhi,5,13,9,Luxury,632150.3929944695
Goa,7,4,8,Moderate,81375.55267375331
Maharashtra,3,2,2,Moderate,16985.972140266687
Delhi,8,6,7,Moderate,106796.80264337572
Delhi,5,13,8,Budget,104081.20687629988
Karnataka,5,5,7,Budget,44405.053431373875
Tamil Nadu,5,3,9,Budget,27593.72112451332
Uttarakhand,8,4,7,Budget,27574.629964040927
Goa,2,3,7,Luxury,226550.32686508805
Kerala,2,3,1,Luxury,39763.83242868008
Himachal Pradesh,12,4,2,Luxury,111370.83190704344
Uttarakhand,8,2,5,Budget,12872.435236375353
Karnataka,9,4,1,Luxury,44502.354935746145
Goa,11,10,7,Budget,157149.78517030817
Rajasthan,12,11,5,Budget,124496.38430838133
Uttarakhand,10,2,5,Moderate,26815.636201348814
Rajasthan,10,14,8,Moderate,282640.7728673837
Himachal Pradesh,2,10,9,Budget,87366.98739894119
Rajasthan,4,8,1,Moderate,28873.623190868922
Himachal Pradesh,8,10,4,Moderate,148299.27447378944
Goa,2,5,2,Moderate,46459.04767972551
Agra,4,13,9,Moderate,200763.8799491942
Himachal Pradesh,10,7,9,Luxury,386462.06494928105
Delhi,1,11,1,Moderate,45205.954620451026
Kerala,2,4,3,Budget,21109.265908818023
Kerala,7,10,8,Moderate,213321.07085086172
Maharashtra,1,6,2,Moderate,49976.36444585405
Kerala,12,13,2,Luxury,429553.6050856089
Maharashtra,1,12,2,Luxury,381429.09757273865
Kerala,2,14,5,Luxury,700954.2691023633
Himachal Pradesh,4,10,9,Moderate,201179.96423216476
Delhi,7,4,7,Budget,32347.471070290194
Agra,4,6,7,Luxury,247118.9518815501
Rajasthan,5,1,2,Moderate,7145.595359635113
Karnataka,4,6,2,Moderate,41277.50418689584
Kerala,4,6,5,Moderate,88691.31648830032
Agra,9,2,7,Luxury,96474.61309978021
Agra,6,12,7,Moderate,163995.95029827798
Himachal Pradesh,12,10,9,Luxury,749224.9628363767
Goa,3,10,3,Moderate,123252.98324556806
Goa,6,9,1,Budget,18907.743318371507
Kerala,7,6,9,Budget,55174.9358314961
Karnataka,7,12,1,Moderate,44420.764936133586
Kerala,8,11,8,Luxury,767644.5118449609
Kerala,4,13,5,Moderate,216993.96340338013
Maharashtra,1,7,8,Budget,78468.37814808382
Delhi,6,2,7,Moderate,33052.507205807065
Delhi,8,2,9,Luxury,104794.33727530068
Karnataka,5,2,2,Luxury,44336.77965175884
Maharashtra,3,10,9,Luxury,671604.430127365
Agra,4,13,5,Luxury,422051.80846903066
Maharashtra,8,11,5,Budget,91188.30017140447
Kerala,6,9,1,Luxury,121977.17247661015
Goa,5,3,6,Luxury,177372.9036798576
Uttarakhand,9,13,3,Budget,62399.339600009356
Karnataka,10,4,3,Luxury,118996.72679659289
Agra,3,1,3,Budget,4363.044036902398
Himachal Pradesh,7,1,4,Luxury,42083.85585340496
Uttarakhand,9,4,9,Luxury,223580.43786213265
Uttarakhand,11,14,8,Luxury,727918.130503274
Maharashtra,11,2,6,Luxury,154552.3816817011
Rajasthan,12,8,8,Moderate,246480.42089005606
Uttarakhand,4,13,8,Moderate,203521.45288238165
Kerala,10,4,1,Luxury,50803.12098714983
Tamil Nadu,10,3,9,Luxury,168308.70966296797
Goa,3,3,1,Luxury,36858.17177349584
Goa,1,6,2,Moderate,71526.59691338429
Tamil Nadu,9,12,9,Luxury,605098.4713012123
Delhi,1,13,7,Budget,127011.39210443408
Kerala,2,6,1,Moderate,26551.411476304253
Himachal Pradesh,9,6,3,Moderate,66312.79867424979
Uttarakhand,5,6,1,Moderate,29361.57038388144
Delhi,4,8,5,Luxury,377632.90792598826
Kerala,9,8,4,Budget,54634.0623767142
Maharashtra,9,9,8,Moderate,216339.75514614425
Goa,2,1,9,Budget,12862.009790018865
Delhi,3,10,4,Budget,58871.561932262346
Karnataka,12,8,3,Budget,43547.906061912305
Uttarakhand,3,5,4,Luxury,159786.09200200555
Uttarakhand,5,3,3,Luxury,99281.09080258149
Himachal Pradesh,3,11,6,Luxury,528269.34094762
Rajasthan,10,10,1,Moderate,32726.902540055202
Karnataka,6,3,2,Moderate,22741.55783517481
Uttarakhand,2,6,8,Budget,50036.6469675734
Agra,6,8,3,Moderate,70498.69601352727
Karnataka,6,10,4,Luxury,420130.0550983597
Uttarakhand,2,2,1,Luxury,19843.217512077463
Tamil Nadu,6,12,3,Luxury,311830.5216165658
Karnataka,6,9,1,Luxury,110592.46254939436
Kerala,6,5,5,Budget,40810.42263525292
Karnataka,12,5,1,Moderate,24577.198669267036
Himachal Pradesh,5,1,9,Luxury,80118.94531675807
Maharashtra,7,6,7,Budget,62957.983500245085
Maharashtra,12,13,8,Moderate,311241.44348981144
Maharashtra,5,11,9,Budget,132162.9223323664
Kerala,11,11,8,Luxury,1056438.8938357627
Delhi,1,5,3,Luxury,172957.66756785449
Maharashtra,12,7,7,Luxury,540259.087597231
Goa,9,7,7,Moderate,148580.53196218223
Kerala,3,4,7,Luxury,213465.8624217588
Delhi,2,5,8,Moderate,99365.06685284144
Goa,10,10,4,Budget,73846.28627527537
Goa,6,14,6,Moderate,325084.01803912834
Goa,8,8,2,Budget,34005.08236503348
Agra,2,2,7,Moderate,29311.92441101881
Himachal Pradesh,4,1,9,Luxury,64843.950948176
Himachal Pradesh,2,14,5,Luxury,670333.5045439008
Kerala,12,6,4,Budget,55334.324234020365
Goa,12,11,2,Moderate,131438.60243724432
Tamil Nadu,9,14,7,Moderate,208146.20459455135
Karnataka,10,4,2,Budget,12176.262790469385
Delhi,2,13,2,Moderate,74063.73257492346
Himachal Pradesh,10,10,9,Moderate,214125.67568311814
Maharashtra,2,3,2,Budget,11964.941904339474
Kerala,5,7,3,Budget,42274.71438735004
Delhi,12,8,3,Budget,42648.894613567296
Kerala,5,11,2,Moderate,90810.8395541608
Tamil Nadu,12,12,3,Budget,56514.461274902125
Agra,7,4,9,Budget,35475.812944677105
Agra,1,12,3,Budget,65688.70757254343
Goa,12,12,5,Budget,168188.59198564125
Agra,2,10,7,Luxury,472217.5237631911
Kerala,11,12,1,Luxury,247609.1016805527
Maharashtra,11,11,1,Luxury,160242.02083074223
Goa,6,11,2,Budget,40385.46331634113
Uttarakhand,2,6,1,Moderate,20251.793550316994
Delhi,4,13,1,Luxury,116570.85396159935
Tamil Nadu,10,11,4,Budget,62974.646473719775
Goa,6,11,3,Luxury,412675.133190865
Kerala,12,2,1,Luxury,36912.60768369921
Delhi,7,8,3,Budget,34011.520352861764
Maharashtra,10,6,1,Budget,10999.83559018648
Rajasthan,5,11,3,Luxury,349996.4606683513
Tamil Nadu,8,9,4,Budget,51120.13548964808
Kerala,6,11,8,Luxury,649969.474440216
Tamil Nadu,5,13,3,Luxury,375818.631535892
Himachal Pradesh,4,13,3,Luxury,450756.2230620359
Rajasthan,6,6,9,Luxury,330424.31412313913
Delhi,6,6,9,Moderate,99734.34342534548
Agra,6,12,6,Moderate,171361.16882307385
Kerala,1,2,4,Budget,22894.06915181184
Tamil Nadu,6,5,5,Moderate,75512.05989548106
Delhi,1,9,9,Moderate,223320.05137332922
Agra,5,1,1,Budget,1395.6975086361322
Maharashtra,7,4,7,Luxury,236455.82101104088
Maharashtra,1,10,7,Moderate,220046.77158058307
Tamil Nadu,1,10,1,Moderate,42127.417434959694
Goa,6,14,1,Moderate,56748.90820071703
Himachal Pradesh,7,3,9,Moderate,60303.549769142985
Goa,6,1,7,Luxury,66780.18980241934
Himachal Pradesh,5,1,4,Budget,8725.287773029408
Kerala,6,1,9,Moderate,19330.03031072354
Uttarakhand,3,1,5,Moderate,11992.91050826538
Tamil Nadu,9,13,3,Moderate,120443.45219102343
Karnataka,5,2,2,Moderate,15016.742192284386
Tamil Nadu,2,11,9,Budget,101380.64566649508
Rajasthan,12,5,4,Luxury,305161.5297058456
Agra,10,2,7,Budget,15201.109441340073
Rajasthan,10,4,1,Moderate,12846.426041769137
Maharashtra,7,9,9,Moderate,203572.11638833064
Himachal Pradesh,3,3,9,Budget,33884.74206142759
Agra,1,2,6,Luxury,92120.375375752
Maharashtra,3,4,6,Luxury,242927.57322005683
Agra,9,9,6,Luxury,395685.73756740853
Goa,5,4,5,Luxury,244120.94646158267
Maharashtra,7,12,1,Budget,24452.885927803596
Goa,3,5,4,Budget,35489.39317452243
Goa,4,4,1,Luxury,54128.7617604832
Agra,1,13,5,Budget,107462.62727413866
Delhi,3,8,4,Budget,53342.41598396813
Rajasthan,7,14,8,Moderate,238285.52506811687
Maharashtra,4,13,1,Budget,24816.10187364437
Karnataka,2,4,8,Budget,38214.00260821415
Delhi,5,2,8,Luxury,98250.77301596764
Rajasthan,5,12,1,Budget,22625.597193429276
Maharashtra,2,4,9,Luxury,234325.34560511957
Himachal Pradesh,11,2,9,Moderate,37650.82335565212
Rajasthan,6,9,6,Moderate,121262.3398434969
Karnataka,10,11,1,Budget,18681.737039107997
Tamil Nadu,4,14,7,Budget,97987.86711774781
Kerala,1,8,7,Luxury,742337.5557378518
Goa,3,9,9,Moderate,223310.66576552004
Kerala,9,4,1,Luxury,43880.35983848225
Delhi,10,1,8,Budget,8294.860711510428
Tamil Nadu,7,3,8,Moderate,48255.19254043191
Goa,6,7,7,Budget,84079.37463250269
Maharashtra,1,1,6,Moderate,20302.024236648096
Delhi,9,11,1,Luxury,102391.93328901779
Karnataka,9,8,8,Budget,77145.8661320359
Agra,1,9,5,Budget,71894.63060281661
Maharashtra,6,8,4,Moderate,104784.73234319972
Rajasthan,7,5,5,Luxury,185194.14636957485
Agra,2,12,5,Moderate,143640.94588554229
Delhi,10,11,3,Moderate,111189.749993039
Rajasthan,8,14,4,Moderate,172513.75046024623
Karnataka,8,12,4,Budget,73626.94332820241
Kerala,6,13,8,Luxury,699351.2708595283
Rajasthan,9,9,5,Luxury,355387.27897987777
Kerala,3,4,6,Luxury,243167.49223250855
Goa,2,9,2,Moderate,70552.27990861257
Himachal Pradesh,2,1,9,Luxury,63664.514359583736
Uttarakhand,6,12,8,Luxury,941167.2885334983
Maharashtra,7,11,8,Budget,119691.51290376157
Uttarakhand,6,3,5,Budget,26446.79277752398
Goa,11,4,5,Budget,48185.23598601349
Rajasthan,3,11,3,Moderate,118937.87396345245
Goa,5,10,2,Budget,38603.28774814336
Uttarakhand,8,1,9,Luxury,51551.63103474083
Uttarakhand,6,12,6,Budget,109033.20162799898
Maharashtra,2,6,8,Moderate,125079.6515956809
Agra,7,13,4,Budget,73937.93532323134
Tamil Nadu,8,4,5,Luxury,165210.60050495274
Goa,4,4,5,Budget,30706.317880992254
Himachal Pradesh,12,1,4,Budget,10310.419932336097
Tamil Nadu,1,5,2,Budget,20412.089992045127
Goa,2,9,6,Moderate,209452.77987499136
Karnataka,4,6,4,Moderate,81432.35365028032
Delhi,7,8,4,Moderate,102764.22046608488
Delhi,2,11,3,Moderate,110167.62788053812
Uttarakhand,6,4,8,Moderate,91038.3293716932
Delhi,2,9,6,Budget,66940.27328253727
Kerala,12,7,9,Budget,114256.86507723582
Himachal Pradesh,7,14,5,Moderate,192258.6864036133
Delhi,2,14,6,Moderate,235213.82036693147
Rajasthan,3,7,9,Budget,76019.29813615233
Kerala,9,8,4,Luxury,336283.5064763814
Tamil Nadu,4,2,7,Budget,17899.175461450708
Kerala,5,12,6,Moderate,194766.90416430178
Goa,9,6,6,Budget,66674.40895119437
Uttarakhand,7,7,6,Moderate,113120.78616418828
Maharashtra,8,3,4,Budget,23597.56295735465
Maharashtra,11,8,6,Budget,94183.4955266486
Karnataka,3,1,7,Budget,10224.540559813702
Himachal Pradesh,11,1,2,Luxury,24658.61258671384
Goa,11,10,9,Budget,199492.50733348628
Maharashtra,4,3,7,Budget,31306.328636823524
Uttarakhand,7,6,3,Luxury,171163.71400676583
Tamil Nadu,4,7,7,Budget,54420.74526938086
Maharashtra,2,2,5,Luxury,96160.92465309548
Rajasthan,10,14,9,Luxury,757580.6781304941
Kerala,6,6,6,Luxury,294764.0125168078
Maharashtra,9,12,7,Budget,128034.36952234872
Goa,2,5,4,Moderate,80205.9236068623
Delhi,1,6,2,Budget,26522.931737583614
Delhi,8,1,4,Moderate,12594.403361493894
Tamil Nadu,1,14,9,Moderate,324517.9385613465
Delhi,1,10,3,Luxury,359472.20579732355
Tamil Nadu,3,7,7,Luxury,359643.22289788816
Goa,5,8,4,Luxury,349634.81608652417
Himachal Pradesh,12,14,3,Luxury,687606.808185659
Delhi,9,7,5,Budget,51040.2256782266
Karnataka,11,9,2,Budget,38954.36300463211
Uttarakhand,10,1,4,Moderate,12013.315350576117
Kerala,2,10,7,Budget,95676.10783676122
Delhi,12,9,2,Budget,31560.428137282393
Tamil Nadu,12,11,6,Moderate,180736.47196718506
Goa,1,11,5,Budget,162225.4848332214
Delhi,1,13,3,Budget,78836.11147799544
Maharashtra,8,3,5,Luxury,133835.68325497332
Delhi,10,2,7,Luxury,89615.17957616829
Tamil Nadu,10,6,3,Moderate,55415.1315417087
Rajasthan,10,11,8,Luxury,679635.6417073614
Rajasthan,2,5,7,Budget,38693.66729362498
Delhi,9,4,4,Luxury,144900.10931660535
Kerala,9,4,5,Luxury,209969.32473986712
Goa,2,8,4,Moderate,123453.59410687268
Karnataka,3,10,2,Budget,33580.12794064162
Karnataka,2,13,9,Moderate,282382.03790926636
Delhi,6,3,1,Budget,5677.180868714331
Delhi,7,13,8,Budget,130028.92657135183
Rajasthan,12,1,4,Budget,10116.760286505725
Tamil Nadu,6,5,9,Luxury,239284.10902464978
Kerala,3,8,3,Moderate,82273.03873363174
Delhi,12,3,7,Budget,35370.72851624678
Karnataka,3,2,3,Luxury,61639.950938436225
Goa,12,1,7,Moderate,34763.114294944746
Himachal Pradesh,2,13,2,Luxury,314026.06256624905
Maharashtra,2,4,3,Luxury,143879.18444424582
Delhi,11,11,8,Budget,126723.0074147569
Tamil Nadu,12,2,7,Moderate,34203.465625305114
Delhi,5,14,3,Luxury,397714.5489934148
Tamil Nadu,11,8,8,Luxury,519886.0742400979
Kerala,11,11,9,Luxury,1167766.898304091
Himachal Pradesh,8,13,2,Luxury,274250.87498237845
Uttarakhand,6,10,2,Budget,37753.29555949595
Goa,9,12,7,Budget,126974.61906409949
Goa,11,9,8,Moderate,309241.01925275626
Tamil Nadu,5,13,5,Luxury,553565.8233852655
Rajasthan,10,10,2,Budget,28459.814494479026
Tamil Nadu,4,1,5,Moderate,12747.7593793519
Rajasthan,9,2,3,Moderate,18604.500104175822
Agra,12,6,9,Budget,59196.82246418077
Karnataka,10,13,2,Budget,52137.988054082845
Goa,11,10,9,Luxury,1172429.5065537288
Kerala,5,12,2,Budget,41802.83230029076
Tamil Nadu,1,7,1,Budget,14415.767883562141
Kerala,5,2,6,Budget,17169.091478292677
Himachal Pradesh,5,8,6,Moderate,209412.63576475118
Kerala,5,13,4,Budget,79676.76913835395
Delhi,2,10,2,Moderate,59407.83660047648
Karnataka,6,9,3,Moderate,79158.39708098154
Delhi,5,8,6,Budget,63833.57852563363
Maharashtra,2,9,4,Moderate,113994.22240961794
Tamil Nadu,12,6,5,Luxury,245923.43632182828
Goa,10,11,9,Luxury,761593.9497577719
Tamil Nadu,8,7,5,Moderate,100665.17768314821
Karnataka,6,6,8,Budget,51764.57409851502
Uttarakhand,11,7,2,Budget,20372.771453008925
Uttarakhand,10,3,6,Moderate,42367.16492571447
Maharashtra,12,4,6,Budget,50476.20169729344
Karnataka,11,9,5,Moderate,158706.57587307502
Agra,3,3,6,Luxury,121935.77479300152
Agra,9,2,5,Moderate,22233.298242585457
Agra,11,12,2,Moderate,86230.20221796005
Goa,11,13,5,Luxury,903156.7507215204
Goa,4,11,1,Luxury,169190.797566993
Agra,3,7,3,Moderate,56668.026019147896
Uttarakhand,7,6,7,Luxury,245137.85167084596
Karnataka,12,3,4,Luxury,138275.74004519364
Kerala,8,6,8,Budget,62661.746186708566
Karnataka,7,7,3,Luxury,193470.59259145835
Agra,1,6,7,Luxury,289782.368433559
Karnataka,1,1,2,Moderate,7855.854168879069
Himachal Pradesh,5,12,8,Luxury,885278.5882149775
Goa,8,14,3,Moderate,171703.4851594563
Goa,10,1,6,Budget,11276.018019966315
Uttarakhand,11,9,2,Moderate,61666.06251772293
Kerala,3,6,7,Moderate,133581.38355216561
Agra,8,12,4,Budget,63042.87021086162
Tamil Nadu,3,2,6,Budget,15391.501045273946
Uttarakhand,4,11,2,Luxury,189234.62453356205
Uttarakhand,10,1,3,Moderate,9638.815721036846
Kerala,7,11,3,Moderate,118377.50704796365
Delhi,3,12,4,Moderate,133345.58159559857
Agra,4,2,1,Budget,3419.101074560964
Tamil Nadu,8,8,6,Moderate,126119.67711398305
Goa,4,5,6,Luxury,300528.8631034041
Kerala,9,7,4,Budget,41440.133984039414
Tamil Nadu,4,7,8,Moderate,107152.86390914985
Himachal Pradesh,4,2,5,Budget,13815.933716593794
Uttarakhand,5,4,4,Budget,34145.64225554631
Kerala,1,2,7,Budget,33559.413122399485
Goa,7,7,8,Moderate,152349.3355108534
Karnataka,9,5,2,Moderate,35132.23183232683
Goa,12,1,1,Luxury,22023.203283798106
Himachal Pradesh,9,2,6,Budget,16508.190482049526
Kerala,1,6,2,Moderate,68243.58181920808
Himachal Pradesh,6,14,8,Moderate,432333.5117114939
Agra,3,4,5,Luxury,131364.47752163926
Agra,4,7,2,Moderate,45811.413986919964
Karnataka,8,2,5,Moderate,29211.998860708994
Uttarakhand,4,13,2,Moderate,73308.8796633558
Delhi,8,12,6,Budget,105627.20269861101
Rajasthan,4,2,8,Luxury,95326.2716150778
Tamil Nadu,9,12,2,Luxury,235357.2883858191
Himachal Pradesh,6,6,6,Luxury,374256.9341445314
Tamil Nadu,1,8,6,Moderate,161642.76544012225
Karnataka,10,13,1,Moderate,50116.15118445819
Tamil Nadu,2,1,9,Moderate,17274.550876167035
Tamil Nadu,7,5,8,Budget,41927.06718587555
Goa,10,1,4,Budget,6881.488431375229
Kerala,7,11,7,Luxury,619635.9743294193
Uttarakhand,3,6,4,Budget,36593.999555696486
Rajasthan,1,7,8,Budget,104303.57314507113
Kerala,8,6,2,Moderate,47809.0755600016
Goa,10,14,2,Moderate,136498.05800563743
Tamil Nadu,11,13,3,Luxury,426174.6638846989
Rajasthan,11,9,4,Moderate,145048.22444636034
Goa,10,3,6,Moderate,64643.136155622946
Goa,7,8,5,Budget,73985.36352227234
Goa,10,3,7,Luxury,194672.32978297258
Agra,8,11,6,Budget,66386.51702218047
Rajasthan,1,12,4,Luxury,676849.1069873001
Goa,3,13,9,Luxury,931797.3584211089
Delhi,2,13,7,Moderate,228209.39704360068
Tamil Nadu,1,7,1,Budget,13092.442722143896
Rajasthan,5,14,8,Budget,114241.90784946248
Agra,3,13,4,Moderate,127027.1216850285
Himachal Pradesh,10,5,7,Luxury,308802.8635369599
Himachal Pradesh,8,12,2,Luxury,233374.31314620827
Uttarakhand,6,13,3,Luxury,467672.84464108484
Maharashtra,10,1,1,Luxury,11834.95991540916
Delhi,9,11,2,Moderate,83295.8809575326
Himachal Pradesh,9,12,5,Luxury,479020.00730466034
Agra,11,4,2,Budget,12634.9122041297
Maharashtra,6,14,6,Luxury,781787.4424198993
Goa,2,13,6,Luxury,729873.8662412856
Goa,9,11,6,Luxury,709666.6810401893
Karnataka,2,9,3,Moderate,86427.38462752374
Tamil Nadu,3,8,3,Luxury,231852.4018042328
Maharashtra,6,3,7,Moderate,62689.68679040307
Tamil Nadu,2,2,4,Budget,10973.689628716373
Agra,5,11,6,Luxury,427440.6934423326
Delhi,2,9,8,Luxury,450419.9924840998
Maharashtra,12,1,3,Budget,6298.9221919786605
Himachal Pradesh,4,9,9,Luxury,500250.4233342918
Delhi,11,12,9,Luxury,902637.8884723288
Karnataka,11,7,3,Moderate,85131.5323938322
Tamil Nadu,3,12,6,Moderate,177284.5070696104
Tamil Nadu,5,2,5,Budget,12496.114116170304
Delhi,6,11,4,Moderate,131562.442710074
Goa,7,5,8,Moderate,130427.65045136894
Tamil Nadu,10,14,9,Budget,138065.92306353367
Karnataka,8,2,9,Budget,20573.951736467192
Himachal Pradesh,9,5,5,Luxury,230049.0618018929
Rajasthan,4,7,5,Luxury,269813.965261134
Himachal Pradesh,4,5,3,Luxury,162807.49202420024
Himachal Pradesh,7,2,9,Luxury,136170.1487481616
Tamil Nadu,12,11,1,Moderate,41020.77400905866
Kerala,10,14,3,Moderate,148276.12978384385
Goa,10,5,7,Budget,48620.97289276845
Tamil Nadu,11,12,7,Budget,128934.83748206639
Goa,9,12,5,Moderate,189931.5078518288
Agra,11,10,6,Luxury,515792.3950185005
Kerala,2,14,4,Luxury,517560.83864894067
Tamil Nadu,11,6,8,Luxury,396636.98653381306
Uttarakhand,6,5,4,Luxury,238259.77486355553
Himachal Pradesh,10,2,6,Budget,18076.72861186552
Agra,10,6,5,Moderate,74933.23518051326
Kerala,8,6,6,Budget,52326.06409483354
Tamil Nadu,5,12,3,Moderate,110775.31736877887
Karnataka,5,2,3,Luxury,55168.54353812311
Delhi,8,13,7,Budget,103914.89676812696
Delhi,1,13,1,Moderate,47476.88205501586
Goa,6,4,1,Moderate,18609.269337282163
Kerala,10,7,1,Moderate,30862.67789059967
Himachal Pradesh,9,1,6,Moderate,16476.448411855203
Himachal Pradesh,12,1,4,Luxury,49521.51532847286
Rajasthan,6,14,6,Luxury,725783.8327219014
Delhi,7,11,1,Moderate,40164.66026914613
Agra,4,12,4,Moderate,136850.40896352357
Kerala,12,11,4,Moderate,191160.32275493376
Himachal Pradesh,10,6,2,Luxury,126106.28779894434
Rajasthan,1,7,1,Budget,20585.281341937978
Kerala,9,12,8,Moderate,262732.6740028703
Maharashtra,12,5,6,Budget,56170.41324077642
Himachal Pradesh,6,12,4,Luxury,634475.0775450923
Maharashtra,3,10,2,Luxury,267780.4254770199
Kerala,4,8,5,Luxury,422222.79548601207
Himachal Pradesh,10,11,9,Luxury,578087.1145907873
Maharashtra,12,4,7,Luxury,262664.784211049
Uttarakhand,6,3,4,Budget,22932.41410746348
Rajasthan,6,7,5,Budget,43335.1521977387
Agra,12,14,8,Budget,122185.52411211688
Delhi,9,4,5,Budget,30813.233157367973
Rajasthan,4,1,6,Moderate,15212.008037970729
Maharashtra,5,11,6,Luxury,614515.6254815643
Himachal Pradesh,5,8,8,Budget,99840.18418193603
Uttarakhand,3,5,5,Budget,32982.21470403142
Uttarakhand,2,13,1,Moderate,36861.47067694839
Delhi,8,8,4,Moderate,98919.12294562258
Uttarakhand,10,8,3,Luxury,222708.94312981292
Rajasthan,9,12,2,Luxury,266232.59201730014
Tamil Nadu,10,5,7,Moderate,82849.77348192006
Uttarakhand,11,8,7,Moderate,119116.10997758417
Delhi,9,7,8,Moderate,140841.08497548167
Uttarakhand,5,13,5,Luxury,719138.6316322495
Uttarakhand,11,3,1,Moderate,9191.436295304751
Karnataka,9,4,6,Budget,31527.168077830058
Rajasthan,4,11,6,Luxury,491779.2626243797
Maharashtra,2,12,8,Luxury,681593.8413316037
Goa,3,13,2,Budget,48928.247378186694
Tamil Nadu,1,7,9,Budget,65631.61318454349
Uttarakhand,5,4,6,Luxury,228289.35405628922
Agra,1,6,1,Luxury,64294.10681052525
Uttarakhand,12,12,9,Moderate,259611.32002950486
Karnataka,11,2,8,Moderate,50719.04332937096
Maharashtra,1,12,1,Budget,26299.271876073482
Agra,11,2,8,Budget,21220.870288660237
Tamil Nadu,11,3,7,Budget,25390.04310664156
Agra,7,10,5,Budget,67103.99162245606
Rajasthan,2,7,6,Moderate,102335.424479061
Delhi,8,3,4,Luxury,122739.17345986035
Delhi,6,12,9,Moderate,228251.1453107536
Tamil Nadu,4,3,9,Budget,22867.309302296533
Maharashtra,9,13,1,Moderate,51040.11871552025
Delhi,10,14,9,Budget,149770.0854402452
Kerala,8,4,3,Moderate,40603.669009109675
Karnataka,10,10,2,Luxury,202017.41512743154
Tamil Nadu,3,6,4,Budget,29056.808596247633
Tamil Nadu,3,1,4,Moderate,10389.46106533107
Goa,4,6,9,Budget,67636.3317703104
Goa,9,8,4,Luxury,390991.67680763453
Rajasthan,9,12,5,Budget,84145.36061116253
Rajasthan,5,8,6,Luxury,339558.27099558566
Goa,12,6,4,Moderate,149911.21090403886
Delhi,9,6,1,Luxury,65107.704372804146
Himachal Pradesh,6,13,2,Budget,61138.19397676764
Tamil Nadu,8,3,3,Moderate,24515.021040434323
Kerala,11,14,4,Budget,161003.06162838382
Tamil Nadu,8,2,5,Budget,13742.742837769214
Uttarakhand,12,7,3,Moderate,92480.87718959407
Maharashtra,10,8,1,Luxury,92499.64718522746
Karnataka,7,10,8,Luxury,592565.5326762386
Himachal Pradesh,4,13,8,Moderate,222470.12147706698
Kerala,4,14,4,Moderate,195810.4265410486
Uttarakhand,6,6,7,Budget,59999.74023773433
Rajasthan,9,5,4,Budget,31259.15319444589
Kerala,7,4,3,Moderate,48798.2845839404
Goa,5,1,7,Moderate,21776.864944261273
Tamil Nadu,5,9,6,Budget,62923.682864501396
Kerala,8,11,1,Budget,19513.56355011907
Maharashtra,6,10,9,Luxury,715221.1828568535
Agra,1,4,2,Moderate,28050.931105151834
Rajasthan,1,2,3,Budget,14364.536886275106
Karnataka,9,4,5,Luxury,200828.2719443051
Karnataka,8,13,3,Budget,74249.70465258266
Kerala,6,11,3,Moderate,126533.30230075523
Agra,1,5,8,Luxury,255190.14619407864
Tamil Nadu,2,2,4,Budget,12723.805669480957
Uttarakhand,10,7,2,Moderate,40580.02361402239
Himachal Pradesh,3,3,5,Moderate,39842.83949120634
Tamil Nadu,10,14,2,Moderate,80961.7268381983
Uttarakhand,12,8,8,Moderate,204839.4788418414
Himachal Pradesh,3,4,3,Luxury,112178.25692056109
Agra,2,12,2,Budget,33123.391476619225
Himachal Pradesh,12,11,3,Budget,73633.95794618875
Tamil Nadu,2,5,3,Moderate,38506.58206766045
Maharashtra,6,3,1,Budget,6416.649146748971
Kerala,7,13,3,Moderate,145823.24555843565
Uttarakhand,4,11,3,Budget,51670.59485231621
Maharashtra,1,5,4,Budget,41743.216890815056
Uttarakhand,6,9,8,Budget,93551.98715434536
Kerala,7,11,9,Luxury,745336.995989116
Delhi,4,13,1,Moderate,50824.38992934918
Himachal Pradesh,6,14,1,Luxury,197955.86571770106
Agra,9,2,6,Budget,12214.59847749911
Delhi,4,7,1,Luxury,69733.81847790733
Delhi,12,10,5,Luxury,526724.825296025
Karnataka,10,8,1,Luxury,89434.3613131776
Goa,4,3,8,Budget,37336.24041965243
Tamil Nadu,10,11,5,Luxury,374355.2043186682
Maharashtra,12,4,6,Budget,49584.709399402556
Maharashtra,5,13,4,Moderate,212788.8771136374
Maharashtra,3,11,8,Budget,103783.60143474
Maharashtra,10,10,9,Budget,113244.0344064989
Tamil Nadu,2,2,9,Budget,19102.581413591302
Delhi,9,10,1,Moderate,34752.19347554878
Tamil Nadu,1,13,7,Moderate,259285.27315710764
Maharashtra,5,9,4,Budget,72374.62984049036
Goa,5,3,8,Budget,35519.55298221306
Rajasthan,8,9,7,Moderate,142153.02492509116
Kerala,6,13,1,Moderate,55722.57870586574
Maharashtra,6,7,1,Budget,14150.643118081192
Agra,6,6,1,Moderate,16839.62142259704
Rajasthan,4,11,2,Budget,33814.37865135843
Tamil Nadu,1,12,2,Budget,39447.23724619031
Agra,3,11,9,Budget,100671.61319647494
Agra,10,3,5,Moderate,36684.261599819845
Uttarakhand,12,11,1,Moderate,56008.207478518176
Agra,11,7,7,Moderate,136882.10508398738
Maharashtra,6,11,2,Budget,37704.51835728785
Uttarakhand,5,14,3,Budget,78252.64103509871
Karnataka,10,3,4,Luxury,106948.5597589837
Delhi,1,13,3,Budget,73484.92967074414
Agra,5,11,3,Budget,47438.55868082859
Goa,2,6,9,Luxury,461120.4315141595
Kerala,1,8,4,Budget,93528.41711924474
Agra,4,5,8,Budget,43952.87442822608
Karnataka,6,11,1,Moderate,36869.31663334887
Himachal Pradesh,7,11,6,Luxury,625221.9068896571
Tamil Nadu,9,13,1,Moderate,47313.57682518292
Tamil Nadu,5,3,5,Luxury,121465.81481302988
Karnataka,8,6,7,Budget,51748.616739854304
Himachal Pradesh,8,8,1,Luxury,83227.75551344876
Tamil Nadu,11,10,9,Moderate,195393.56446370727
Tamil Nadu,9,3,9,Budget,25429.528089833653
Tamil Nadu,3,12,6,Moderate,178410.98027178695
Karnataka,3,13,2,Luxury,281064.35128499876
Delhi,9,14,2,Luxury,264640.10815882037
Kerala,7,11,9,Luxury,682130.8820663735
Karnataka,4,11,4,Moderate,118184.24310020934
Himachal Pradesh,1,5,6,Budget,36364.68277420392
Agra,7,9,2,Budget,28783.26898123705
Delhi,10,14,4,Moderate,142310.40600682565
Delhi,6,14,2,Moderate,80060.08127371284
Agra,3,10,3,Moderate,73846.93798274716
Goa,5,10,2,Budget,45871.58558946173
Uttarakhand,3,3,8,Luxury,157798.53640337352
Kerala,8,13,5,Moderate,217183.84951686094
Kerala,5,12,5,Moderate,196317.3021963468
Goa,10,11,8,Luxury,703095.5896147789
Uttarakhand,10,2,8,Budget,16130.485232141911
Kerala,6,11,7,Moderate,214183.50956800903
Himachal Pradesh,2,13,5,Moderate,202487.20969624026
Rajasthan,8,14,7,Moderate,218377.86316993684
Rajasthan,9,8,1,Luxury,89771.6483498528
Kerala,3,14,3,Luxury,427597.09989619406
Maharashtra,6,14,3,Luxury,499173.45601171104
Kerala,6,14,2,Luxury,320539.0278865966
Agra,2,7,6,Budget,48557.13998048347
Agra,10,12,3,Luxury,284002.2225784621
Uttarakhand,8,9,4,Moderate,96306.34854608843
Tamil Nadu,5,4,3,Moderate,39576.66247916341
Delhi,11,3,7,Moderate,61293.16299795158
Himachal Pradesh,11,10,4,Moderate,140591.13080227515
Goa,8,5,5,Budget,43582.83189336007
Kerala,8,11,7,Budget,114285.20947337405
Tamil Nadu,12,1,4,Budget,6192.555142589675
Tamil Nadu,3,5,6,Budget,41769.549121350276
Himachal Pradesh,5,13,9,Budget,212908.6332884414
Goa,7,13,6,Budget,147472.29612026352
Agra,5,3,5,Luxury,103023.92257307297
Karnataka,6,1,1,Budget,1725.9519887119984
Himachal Pradesh,2,3,8,Budget,26816.253136410687
Tamil Nadu,8,5,5,Moderate,73385.28665505406
Rajasthan,5,5,5,Moderate,61990.9454277516
Kerala,6,10,3,Budget,56305.75069004581
Uttarakhand,1,12,2,Luxury,207813.25096294715
Rajasthan,10,8,1,Luxury,76135.5334698093
Tamil Nadu,2,11,9,Luxury,532397.5272889364
Delhi,11,1,5,Luxury,56009.06777571373
Maharashtra,4,7,4,Budget,55375.14911749593
Goa,11,5,7,Luxury,462194.3319055357
Agra,9,3,4,Budget,13159.990229598905
Kerala,6,4,2,Budget,16883.035710076434
Uttarakhand,8,3,9,Budget,22477.761872207833
Karnataka,2,8,8,Budget,67372.01964427748
Agra,10,4,4,Budget,22370.154693100976
Kerala,5,3,8,Moderate,68338.35090123818
Karnataka,12,2,9,Budget,21836.067860876217
Uttarakhand,12,3,2,Budget,10999.19154116272
Tamil Nadu,1,7,4,Budget,40945.79193115208
Maharashtra,4,6,6,Moderate,111814.30198980826
Rajasthan,10,10,7,Moderate,167293.1692524312
Rajasthan,1,12,5,Budget,113990.52272387387
Tamil Nadu,11,13,7,Luxury,849619.1016691095
Agra,11,5,4,Budget,31081.116598549546
Tamil Nadu,9,8,8,Luxury,449812.3387528769
Tamil Nadu,2,11,3,Luxury,259075.06803979413
Kerala,7,1,3,Budget,6167.002828949656
Kerala,3,3,5,Luxury,157380.66634205813
Uttarakhand,2,2,6,Moderate,26966.79972457207
Maharashtra,4,2,3,Budget,9709.712444457
Kerala,7,12,2,Moderate,82020.96042670627
Uttarakhand,7,11,5,Moderate,137357.70043797605
Delhi,9,12,6,Budget,80409.63757522979
Tamil Nadu,12,1,3,Budget,4609.60000795011
Tamil Nadu,3,5,7,Budget,35557.45835356477
Agra,7,5,3,Moderate,44263.05498819294
Delhi,6,3,2,Budget,10115.245921310623
Agra,10,12,4,Moderate,111052.81344676288
Karnataka,7,12,3,Luxury,334227.79503444175
Uttarakhand,7,9,7,Budget,73569.63975472994
Uttarakhand,10,12,8,Moderate,188814.02273804374
Tamil Nadu,5,6,3,Budget,28190.520554434195
Himachal Pradesh,9,14,6,Moderate,259382.35244564665
Karnataka,7,10,1,Moderate,34853.531207108295
Uttarakhand,7,14,5,Luxury,516071.1668165953
Kerala,12,6,2,Budget,29583.76150161744
Tamil Nadu,3,10,1,Moderate,36166.003555107614
Agra,1,6,7,Budget,54603.97302637895
Delhi,5,14,4,Moderate,186005.65937134033
Agra,8,2,5,Luxury,65280.66371289823
Rajasthan,5,11,2,Moderate,83257.87669623185
Himachal Pradesh,10,10,8,Moderate,209855.290672614
Uttarakhand,3,10,3,Budget,39268.07001253112
Maharashtra,9,8,7,Luxury,488433.31137883
Goa,2,6,1,Moderate,28611.502665594784
Himachal Pradesh,3,13,1,Budget,21120.767321848016
Tamil Nadu,12,14,7,Moderate,294498.4644839169
Uttarakhand,4,3,1,Budget,5444.659609854623
Delhi,10,10,9,Luxury,495812.53174543753
Uttarakhand,1,9,9,Luxury,522283.7467851543
Goa,11,2,8,Budget,34725.59457354959
Delhi,4,7,8,Luxury,383988.5489008898
Agra,4,3,4,Budget,16861.09577679991
Delhi,9,12,4,Budget,73320.47677116215
Himachal Pradesh,8,6,5,Luxury,261405.02600930835
Agra,2,5,9,Luxury,259955.89166593426
Uttarakhand,7,13,3,Budget,50066.53588926245
Tamil Nadu,6,6,4,Budget,35339.04640822363
Karnataka,7,8,5,Luxury,384463.90977159387
Tamil Nadu,11,14,7,Luxury,774570.775861302
Uttarakhand,4,3,5,Budget,21908.54029210022
Goa,5,2,9,Budget,25324.98759762894
Karnataka,6,8,6,Budget,58521.660406602175
Uttarakhand,9,1,3,Luxury,29545.82770165519
Maharashtra,2,2,6,Moderate,40566.88137096261
Himachal Pradesh,11,10,6,Budget,90518.28827655742
Maharashtra,9,1,1,Moderate,3889.0946829946256
Agra,10,5,7,Luxury,218723.6665983188
Rajasthan,1,8,3,Moderate,127043.75177747027
Uttarakhand,4,2,1,Moderate,6031.65640589946
Kerala,12,4,1,Budget,11723.994621507756
Kerala,5,4,5,Moderate,59329.6380553908
Delhi,9,11,2,Luxury,200746.386151774
Tamil Nadu,6,11,2,Budget,29764.50409574947
Tamil Nadu,4,7,4,Moderate,84121.8319888201
Tamil Nadu,2,1,7,Moderate,14184.772888981577
Maharashtra,5,9,8,Moderate,198407.12705753834
Himachal Pradesh,8,3,7,Moderate,48315.472663280656
Uttarakhand,8,6,9,Budget,59365.25416964949
Goa,6,10,7,Budget,117177.41890656641
Delhi,11,14,4,Budget,103869.97435830948
Agra,1,5,9,Luxury,264165.69651088456
Karnataka,8,4,9,Luxury,241777.87257628143
Agra,4,9,3,Budget,36488.90759852712
Uttarakhand,2,11,8,Budget,87639.05828976518
Rajasthan,1,12,1,Luxury,169501.5473088135
Tamil Nadu,7,14,2,Moderate,84281.02604175126
Karnataka,2,9,8,Budget,89413.86912140844
Maharashtra,4,1,8,Budget,10878.559839698903
Uttarakhand,4,7,6,Moderate,102918.13790889738
Rajasthan,10,10,8,Luxury,557796.5303541849
Maharashtra,1,9,8,Luxury,653414.3382645583
Rajasthan,2,5,2,Budget,14684.738807827342
Tamil Nadu,1,1,3,Moderate,10761.769806948983
Maharashtra,6,8,7,Luxury,552060.1380489911
Himachal Pradesh,3,5,3,Moderate,58923.682111506634
Kerala,1,6,2,Moderate,74266.65888231782
Agra,12,7,6,Budget,51956.19676112707
Himachal Pradesh,8,10,2,Moderate,75022.80400831539
Karnataka,12,7,2,Moderate,54425.86181468414
Delhi,4,13,2,Moderate,88432.79054278108
Kerala,10,14,4,Moderate,189296.90101421365
Himachal Pradesh,7,12,7,Moderate,215500.44131554128
Uttarakhand,10,7,6,Budget,52541.585669275184
Rajasthan,2,1,5,Luxury,46507.17071678284
Karnataka,6,7,4,Luxury,251299.3628793877
Uttarakhand,6,11,2,Moderate,93245.89304013288
Kerala,7,3,8,Budget,30786.52083419776
Rajasthan,12,5,2,Budget,23061.38186192002
Karnataka,1,10,8,Moderate,225415.8710263823
Delhi,12,5,4,Moderate,61152.34022182588
Kerala,1,8,5,Luxury,579012.2533118831
Karnataka,2,7,1,Luxury,82846.67897183215
Himachal Pradesh,11,7,2,Luxury,145598.17308473508
Karnataka,2,6,8,Moderate,123979.35699893342
Kerala,5,7,1,Luxury,90316.53409800987
Tamil Nadu,1,14,3,Budget,85713.93906291974
Himachal Pradesh,11,7,2,Budget,25618.302547825413
Uttarakhand,2,5,5,Moderate,62158.0308007764
Kerala,6,5,4,Moderate,70846.29622139096
Tamil Nadu,3,4,4,Luxury,139752.66919387112
Goa,4,14,4,Budget,122758.30445967973
Delhi,1,4,4,Luxury,182037.12772889453
Tamil Nadu,5,5,4,Budget,26422.374578833544
Goa,4,10,6,Luxury,550548.6713132939
Agra,8,9,2,Moderate,55805.05594206656
Rajasthan,3,14,4,Budget,75297.1920670441
Tamil Nadu,10,11,7,Budget,92335.23155352118
Maharashtra,1,12,7,Budget,131831.42765695674
Delhi,10,6,1,Luxury,67133.53243165721
Tamil Nadu,5,8,9,Luxury,463976.5335863391
Goa,1,9,7,Luxury,1024444.3196905568
Maharashtra,11,12,6,Budget,154622.95455291073
Delhi,5,14,2,Moderate,99071.62982300011
Maharashtra,9,4,6,Luxury,211663.14149770237
Himachal Pradesh,5,12,5,Budget,110202.57906568272
Goa,2,13,9,Luxury,963405.7147071618
Karnataka,2,7,1,Budget,13983.333902244636
Himachal Pradesh,10,5,5,Budget,32421.11078087415
Delhi,9,4,3,Luxury,114243.73939603813
Delhi,12,12,9,Budget,151711.0158190419
Kerala,5,7,1,Luxury,87457.88970612554
Goa,11,3,6,Budget,48074.55686499694
Agra,8,1,3,Moderate,8037.627202292777
Agra,10,7,1,Moderate,23791.845049521253
Delhi,4,9,3,Moderate,81851.6243729689
Agra,2,2,2,Moderate,10986.511497251255
Rajasthan,4,7,8,Luxury,384233.8079756116
Kerala,12,10,3,Budget,83088.15219591804
Delhi,11,2,7,Budget,20811.062650364674
Agra,4,13,6,Moderate,192275.95185944092
Goa,11,13,7,Moderate,473124.6665510534
Tamil Nadu,9,3,7,Budget,21574.812611137866
Karnataka,10,13,1,Budget,24743.822135599243
Himachal Pradesh,11,10,4,Budget,73977.96674097396
Himachal Pradesh,6,14,4,Moderate,260802.99865178356
Rajasthan,10,12,5,Budget,88741.7353229242
Maharashtra,6,10,5,Moderate,186213.0302751345
Goa,5,3,8,Moderate,77920.63568304555
Maharashtra,6,12,4,Moderate,146539.74259719532
Kerala,1,13,1,Budget,35951.359853804985
Karnataka,5,4,5,Moderate,65644.71704216533
Kerala,12,6,1,Luxury,113414.0617421261
Delhi,6,3,3,Budget,14735.078866176702
Goa,8,13,8,Budget,168524.25118237128
Delhi,4,9,5,Budget,68793.79681137546
Uttarakhand,5,2,7,Budget,23607.29453767208
Agra,4,7,1,Moderate,18148.322776558543
Himachal Pradesh,7,6,6,Luxury,333808.0104587202
Tamil Nadu,10,14,8,Moderate,218662.31369176236
Delhi,6,2,6,Luxury,81062.34834063878
Maharashtra,4,11,4,Budget,78348.90912278656
Uttarakhand,6,3,8,Moderate,79162.69932050465
Himachal Pradesh,4,6,8,Moderate,132305.36662921475
Delhi,12,10,6,Moderate,216332.64496557534
Uttarakhand,8,4,8,Luxury,184496.26130738715
Uttarakhand,11,1,6,Luxury,45732.292028238604
Goa,3,1,4,Budget,6630.667211809977
Kerala,8,3,6,Moderate,58915.93537695529
Uttarakhand,2,8,9,Budget,69612.77304210667
Rajasthan,6,11,8,Luxury,690020.8256344906
Kerala,8,4,7,Budget,36142.33481418413
Himachal Pradesh,1,11,5,Moderate,181477.9556031655
Himachal Pradesh,6,1,7,Moderate,23494.741894781997
Himachal Pradesh,9,8,1,Luxury,85377.30153995844
Himachal Pradesh,10,10,8,Luxury,556442.9340321196
Rajasthan,10,6,5,Budget,42981.12437075688
Delhi,2,1,7,Moderate,16455.988809865965
Karnataka,11,12,7,Budget,128136.0321126716
Uttarakhand,1,10,8,Luxury,502465.66519659385
Himachal Pradesh,2,10,7,Luxury,484231.3600791017
Kerala,5,6,6,Budget,56678.869685549646
Kerala,6,1,6,Moderate,18806.041310884957
Uttarakhand,1,10,5,Luxury,437545.17232960067
Delhi,7,10,5,Budget,62301.1307792948
Tamil Nadu,11,3,4,Moderate,34708.443104660255
Tamil Nadu,4,2,7,Budget,14390.783561235032
Karnataka,9,4,3,Luxury,117091.52588948916
Delhi,6,2,5,Moderate,25597.041122221493
Uttarakhand,9,11,3,Luxury,260854.97230022156
Tamil Nadu,1,13,8,Luxury,892085.7308266093
Tamil Nadu,4,5,5,Luxury,187535.5627586895
Tamil Nadu,2,4,6,Luxury,173751.98197914005
Maharashtra,6,6,1,Luxury,79776.54092412513
Rajasthan,4,14,4,Budget,79300.15160013427
Uttarakhand,9,7,9,Luxury,368797.4565043309
Agra,3,12,5,Luxury,434964.8160025211
Goa,1,2,1,Luxury,37602.45218059597
Goa,11,2,4,Moderate,48889.387332053644
Delhi,11,8,6,Luxury,499066.1776372421
Uttarakhand,1,13,7,Moderate,221173.87332116696
Uttarakhand,12,13,7,Budget,138205.72816675875
Goa,9,9,8,Luxury,713862.9553143978
Karnataka,9,5,5,Budget,41428.50599776179
Goa,5,7,6,Budget,65917.34393321148
Uttarakhand,2,13,2,Luxury,210368.69010251353
Tamil Nadu,9,12,2,Budget,42064.51554541491
Karnataka,12,9,3,Luxury,347452.26713530644
Himachal Pradesh,8,14,4,Budget,85311.79506623928
Agra,11,1,6,Moderate,15251.701061498305
Maharashtra,10,8,6,Moderate,143133.5490437375
Rajasthan,10,10,3,Moderate,104743.8177028962
Himachal Pradesh,6,10,1,Luxury,147162.27339832715
Kerala,7,9,3,Budget,50802.84433918859
Goa,12,9,4,Moderate,227273.81086076325
Agra,6,10,9,Luxury,469574.95827565866
Goa,5,7,8,Moderate,142251.67870417127
Goa,4,12,4,Moderate,197857.67869063013
Himachal Pradesh,7,12,7,Luxury,573767.6691204961
Tamil Nadu,4,12,9,Moderate,235066.50823793642
Tamil Nadu,10,12,2,Luxury,216298.03920804666
Maharashtra,10,10,3,Moderate,123650.93867884016
Karnataka,10,3,1,Luxury,33753.158135474165
Goa,9,13,8,Moderate,291352.07271652366
Delhi,5,13,2,Budget,48403.29231254273
Tamil Nadu,8,5,7,Budget,43663.58208323081
Uttarakhand,12,13,7,Luxury,748437.5691381395
Agra,12,2,3,Luxury,65853.62761187309
Delhi,12,11,2,Budget,43455.58987921406
Himachal Pradesh,6,10,3,Luxury,385539.3819544649
Himachal Pradesh,4,3,8,Moderate,64103.22754306745
Maharashtra,12,10,9,Moderate,273598.0779819526
Maharashtra,3,7,8,Moderate,160802.26310414603
Karnataka,11,1,2,Moderate,8927.070772265375
Uttarakhand,6,3,9,Moderate,65983.00602788635
Agra,1,5,6,Moderate,92442.03888531863
Uttarakhand,2,11,2,Moderate,58965.61646983867
Kerala,7,14,9,Luxury,935993.034474496
Maharashtra,4,4,5,Budget,30035.009731209477
Karnataka,5,3,6,Moderate,55603.828217828435
Rajasthan,11,6,1,Moderate,28412.176609117698
Goa,10,12,2,Luxury,302355.36447729205
Goa,1,6,1,Luxury,106441.48292843445
Rajasthan,2,4,4,Budget,23428.957965064303
Tamil Nadu,4,9,2,Budget,24017.135204268427
Uttarakhand,8,11,1,Luxury,103809.1352086803
Rajasthan,10,6,3,Moderate,59896.048072440804
Karnataka,4,9,4,Moderate,102447.00453649524
Agra,3,13,4,Moderate,134707.77282925314
Rajasthan,3,11,3,Moderate,103151.1533829723
Karnataka,12,10,2,Moderate,80183.69612359835
Maharashtra,5,10,8,Luxury,688772.2420431462
Delhi,3,2,2,Budget,7637.800713984795
Himachal Pradesh,8,6,5,Budget,51588.81820914501
Himachal Pradesh,5,14,7,Luxury,1249264.5532622319
Kerala,12,4,9,Moderate,110945.88099833691
Uttarakhand,12,2,3,Luxury,67272.033014981
Agra,7,5,1,Budget,8451.201394163687
Delhi,11,14,9,Budget,137246.09244614487
Delhi,8,3,1,Budget,5037.074145544448
Maharashtra,5,6,8,Budget,68511.68628212567
Rajasthan,8,11,2,Luxury,251247.44689272504
Uttarakhand,12,14,7,Moderate,286654.53886313655
Goa,3,8,3,Moderate,104903.59989333378
Delhi,12,4,6,Luxury,237711.50983466915
Karnataka,7,12,6,Moderate,206601.2881732571
Goa,8,4,4,Moderate,65660.27873821901
Kerala,7,5,8,Moderate,96322.47959187387
Rajasthan,2,6,5,Moderate,79934.84980958393
Rajasthan,8,11,7,Budget,96035.97792108994
Agra,6,7,5,Moderate,82462.32452987063
Delhi,10,6,4,Luxury,228465.22208102618
Maharashtra,3,7,6,Budget,72115.96439105876
Tamil Nadu,4,9,3,Budget,40431.91828308789
Tamil Nadu,7,4,6,Luxury,172530.90616936717
Himachal Pradesh,3,10,6,Moderate,192127.69887793929
Karnataka,1,1,6,Budget,10738.797406094438
Goa,6,9,3,Luxury,345099.6889326152
Kerala,3,7,8,Luxury,378788.504232564
Himachal Pradesh,11,4,4,Moderate,52111.69571217546
Rajasthan,10,10,2,Moderate,58948.9652202639
Goa,6,8,7,Luxury,554682.0354533191
Uttarakhand,10,12,8,Moderate,187676.85006586873
Delhi,12,7,4,Luxury,321336.81814317824
Kerala,3,12,6,Moderate,234024.25626091342
Uttarakhand,6,2,8,Moderate,43802.2031791166
Maharashtra,11,1,5,Luxury,69121.3827457627
Delhi,4,9,9,Luxury,512855.79811335815
Goa,4,7,6,Moderate,129752.43414514228
Delhi,10,14,6,Luxury,716112.809317651
Himachal Pradesh,10,10,2,Budget,38923.84992825422
Agra,11,1,7,Moderate,17184.32744381772
Himachal Pradesh,2,13,9,Budget,139726.71076401498
Maharashtra,4,4,5,Budget,28779.00453749764
Karnataka,11,5,5,Budget,41619.18207675076
Uttarakhand,12,5,5,Luxury,299562.00131922134
Himachal Pradesh,4,14,1,Moderate,48924.508934524776
Agra,11,14,5,Moderate,226129.85048788667
Karnataka,7,14,8,Budget,137907.32464224935
Himachal Pradesh,5,5,3,Luxury,241503.38094416086
Rajasthan,8,11,9,Moderate,184877.43296268873
Agra,7,3,9,Moderate,48074.081709231425
Uttarakhand,10,5,6,Moderate,67603.51634355799
Kerala,9,4,4,Budget,30357.282245834303
Tamil Nadu,8,5,4,Budget,26716.719982832674
Karnataka,9,7,1,Budget,13293.678460842104
Rajasthan,1,5,5,Budget,57660.36692900363
Kerala,10,14,5,Budget,102895.17437294417
Goa,12,14,5,Moderate,326486.98554606445
Agra,3,14,1,Budget,20963.08026677184
Rajasthan,5,8,1,Luxury,88628.36441546262
Delhi,9,8,2,Budget,28349.71165379869
Goa,8,3,1,Budget,6582.322341599845
Goa,10,5,8,Budget,51104.771055572004
Karnataka,7,12,4,Moderate,146573.75973847564
Agra,2,4,6,Moderate,47876.24867633798
Rajasthan,11,14,8,Luxury,999452.034031615
Maharashtra,6,14,5,Moderate,221330.38999610266
Rajasthan,4,5,6,Budget,42649.6603795954
Himachal Pradesh,5,8,4,Luxury,469059.4753882257
Goa,5,4,6,Luxury,250875.8886481299
Uttarakhand,4,5,6,Luxury,237140.32935673388
Goa,4,7,3,Budget,42535.503648476566
Goa,4,3,4,Moderate,42367.23059504948
Tamil Nadu,11,13,6,Moderate,236522.8519171023
Delhi,2,6,8,Budget,61532.76726759091
Maharashtra,1,9,7,Moderate,191333.4711192156
Kerala,12,11,4,Budget,127847.13737184636
Kerala,2,4,3,Budget,23183.175165894307
Delhi,7,4,8,Luxury,230602.56018651268
Goa,12,6,6,Moderate,188473.86903426662
Kerala,1,6,8,Luxury,520783.519559019
Agra,6,3,9,Moderate,54224.138665101076
Maharashtra,4,14,9,Budget,181214.74716764156
Kerala,2,1,9,Luxury,73045.15833394795
Delhi,3,3,1,Budget,4633.88096757852
Himachal Pradesh,7,8,3,Budget,43951.94006229942
Kerala,6,8,9,Luxury,527211.0495222837
Maharashtra,6,6,4,Luxury,279274.23875114345
Karnataka,8,7,2,Moderate,47029.3040544417
Karnataka,8,2,1,Moderate,8414.469870523651
Agra,6,9,5,Luxury,305785.5247372262
Rajasthan,1,3,4,Moderate,57373.12588770159
Rajasthan,10,2,5,Budget,14016.003114368943
Kerala,7,5,5,Budget,41402.62431197475
Uttarakhand,8,1,8,Budget,7360.705707432171
Himachal Pradesh,5,5,6,Budget,61840.08864778671
Delhi,11,10,3,Budget,57780.73042174553
Himachal Pradesh,4,4,9,Budget,43735.42341340221
Karnataka,7,12,8,Moderate,216175.5088324604
Kerala,12,6,9,Luxury,641336.4464976272
Maharashtra,12,12,4,Luxury,699302.6000218568
Delhi,11,5,8,Moderate,121714.97321795115
Himachal Pradesh,6,9,3,Moderate,125062.33895068614
Maharashtra,12,5,5,Moderate,108729.0906737956
Delhi,6,13,7,Luxury,641767.4292787816
Himachal Pradesh,3,8,1,Moderate,33711.59485913069
Agra,11,12,1,Moderate,41585.04414112473
Karnataka,10,13,3,Luxury,352913.6033055725
Goa,4,2,4,Moderate,30499.58880024397
Delhi,5,3,1,Budget,4675.262810070515
Karnataka,9,3,8,Luxury,177675.50560343586
Tamil Nadu,8,3,2,Luxury,57726.17577471507
Uttarakhand,3,6,5,Luxury,229764.8944888196
Kerala,6,7,6,Moderate,129920.99874611097
Tamil Nadu,10,7,6,Luxury,356318.1244740929
Maharashtra,1,12,6,Budget,131314.91213143565
Delhi,3,7,1,Budget,11966.196863142353
Kerala,10,12,3,Luxury,362442.62082713825
Kerala,12,3,3,Budget,21999.674970756863
Tamil Nadu,7,1,8,Moderate,16074.735700168698
Tamil Nadu,7,6,6,Luxury,244256.44771094763
Goa,2,3,2,Budget,12565.174926215426
Himachal Pradesh,3,13,1,Moderate,45447.706649617656
Delhi,7,3,4,Luxury,107657.40793740403
Karnataka,12,3,1,Luxury,37398.285923007024
Rajasthan,6,9,5,Luxury,369458.5085937856
Delhi,7,12,8,Budget,97054.50990378881
Delhi,10,4,2,Luxury,71755.00779795619
Delhi,9,5,8,Budget,47057.68842522608
Kerala,8,3,8,Moderate,63622.90308708642
Maharashtra,6,10,6,Moderate,170358.02865044482
Kerala,12,13,8,Moderate,380632.41728484037
Maharashtra,4,12,2,Luxury,263276.00756550534
Tamil Nadu,10,1,7,Moderate,17612.963446572943
Rajasthan,9,12,8,Budget,104771.21652712928
Kerala,7,4,4,Budget,26432.660519362882
Maharashtra,5,1,9,Budget,11900.976895815596
Kerala,2,11,6,Budget,93818.75409424661
Uttarakhand,9,11,3,Budget,45778.007522284104
Kerala,7,7,4,Budget,51854.031533068905
Rajasthan,9,7,4,Moderate,90660.33337468968
Rajasthan,11,4,1,Luxury,64976.378962266775
Maharashtra,9,5,1,Budget,10685.779278293314
Maharashtra,10,10,1,Moderate,37980.7197894296
Tamil Nadu,5,7,4,Moderate,77908.13972859933
Rajasthan,7,13,1,Budget,21209.99218217505
Rajasthan,5,6,6,Moderate,101013.44888072384
Goa,3,13,2,Budget,57708.07654431886
Delhi,10,4,1,Luxury,40458.62279869447
Agra,8,4,7,Budget,29709.533652971106
Kerala,8,2,6,Luxury,105442.83817293915
Himachal Pradesh,9,10,1,Moderate,33969.374472017145
Tamil Nadu,11,2,9,Moderate,46370.40225944227
Delhi,12,12,6,Budget,126948.49561689142
Agra,6,4,2,Moderate,25743.569770950635
Goa,2,5,7,Moderate,119815.0333360275
Himachal Pradesh,3,4,3,Luxury,134999.89866749354
Maharashtra,11,14,7,Budget,149831.18071883035
Rajasthan,12,3,9,Budget,46121.225539271516
Uttarakhand,10,11,5,Luxury,397488.55795364414
Tamil Nadu,11,2,1,Luxury,21178.38827532382
Karnataka,6,4,5,Luxury,178766.66750980896
Rajasthan,1,14,8,Budget,195135.299254534
Uttarakhand,2,11,8,Luxury,546617.6304155757
Agra,8,5,3,Budget,21178.16449062325
Maharashtra,11,1,4,Luxury,54711.77312716351
Himachal Pradesh,8,13,8,Moderate,228914.489929597
Agra,6,1,8,Budget,8073.6022607411805
Rajasthan,3,6,7,Budget,44572.9655726758
Rajasthan,2,5,6,Budget,38769.78352075425
Himachal Pradesh,6,11,4,Moderate,175094.79947873388
Karnataka,1,4,9,Moderate,94454.38055555074
Uttarakhand,10,1,2,Budget,2744.004198050195
Agra,6,12,2,Luxury,219631.52774476094
Maharashtra,9,14,1,Budget,32924.3016727562
Rajasthan,7,7,3,Budget,29796.01084104138
Agra,9,4,3,Moderate,34700.29892442477
Karnataka,2,3,4,Moderate,33733.76821056928
Agra,11,14,3,Luxury,400122.4095955767
Himachal Pradesh,5,7,6,Luxury,521673.3878583568
Maharashtra,9,2,9,Budget,22936.68904932553
Goa,7,10,8,Budget,101456.02913184215
Himachal Pradesh,9,1,6,Luxury,49186.120116030084
Agra,11,11,8,Budget,102038.3413713463
Goa,6,4,8,Budget,45275.22682081421
Rajasthan,7,13,6,Luxury,644747.2466201895
Goa,10,8,2,Luxury,229095.937902854
Karnataka,5,13,5,Luxury,606232.2776937849
Kerala,6,6,4,Moderate,83802.2806203581
Karnataka,1,9,6,Luxury,482665.4775192965
Himachal Pradesh,1,1,2,Moderate,6892.604367675542
Kerala,2,1,4,Luxury,41391.036118158154
Himachal Pradesh,11,11,8,Luxury,736989.8372298481
Tamil Nadu,4,5,1,Moderate,15533.670644352767
Maharashtra,11,6,3,Moderate,77678.8740351468
Delhi,9,8,4,Budget,48878.909136042836
Rajasthan,7,3,2,Budget,11171.1025104839
Rajasthan,6,6,2,Budget,20208.550863892633
Tamil Nadu,1,3,6,Moderate,48238.2143436765
Agra,5,8,6,Luxury,282736.5307314715
Uttarakhand,11,12,3,Moderate,115779.23507766007
Himachal Pradesh,12,11,8,Luxury,959454.8325625004
Delhi,4,11,3,Luxury,285703.624438482
Delhi,5,4,2,Luxury,85174.54683582828
Karnataka,11,2,5,Budget,18929.90375848206
Karnataka,9,12,7,Moderate,235321.02153533846
Uttarakhand,12,9,1,Moderate,45063.738283219594
Agra,3,10,2,Budget,25524.875837358817
Tamil Nadu,4,13,2,Luxury,278036.29986894864
Goa,8,8,8,Budget,107598.5090144678
Karnataka,3,6,6,Luxury,256047.4851378023
Agra,3,3,4,Budget,13424.083683014082
Maharashtra,9,2,4,Moderate,27994.102567565693
Rajasthan,5,13,5,Budget,78289.60442366291
Rajasthan,10,4,3,Moderate,40463.73681200667
Agra,1,4,4,Luxury,153521.77207695038
Uttarakhand,7,1,4,Budget,5890.198363097925
Tamil Nadu,7,9,7,Budget,83645.18794954353
Delhi,6,10,7,Budget,96899.63768813599
Uttarakhand,6,8,1,Budget,16843.99008434801
Agra,3,7,3,Moderate,54938.85761248255
Tamil Nadu,3,6,9,Moderate,115771.92184737799
Tamil Nadu,10,3,6,Budget,21527.572938514364
Himachal Pradesh,11,4,6,Moderate,72475.9817092582
Kerala,9,2,4,Budget,15307.980210719812
Rajasthan,1,7,9,Moderate,192846.4266826141
Agra,7,2,3,Moderate,16494.12242129663
Delhi,12,14,8,Moderate,337081.5284589235
Kerala,11,10,6,Budget,134095.63186024304
Maharashtra,10,1,2,Budget,3737.590503025738
Karnataka,7,6,3,Moderate,55591.39546109783
Himachal Pradesh,8,4,1,Luxury,39743.37060778189
Karnataka,6,8,3,Moderate,75852.76982302552
Kerala,8,1,4,Budget,7179.152815435412
Kerala,1,9,6,Luxury,632518.648159164
Karnataka,1,6,7,Budget,60848.53111251943
Delhi,9,14,3,Luxury,350653.40565830393
Delhi,12,2,7,Luxury,119941.4843642703
Goa,4,8,4,Budget,53734.6422770351
Maharashtra,3,5,1,Moderate,22550.120623064417
Delhi,6,5,1,Budget,9873.56393084318
Maharashtra,10,5,8,Budget,49560.407105709826
Maharashtra,12,7,7,Moderate,159936.55595253274
Kerala,12,7,4,Moderate,128241.03743099552
Maharashtra,9,10,1,Luxury,114184.87073835879
Himachal Pradesh,10,11,6,Luxury,532400.108830506
Karnataka,11,7,7,Moderate,142294.22229722474
Goa,4,12,6,Budget,117314.45836640349
Agra,9,10,6,Moderate,136010.18393477716
Uttarakhand,5,2,8,Moderate,49772.38173744078
Goa,7,8,6,Moderate,180686.15070279504
Himachal Pradesh,3,1,2,Budget,3566.0078946983886
Goa,3,13,7,Budget,160909.8341142487
Maharashtra,12,14,4,Luxury,758523.7674008665
Kerala,3,2,3,Moderate,23083.328947207363
Uttarakhand,8,11,8,Moderate,184261.43803626584
Delhi,6,7,5,Budget,49341.33381559179
Kerala,9,4,4,Moderate,54921.800610540384
Maharashtra,9,11,4,Budget,78350.98054614165
Maharashtra,8,10,5,Luxury,497782.4308730798
Uttarakhand,1,10,4,Luxury,353284.8975280948
Uttarakhand,6,9,3,Luxury,315587.3426167371
Rajasthan,4,11,4,Budget,59691.74267143516
Tamil Nadu,4,9,5,Budget,52905.84452573205
Tamil Nadu,3,14,2,Moderate,97775.84925402296
Kerala,12,3,7,Luxury,293405.67985763814
Delhi,9,13,5,Budget,84001.4456524452
Goa,2,14,9,Luxury,903701.9652822902
Maharashtra,1,13,6,Luxury,1006705.5365633778
Maharashtra,10,3,1,Luxury,37596.07158467659
Rajasthan,3,9,9,Moderate,149350.0360775927
Kerala,4,13,5,Budget,95117.60904226679
Kerala,4,10,9,Budget,114601.78320922251
Karnataka,6,12,1,Budget,19411.566605931635
Uttarakhand,1,8,2,Moderate,47663.27160389234
Delhi,1,1,3,Moderate,11093.637407539089
Uttarakhand,2,6,5,Moderate,81078.02468768356
Delhi,4,7,6,Moderate,100307.77998869089
Himachal Pradesh,7,14,5,Budget,121841.96124256359
Agra,6,11,1,Moderate,29587.262392504286
Tamil Nadu,11,14,4,Budget,97029.24925154111
Tamil Nadu,9,8,6,Luxury,338020.6939729709
Delhi,7,12,4,Budget,63536.29123756397
Tamil Nadu,12,12,4,Luxury,490358.10260699585
Uttarakhand,5,2,5,Moderate,32286.609792105766
Maharashtra,6,14,8,Luxury,966771.485533998
Uttarakhand,10,1,5,Moderate,11004.534560612521
Delhi,9,4,7,Budget,34406.96035293233
Kerala,1,1,8,Budget,14284.839767768543
Uttarakhand,11,2,6,Moderate,32687.952857058233
Tamil Nadu,9,3,6,Budget,23681.87930762218
Rajasthan,6,4,2,Luxury,85911.44837043941
Karnataka,12,12,5,Luxury,678747.7982279053
Maharashtra,4,12,1,Luxury,158725.01778363585
Tamil Nadu,12,6,9,Moderate,114372.03337030072
Rajasthan,5,8,7,Luxury,473022.45452814654
Delhi,1,9,2,Luxury,225632.44300774133
Himachal Pradesh,7,4,6,Luxury,229662.65375840742
Rajasthan,8,1,9,Luxury,56764.740239329454
Agra,11,14,5,Luxury,565966.5961992267
Himachal Pradesh,5,5,3,Luxury,211402.63097210642
Goa,2,5,4,Moderate,74185.70901714695
Maharashtra,8,9,3,Luxury,261718.93249708333
Tamil Nadu,10,6,1,Moderate,20839.132538465106
Goa,7,5,7,Moderate,118110.18558920195
Uttarakhand,10,10,8,Moderate,143482.36636158064
Delhi,9,10,2,Luxury,184294.7106205881
Maharashtra,4,5,8,Luxury,343760.8003130733
Kerala,11,8,9,Moderate,245350.5392618682
Himachal Pradesh,9,11,7,Moderate,231478.3366139345
Kerala,4,1,1,Luxury,10605.345079463634
Goa,3,5,4,Budget,43162.29737543103
Rajasthan,11,1,7,Budget,14459.865929303814
Rajasthan,3,7,6,Budget,62662.223577403965
Delhi,10,14,8,Luxury,667449.8615847686
Goa,2,7,6,Moderate,132071.37014471387
Karnataka,10,13,6,Budget,100150.97989643262
Maharashtra,3,10,6,Moderate,210846.1546346349
Himachal Pradesh,8,8,7,Luxury,488061.2799939126
Rajasthan,11,14,5,Moderate,263914.5154760869
Rajasthan,8,7,9,Budget,59035.13020447176
Kerala,2,11,7,Luxury,641780.4180909131
Kerala,11,9,1,Moderate,48708.09908557355
Tamil Nadu,2,8,9,Luxury,424587.93533458555
Uttarakhand,2,8,6,Budget,63556.32298514096
Karnataka,10,3,8,Budget,28859.257609756867
Kerala,7,10,9,Budget,115272.02372894023
Kerala,6,4,2,Luxury,84361.96434865479
Maharashtra,12,4,2,Luxury,106837.85682549186
Tamil Nadu,11,1,5,Budget,8142.828799883145
Kerala,1,6,5,Luxury,477674.9027968135
Himachal Pradesh,2,2,2,Luxury,43724.30728259478
Maharashtra,1,9,4,Budget,70132.15966517199
Uttarakhand,12,14,9,Budget,155008.9479911622
Goa,11,1,4,Moderate,23755.647343253066
Maharashtra,7,1,1,Budget,1850.1377324959699
Goa,6,11,5,Luxury,516568.02038820746
Rajasthan,2,13,2,Moderate,76148.4320725777
Tamil Nadu,2,10,6,Luxury,431111.8420249865
Uttarakhand,2,11,1,Moderate,33662.14955840721
Tamil Nadu,8,6,7,Luxury,247588.436160488
Uttarakhand,7,13,7,Moderate,183150.56984741476
Tamil Nadu,1,1,4,Moderate,12848.070872746643
Maharashtra,4,12,9,Luxury,799324.2720247423
Tamil Nadu,11,3,3,Moderate,31135.825905370428
Agra,4,10,5,Luxury,340518.7469669349
Uttarakhand,7,2,5,Luxury,83986.66849857738
Goa,2,13,8,Moderate,296536.0138606195
Uttarakhand,4,11,4,Budget,62433.580427351466
Rajasthan,1,9,1,Budget,25981.54880412702
Himachal Pradesh,11,5,5,Budget,42032.39605551261
Agra,11,6,1,Luxury,71740.39707769446
Delhi,4,2,3,Luxury,56608.94991070302
Uttarakhand,11,8,6,Budget,60387.63078815966
Kerala,1,6,1,Luxury,101995.34172429077
Maharashtra,2,11,3,Budget,69140.46566811441
Maharashtra,2,12,7,Luxury,677159.0685665841
Tamil Nadu,12,8,2,Luxury,196161.7736710256
Tamil Nadu,10,8,6,Luxury,353169.66162288736
Maharashtra,12,14,7,Budget,162436.77608995023
Karnataka,3,1,2,Moderate,6776.199281056322
Agra,8,7,5,Luxury,258673.17389112205
Agra,11,2,1,Luxury,24386.292774709604
Goa,6,11,3,Budget,58756.743016509994
Uttarakhand,6,8,1,Budget,20175.110377124678
Delhi,9,12,3,Luxury,372421.21147923847
Maharashtra,8,2,4,Luxury,87924.56173558303
Uttarakhand,2,4,5,Moderate,45522.171809893596
Agra,6,2,4,Luxury,66936.67868669068
Rajasthan,1,13,4,Luxury,735962.5138909323
Maharashtra,9,7,9,Luxury,475896.88282696786
Uttarakhand,4,5,9,Moderate,96401.67942506225
Agra,4,13,9,Luxury,662970.6884033419
Himachal Pradesh,9,11,5,Moderate,156597.83280792876
Agra,3,13,5,Budget,67320.70745858536
Tamil Nadu,5,11,2,Luxury,223007.6414963045
Kerala,1,9,6,Luxury,675521.120219819
Karnataka,6,5,2,Luxury,98506.73786686771
Karnataka,3,11,5,Luxury,481032.0617809663
Tamil Nadu,1,8,5,Moderate,136222.7703687148
Tamil Nadu,10,2,4,Budget,12648.26056823838
Maharashtra,6,3,5,Budget,23055.015445184115
Himachal Pradesh,12,6,7,Moderate,174333.11978743502
Himachal Pradesh,10,11,2,Moderate,81906.77976404098
Maharashtra,2,7,1,Moderate,32536.20767122949
Uttarakhand,8,14,4,Moderate,168231.70463328168
Maharashtra,11,10,7,Luxury,716960.8719307088
Delhi,12,8,1,Luxury,106186.76651288015
Delhi,2,3,4,Moderate,40483.153662994475
Karnataka,4,7,6,Luxury,367732.27157534054
Agra,3,8,6,Luxury,319933.0863189729
Maharashtra,9,10,1,Budget,20193.356640932787
Maharashtra,2,6,7,Luxury,330800.7258323588
Uttarakhand,3,4,5,Budget,29430.758702966188
Goa,7,13,6,Luxury,827141.1406606631
Karnataka,4,6,1,Budget,10355.93483910122
Karnataka,6,9,7,Budget,71169.41933810603
Karnataka,3,3,4,Budget,20307.438798822637
Agra,1,2,3,Budget,10755.388725745925
Tamil Nadu,11,5,4,Moderate,65861.78059768918
Rajasthan,6,7,9,Luxury,451205.6019841236
Goa,4,3,5,Moderate,51221.37838172852
Agra,2,5,5,Luxury,193827.3001345198
Delhi,7,4,8,Moderate,67623.5364864257
Uttarakhand,10,11,7,Luxury,491972.20364501845
Tamil Nadu,12,7,3,Moderate,77210.35054534984
Delhi,5,2,1,Moderate,6026.998995113955
Tamil Nadu,6,12,2,Budget,34356.307330489915
Himachal Pradesh,6,11,3,Moderate,142662.40067979184
Karnataka,9,13,1,Budget,22808.931597088493
Tamil Nadu,12,7,1,Budget,15013.698669926483
Kerala,2,12,8,Moderate,280121.2032168586
Karnataka,12,2,8,Luxury,118275.4511557336
Karnataka,6,3,2,Moderate,19554.071887161128
Uttarakhand,9,5,8,Budget,35676.85403425946
Goa,12,7,2,Budget,49752.093065525376
Delhi,4,13,5,Moderate,165550.85156060482
Tamil Nadu,12,6,1,Moderate,25689.53364503253
Tamil Nadu,11,12,9,Moderate,220680.69810685804
Himachal Pradesh,6,7,4,Moderate,122756.14123189916
Karnataka,7,11,2,Luxury,222150.71213130478
Maharashtra,1,6,1,Budget,14345.859244529955
Rajasthan,5,13,6,Moderate,209060.60078886902
Maharashtra,4,12,8,Moderate,253534.2712798044
Tamil Nadu,10,1,4,Moderate,10894.274103725262
Maharashtra,2,5,1,Budget,9520.990916726638
Uttarakhand,2,12,1,Budget,18707.55257397828
Kerala,2,1,6,Budget,9650.946053608013
Tamil Nadu,7,7,2,Moderate,41560.58756023658
Tamil Nadu,11,4,5,Budget,35073.73709196149
Kerala,11,5,2,Moderate,51290.84710941535
Delhi,4,1,9,Moderate,20865.41045534905
Kerala,6,8,2,Luxury,188734.76393462892
Maharashtra,7,4,5,Luxury,196990.0523007598
Uttarakhand,9,3,4,Luxury,84267.11407925656
Himachal Pradesh,11,1,1,Budget,1687.1436371123616
Delhi,2,4,9,Luxury,220966.14085257208
Agra,10,3,3,Budget,13527.54784245785
Himachal Pradesh,12,8,8,Moderate,251642.68812156553
Goa,9,9,4,Luxury,466349.82514204324
Goa,11,12,9,Luxury,1223265.3674149516
Goa,5,5,5,Budget,41713.23179442193
Goa,6,9,2,Budget,41239.58710987386
Uttarakhand,6,1,8,Luxury,79124.80749475378
Himachal Pradesh,11,7,4,Budget,40245.97334406541
Karnataka,3,11,2,Budget,37245.03349662984
Rajasthan,11,14,6,Budget,182064.67676753484
Delhi,11,7,1,Moderate,29329.323228416117
Agra,10,6,8,Luxury,309640.6648395389
Maharashtra,7,4,9,Budget,40144.76916851606
Tamil Nadu,7,13,7,Budget,113840.13678464407
Goa,8,11,9,Moderate,258447.43399690976
Agra,5,9,2,Moderate,54271.105246580395
Tamil Nadu,2,14,1,Moderate,43333.09851364297
Rajasthan,3,3,7,Moderate,54411.96550532211
Agra,9,11,4,Luxury,357008.49598945485
Himachal Pradesh,6,11,8,Luxury,890820.5656431534
Agra,8,1,3,Budget,4620.062027551196
Goa,8,2,7,Luxury,112474.407135685
Rajasthan,5,3,7,Budget,27069.44571878109
Maharashtra,1,2,9,Luxury,183318.6750873135
Karnataka,6,6,4,Luxury,250724.5719060983
Kerala,7,13,1,Luxury,159028.7882714983
Goa,9,14,7,Budget,172675.3307546347
Tamil Nadu,2,7,6,Budget,45861.68770682149
Rajasthan,12,5,1,Moderate,26592.4045953826
Himachal Pradesh,2,5,9,Budget,58707.37254728623
Uttarakhand,10,7,8,Moderate,133656.96692183305
Rajasthan,1,6,4,Budget,56428.18974578001
Tamil Nadu,5,12,5,Budget,71303.40396168169
Kerala,2,8,8,Luxury,441231.59028783854
Kerala,3,9,2,Budget,38534.28966293748
Delhi,2,2,6,Luxury,105291.66763637563
Karnataka,11,12,2,Budget,47812.90158686277
Tamil Nadu,4,2,8,Moderate,38763.356623230546
Kerala,11,1,5,Budget,10669.895031252749
Delhi,3,7,3,Luxury,186215.03768056672
Delhi,9,11,2,Luxury,228938.55954136405
Delhi,10,14,4,Luxury,450420.2411060705
Rajasthan,12,4,8,Luxury,375665.1774515686
Delhi,2,9,1,Budget,14439.132626680395
Goa,7,6,3,Luxury,201990.4856043824
Tamil Nadu,11,12,1,Luxury,141473.5424341036
Goa,3,7,2,Budget,32425.22996904093
Uttarakhand,10,13,7,Luxury,541896.8222053009
Kerala,8,7,1,Moderate,29406.534693829384
Karnataka,4,8,9,Moderate,140629.05708349307
Delhi,4,4,8,Luxury,191846.13164665314
Himachal Pradesh,9,3,1,Moderate,9831.572450678696
Himachal Pradesh,11,3,1,Luxury,34657.7873831993
Kerala,3,10,2,Budget,37270.04753230754
Uttarakhand,7,8,2,Moderate,45828.9340245321
Himachal Pradesh,1,12,6,Moderate,206868.97475118915
Goa,7,13,1,Budget,29266.223019790134
Agra,10,3,4,Moderate,30360.2310979141
Rajasthan,11,8,7,Luxury,556731.469304171
Maharashtra,2,2,9,Luxury,152285.1095310383
Himachal Pradesh,12,5,3,Moderate,74406.05114536644
Karnataka,6,5,4,Budget,27933.494668149582
Delhi,9,7,5,Luxury,272431.8032204555
Karnataka,6,5,5,Luxury,239621.38066306864
Tamil Nadu,3,9,2,Moderate,61109.369953027446
Rajasthan,1,3,5,Budget,33633.24021238121
Goa,12,9,1,Luxury,198131.2430467479
Uttarakhand,12,1,7,Budget,11299.361017451318
Rajasthan,4,3,5,Moderate,39338.51229332023
Maharashtra,4,4,6,Moderate,72371.80250132502
Agra,8,6,9,Luxury,292443.17490161257
Himachal Pradesh,10,10,3,Budget,47391.29284664721
Uttarakhand,10,8,1,Budget,14156.724693749595
Uttarakhand,7,7,8,Moderate,125109.59696353163
Himachal Pradesh,10,8,2,Moderate,66077.54587055324
Himachal Pradesh,7,6,2,Moderate,42218.6838106884
Himachal Pradesh,7,6,4,Moderate,86142.52221015432
Himachal Pradesh,12,14,5,Moderate,322867.1379745797
Himachal Pradesh,2,6,1,Luxury,75211.36895370597
Uttarakhand,9,3,3,Luxury,82149.12773370437
Kerala,6,14,8,Budget,139005.84438316282
Kerala,2,10,6,Luxury,498515.5321014239
Karnataka,1,4,3,Luxury,134029.72608897905
Kerala,11,11,7,Luxury,989696.8108733748
Maharashtra,1,6,6,Budget,75789.50229205469
Kerala,1,13,5,Luxury,921702.1888241232
Uttarakhand,4,7,8,Budget,59967.09237946685
Himachal Pradesh,4,3,8,Budget,31718.958008591744
Delhi,12,4,3,Luxury,150583.35593043946
Delhi,9,6,8,Luxury,342193.0893625743
Maharashtra,12,1,9,Luxury,84815.28029918563
Tamil Nadu,12,11,3,Moderate,134816.0159610622
Uttarakhand,1,7,8,Budget,64572.128713038284
Goa,3,13,8,Budget,162750.85151102088
Rajasthan,3,11,7,Moderate,207436.26698555934
Karnataka,8,1,8,Moderate,22125.39417823455
Goa,2,11,1,Luxury,148754.79918052958
Uttarakhand,6,13,3,Moderate,166943.89721371775
Kerala,11,12,6,Moderate,354463.56461588957
Himachal Pradesh,4,13,7,Moderate,238007.25664410193
Goa,10,12,7,Budget,150356.4523780857
Rajasthan,6,13,6,Moderate,197515.1872447689
Tamil Nadu,5,10,4,Luxury,310655.35519576387
Delhi,12,11,5,Budget,97308.97676897769
Tamil Nadu,9,11,9,Budget,85682.72794005979
Rajasthan,9,9,1,Moderate,27971.77180817648
Himachal Pradesh,1,10,2,Moderate,82390.63555689358
Kerala,3,9,5,Moderate,134567.30963664374
Rajasthan,1,11,5,Moderate,198647.11678143466
Karnataka,6,9,7,Luxury,485786.3246234172
Rajasthan,12,4,8,Moderate,121234.19763766369
Uttarakhand,3,2,6,Luxury,82079.54597792562
Kerala,1,7,6,Moderate,184425.65801886044
Himachal Pradesh,6,13,5,Moderate,248161.1890540947
Delhi,5,4,5,Luxury,160243.07851441405
Delhi,12,14,8,Moderate,348451.41335453786
Rajasthan,12,5,5,Budget,58441.08410098574
Uttarakhand,8,1,6,Luxury,46308.465736127095
Goa,2,11,3,Luxury,435377.75368120446
Tamil Nadu,8,12,5,Budget,83223.702421021
Tamil Nadu,12,10,9,Luxury,567992.6518509453
Tamil Nadu,5,13,3,Moderate,102536.62358908527
Goa,8,6,8,Luxury,425898.9321609996
Uttarakhand,12,12,7,Luxury,812901.6552134906
Tamil Nadu,10,7,4,Budget,44828.534970658766
Karnataka,4,3,5,Luxury,131248.98934759127
Goa,4,10,8,Moderate,263306.93106506
Goa,10,2,7,Luxury,151761.41267139008
Himachal Pradesh,4,13,2,Luxury,310681.397352112
Himachal Pradesh,11,12,8,Budget,114966.93832470654
Kerala,6,12,8,Budget,134288.71880971477
Karnataka,4,10,9,Luxury,607574.9432335426
Karnataka,9,7,2,Moderate,44763.634684496494
Kerala,9,1,4,Budget,6044.591361901081
Karnataka,3,2,2,Budget,6123.304765616158
Maharashtra,7,3,4,Moderate,40609.31890710502
Agra,12,4,3,Budget,20540.85334907808
Tamil Nadu,5,5,7,Luxury,272664.24959366967
Himachal Pradesh,12,4,5,Budget,40267.34656889371
Kerala,9,10,7,Moderate,197824.06109620814
Kerala,2,3,2,Luxury,67760.01684456461
Karnataka,3,1,4,Moderate,11103.472193981843
Goa,10,7,6,Moderate,152818.35929404807
Delhi,5,12,5,Moderate,168976.33521099007
Rajasthan,12,10,2,Moderate,112237.95271195765
Rajasthan,5,6,7,Budget,56627.658544714825
Kerala,10,2,2,Budget,7094.463179378585
Tamil Nadu,12,2,9,Budget,20181.915920427284
Maharashtra,7,3,7,Budget,31212.527845355333
Tamil Nadu,8,8,3,Luxury,189792.36663189364
Kerala,8,8,6,Budget,66624.173737514
Tamil Nadu,1,10,5,Moderate,173658.33925216494
Himachal Pradesh,1,10,9,Luxury,551516.8147323963
Tamil Nadu,3,10,3,Budget,45168.019139119475
Karnataka,1,12,2,Budget,49005.88838596305
Karnataka,1,10,2,Luxury,230373.4768989729
Maharashtra,10,11,4,Budget,89608.80787482618
Himachal Pradesh,8,14,1,Moderate,58388.97031230308
Delhi,1,12,9,Moderate,253110.17876315396
Goa,9,8,3,Moderate,105518.83515525427
Himachal Pradesh,2,7,5,Moderate,90644.854486132
Uttarakhand,9,14,2,Budget,39719.95994509162
Agra,7,2,8,Moderate,27530.86194865664
Kerala,9,1,3,Budget,5277.012665762454
Uttarakhand,3,6,5,Budget,39988.756418395584
Maharashtra,1,11,7,Budget,122434.44540785758
Uttarakhand,1,8,2,Budget,22416.282157280086
Karnataka,11,1,3,Luxury,34806.361856279924
Tamil Nadu,10,3,8,Luxury,160499.10961886685
Goa,6,1,8,Luxury,66213.89695619073
Rajasthan,7,10,3,Moderate,97377.60583974137
Kerala,9,9,7,Budget,84211.1585354884
Rajasthan,6,7,2,Budget,21584.265395788563
Tamil Nadu,5,14,9,Moderate,276053.35284233314
Karnataka,2,8,8,Luxury,445548.75992162625
Karnataka,2,9,9,Budget,101194.80877255584
Tamil Nadu,8,3,9,Moderate,50341.806202321975
Kerala,1,10,7,Luxury,893343.9742259816
Rajasthan,8,11,4,Moderate,113369.72113227416
Himachal Pradesh,11,2,5,Moderate,32044.09057435176
Karnataka,10,6,7,Budget,59211.228175581076
Rajasthan,11,5,5,Luxury,359548.59096741903
Delhi,7,4,8,Luxury,240454.779214661
Rajasthan,7,6,5,Budget,39637.749422275905
Delhi,5,6,5,Luxury,256279.16543244486
Delhi,3,12,5,Moderate,172630.4435178157
Karnataka,7,3,4,Moderate,32721.928717441257
Kerala,7,14,7,Moderate,239221.1194687025
Maharashtra,7,2,2,Budget,7562.981071957013
Karnataka,12,9,4,Luxury,437479.5819656011
Kerala,11,8,3,Budget,60630.77438287449
Kerala,2,14,8,Budget,161941.79009755
Uttarakhand,3,4,7,Budget,32724.07149931674
Tamil Nadu,3,6,3,Budget,26474.498977196465
Tamil Nadu,4,3,4,Luxury,102208.68527676999
Tamil Nadu,12,11,4,Moderate,140614.18877452318
Agra,9,8,7,Moderate,134319.74477337342
Karnataka,10,3,8,Moderate,52108.85394498947
Kerala,1,2,4,Luxury,135633.7712594061
Uttarakhand,12,7,8,Luxury,515362.253278638
Delhi,7,14,1,Luxury,156329.86840593998
Maharashtra,7,3,9,Moderate,74894.57088503547
Maharashtra,11,13,7,Luxury,858033.1626796587
Delhi,4,9,4,Moderate,113370.5164975297
Rajasthan,11,3,8,Moderate,88687.95884643927
Rajasthan,1,8,2,Budget,45700.82547163843
Tamil Nadu,3,2,8,Luxury,110606.60201642408
Karnataka,5,9,6,Budget,85079.28298885371
Agra,12,1,7,Luxury,58472.370139671075
Uttarakhand,2,12,7,Luxury,628099.3763495653
Maharashtra,7,3,2,Budget,13467.16302975455
Tamil Nadu,10,11,2,Luxury,208844.12958530357
Goa,10,14,4,Luxury,683280.4158463101
Tamil Nadu,7,2,6,Luxury,79048.42389501036
Goa,12,13,4,Moderate,285501.39916471473
Himachal Pradesh,10,14,6,Moderate,266648.8330830929
Kerala,5,13,5,Luxury,713422.0231940785
Delhi,12,12,6,Budget,100188.9957466514
Kerala,10,7,9,Moderate,155106.80296366004
Tamil Nadu,6,5,6,Moderate,79475.6703968522
Kerala,1,8,6,Luxury,651125.8823672746
Uttarakhand,4,2,8,Moderate,30613.893033101966
Himachal Pradesh,4,8,5,Budget,52440.954997982044
Agra,11,7,5,Budget,57226.64001551512
Himachal Pradesh,8,12,1,Budget,20999.91293755209
Maharashtra,2,11,6,Budget,97685.10303782209
Uttarakhand,1,5,1,Moderate,16685.369006249402
Kerala,7,2,8,Moderate,40709.2910032966
Agra,6,10,9,Budget,79140.2816260344
Kerala,5,11,6,Moderate,173206.63163867404
Karnataka,12,7,9,Luxury,577793.4382404893
Karnataka,8,10,2,Luxury,197259.2010167074
Rajasthan,11,4,9,Luxury,300398.513742724
Himachal Pradesh,2,4,4,Luxury,163485.2065694551
Agra,2,8,3,Luxury,209108.66003404927
Karnataka,9,6,1,Budget,9519.432252683044
Rajasthan,1,9,1,Moderate,43979.088797111406
Uttarakhand,6,11,8,Budget,116379.91139309102
Agra,3,2,2,Budget,6193.77055601437
Rajasthan,5,5,1,Budget,7919.852872162453
Delhi,8,6,2,Moderate,36730.71719597971
Agra,7,8,3,Luxury,222792.11628899653
Tamil Nadu,12,4,4,Budget,28560.73338562692
Rajasthan,4,11,9,Moderate,200893.32933645078
Kerala,8,7,7,Budget,73824.41969445242
Tamil Nadu,11,11,5,Moderate,172487.5395836145
Delhi,11,7,5,Budget,53731.45185264264
Karnataka,10,4,6,Luxury,199079.07585213237
Goa,11,1,1,Moderate,7300.849324027479
Rajasthan,2,3,6,Budget,21345.21612829631
Uttarakhand,7,2,6,Luxury,86024.9976706287
Rajasthan,5,13,5,Luxury,483644.7932757314
Goa,11,13,9,Moderate,522563.8790990473
Delhi,6,12,5,Luxury,552203.3799436216
Delhi,3,3,9,Moderate,59650.482824094805
Tamil Nadu,11,5,7,Moderate,109245.17139426804
Agra,10,11,3,Luxury,259276.9715769803
Uttarakhand,7,12,9,Luxury,553398.0414208015
Tamil Nadu,7,1,7,Moderate,18477.29225285541
Uttarakhand,2,5,4,Luxury,163840.17501981862
Uttarakhand,1,2,9,Moderate,34306.14030183329
Goa,10,14,6,Luxury,739184.065695306
Tamil Nadu,2,4,9,Moderate,72784.93852452237
Uttarakhand,12,6,4,Luxury,286081.35939418105
Maharashtra,8,9,2,Luxury,213726.93172537722
Goa,11,10,9,Budget,204689.1045990555
Delhi,10,6,4,Budget,38295.862163550664
Goa,3,10,2,Moderate,73665.62377187764
Kerala,11,13,7,Budget,193540.5021461948
Kerala,4,11,7,Budget,123765.39000615379
Uttarakhand,8,12,5,Moderate,139764.3737725986
Tamil Nadu,3,2,5,Luxury,81984.072780846
Delhi,6,8,8,Luxury,407118.7971064067
Goa,2,5,6,Moderate,97346.30949419942
Tamil Nadu,3,9,1,Budget,12772.341628918639
Goa,1,10,4,Luxury,727314.2673931866
Goa,9,9,1,Budget,21864.280638242435
Maharashtra,4,4,5,Moderate,72702.00151493962
Kerala,6,13,5,Budget,118680.93255486897
Goa,7,1,4,Moderate,16850.85850715326
Maharashtra,2,11,9,Moderate,227596.06285104662
Kerala,8,14,8,Luxury,802984.2349703803
Maharashtra,12,9,3,Moderate,132318.3767659378
Tamil Nadu,9,9,5,Luxury,386006.82945723936
Agra,10,8,6,Moderate,95786.5686712744
Kerala,11,5,5,Luxury,306716.2911998634
Karnataka,2,5,8,Budget,46676.9194002281
Agra,5,10,5,Moderate,127008.26059645266
Tamil Nadu,2,6,8,Budget,57142.76543821191
Goa,11,1,3,Moderate,16395.192471630333
Delhi,5,9,5,Moderate,137918.0031749377
Tamil Nadu,7,5,4,Moderate,59204.36826168656
Maharashtra,6,7,6,Luxury,357125.2948777661
Maharashtra,4,11,3,Luxury,416126.97683258954
Maharashtra,2,8,4,Budget,64539.692946306146
Maharashtra,7,5,4,Budget,33191.79124056038
Tamil Nadu,12,3,5,Moderate,42511.74177769081
Delhi,10,6,6,Budget,53878.60193038536
Rajasthan,9,7,2,Moderate,39887.080125155444
Maharashtra,1,13,8,Moderate,386535.4610766143
Rajasthan,3,14,4,Moderate,152416.9176596285
Delhi,7,4,7,Luxury,201980.16274575793
Delhi,9,9,7,Budget,72737.86553882058
Agra,5,14,2,Luxury,214529.31579307103
Kerala,7,11,7,Moderate,206058.21072083837
Karnataka,10,4,1,Moderate,14974.260352994612
Uttarakhand,7,11,2,Luxury,176191.62502838037
Karnataka,4,10,5,Budget,80863.73722443146
Tamil Nadu,5,2,8,Luxury,112238.18474754835
Uttarakhand,2,9,7,Luxury,461142.5514373379
Delhi,8,4,3,Budget,19957.164474426325
Karnataka,12,4,9,Moderate,94616.84478878492
Himachal Pradesh,1,10,5,Budget,83608.91180734536
Kerala,2,1,3,Budget,5969.995362540004
Karnataka,12,14,7,Luxury,854940.2704758886
Kerala,3,2,4,Moderate,27044.55404777053
Rajasthan,7,12,1,Moderate,38257.33216871737
Tamil Nadu,6,3,5,Moderate,36698.79023738785
Kerala,7,7,8,Luxury,402592.498197211
Rajasthan,11,12,4,Luxury,705628.8789874982
Maharashtra,5,9,7,Budget,85686.90610167303
Rajasthan,4,12,8,Budget,110717.24123141434
Tamil Nadu,7,5,9,Luxury,277584.06146539166
Agra,3,4,9,Budget,34778.315880464026
Maharashtra,10,13,5,Luxury,562621.670041788
Delhi,7,2,6,Budget,15635.406696673534
Goa,2,14,7,Moderate,289493.4919120872
Rajasthan,12,13,2,Luxury,428002.26107512956
Rajasthan,12,12,9,Budget,146460.30304428955
Kerala,8,14,1,Luxury,153232.50281678085
Delhi,12,7,6,Luxury,374962.3930092626
Karnataka,6,6,6,Budget,43623.9536134224
Himachal Pradesh,12,12,7,Budget,151500.7536547717
Uttarakhand,3,12,2,Luxury,234886.80844882323
Rajasthan,3,7,6,Luxury,302204.3686128069
Karnataka,5,8,6,Budget,71684.28479207725
Himachal Pradesh,3,9,9,Moderate,186287.50325107566
Uttarakhand,6,10,8,Moderate,222108.06129553515
Goa,2,5,5,Moderate,86457.76370531518
Kerala,8,11,7,Luxury,572347.8462854741
Karnataka,11,5,7,Moderate,100614.35340983463
Kerala,12,4,5,Luxury,307977.78753211984
Uttarakhand,11,11,7,Budget,95624.95472190515
Agra,9,3,3,Moderate,22591.210780061945
Rajasthan,7,13,7,Budget,114440.32252787251
Maharashtra,3,7,6,Moderate,113833.30309765051
Himachal Pradesh,11,13,6,Moderate,194117.22221407355
Delhi,10,13,2,Budget,49246.6826078816
Tamil Nadu,4,5,2,Budget,17539.569921339924
Rajasthan,12,7,7,Luxury,472364.47508514766
Maharashtra,10,2,1,Budget,4606.133241850936
Tamil Nadu,2,9,9,Luxury,423764.51825711003
Karnataka,9,9,3,Luxury,296312.2418753282
Tamil Nadu,5,13,6,Budget,108498.946755835
Goa,12,9,3,Moderate,146954.20853517862
Rajasthan,2,13,9,Moderate,219697.53716977368
Kerala,10,13,7,Moderate,287407.1815411363
Agra,6,5,1,Budget,7053.221565121451
Delhi,7,14,4,Moderate,165233.32152858708
Kerala,2,10,5,Luxury,451839.30228683836
Maharashtra,1,12,7,Budget,159259.68356155712
Rajasthan,7,9,7,Luxury,422915.58591809485
Agra,1,1,5,Moderate,14374.598807524799
Tamil Nadu,3,2,1,Moderate,7293.91795656162
Rajasthan,4,10,5,Moderate,158591.21707097243
Tamil Nadu,2,5,5,Luxury,189252.49935690046
Karnataka,7,5,4,Moderate,55615.61948852218
Goa,5,6,6,Luxury,398364.2233840908
Uttarakhand,1,14,8,Budget,102878.05764767871
Rajasthan,12,8,5,Budget,91038.043449086
Maharashtra,12,12,8,Budget,166163.37861394841
Tamil Nadu,8,1,5,Moderate,13507.135952012515
Kerala,10,10,3,Luxury,366718.37827397545
Karnataka,7,12,8,Moderate,218578.24285924336
Maharashtra,4,9,4,Budget,56420.20260760723
Delhi,2,4,3,Budget,21630.69551295894
Uttarakhand,7,8,3,Moderate,67899.6415532359
Karnataka,11,12,6,Moderate,234968.94999586392
Goa,2,13,8,Moderate,266740.48439503286
Uttarakhand,6,12,5,Luxury,692256.1631439973
Tamil Nadu,1,5,1,Moderate,21107.49849903186
Maharashtra,7,1,1,Budget,1876.5366825892045
Delhi,7,14,3,Budget,60867.393866286155
Himachal Pradesh,12,9,6,Luxury,552605.9947416269
Goa,4,8,2,Moderate,76397.23661912717
Agra,4,5,1,Luxury,41551.12924767249
Tamil Nadu,10,14,7,Moderate,255382.05559153802
Himachal Pradesh,5,11,2,Budget,56780.98116417724
Rajasthan,2,14,8,Moderate,249098.15982653154
Delhi,9,4,2,Moderate,22672.487314213096
Kerala,10,8,1,Budget,14042.90696136146
Agra,4,9,2,Budget,23023.573961764014
Maharashtra,11,7,2,Budget,29551.354730173432
Delhi,9,4,7,Moderate,63582.664953812586
Uttarakhand,3,7,1,Luxury,60236.43322151204
Karnataka,9,6,3,Moderate,62886.058355912595
Uttarakhand,1,11,5,Luxury,396679.8263637995
Uttarakhand,7,12,7,Moderate,200482.12524638604
Rajasthan,4,3,6,Moderate,42083.1096581419
Goa,7,10,8,Moderate,213579.34733935894
Kerala,10,3,1,Moderate,13034.818650966345
Agra,6,1,7,Luxury,45873.8374235667
Goa,4,14,9,Moderate,299013.3859221654
Delhi,4,13,7,Budget,126839.0523954219
Uttarakhand,8,5,6,Budget,38835.3730053891
Rajasthan,7,8,9,Moderate,153587.99573737654
Delhi,4,12,4,Luxury,408210.8904305969
Karnataka,11,6,6,Budget,52638.25051588986
Kerala,6,8,6,Budget,68937.15929878093
Agra,6,7,3,Budget,26844.809440209083
Karnataka,1,2,7,Moderate,38008.23153038269
Rajasthan,2,8,1,Budget,15191.785229822983
Kerala,4,4,8,Luxury,243260.32753419736
Delhi,6,11,8,Luxury,670782.912958291
Uttarakhand,6,5,8,Luxury,313583.61153519806
Uttarakhand,1,11,9,Budget,89838.6253690784
Tamil Nadu,8,13,4,Budget,68095.5412769887
Uttarakhand,2,8,6,Luxury,383459.9461186386
Himachal Pradesh,5,5,7,Budget,65321.19844782659
Uttarakhand,4,5,2,Luxury,81400.24609063295
Himachal Pradesh,5,6,6,Moderate,137497.0988566746
Maharashtra,5,7,8,Moderate,173206.12357148787
Himachal Pradesh,10,9,4,Moderate,118076.08318742609
Kerala,8,14,5,Budget,96434.24742782248
Karnataka,10,11,8,Moderate,183566.69383092993
Kerala,7,7,3,Moderate,69605.23872266935
Karnataka,12,6,6,Luxury,372729.9321121989
Tamil Nadu,9,12,1,Luxury,109721.0914570331
Maharashtra,12,10,4,Luxury,568076.0666805034
Karnataka,11,4,6,Moderate,83023.01864657534
Karnataka,1,14,3,Luxury,473396.5955051654
Rajasthan,6,11,1,Moderate,37274.94569617835
Goa,6,10,6,Budget,97460.95330771033
Goa,2,12,3,Moderate,137672.39873734122
Rajasthan,11,2,8,Luxury,170182.6120783762
Uttarakhand,8,11,7,Luxury,471130.29689247755
Rajasthan,6,13,7,Luxury,627135.8476685453
Karnataka,11,11,8,Luxury,667100.9923189742
Karnataka,10,9,7,Budget,78550.93391681727
Rajasthan,9,10,5,Budget,60852.07446614456
Rajasthan,10,11,8,Moderate,171245.40357098388
Uttarakhand,5,5,8,Luxury,364743.34464198945
Kerala,7,5,8,Budget,46734.29650917176
Maharashtra,6,11,6,Budget,89455.14005502242
Delhi,11,12,2,Budget,41679.539821957114
Karnataka,5,3,8,Luxury,157534.5805026303
Maharashtra,6,13,1,Budget,29109.015619833463
Rajasthan,4,3,9,Luxury,145190.333752755
Uttarakhand,3,1,9,Budget,9227.139776376085
Himachal Pradesh,1,12,6,Budget,105587.44987684644
Uttarakhand,1,11,6,Luxury,477182.90279076435
Agra,6,5,6,Luxury,227363.96669127705
Agra,9,3,4,Luxury,100876.84645994751
Maharashtra,8,11,1,Budget,22537.0796745316
Goa,12,2,1,Moderate,11502.136152212117
Agra,2,11,1,Moderate,35084.70682346577
Agra,9,9,5,Luxury,280038.98110246914
Kerala,8,13,7,Luxury,713503.3257611734
Himachal Pradesh,12,14,1,Moderate,74324.36353354939
Kerala,9,10,1,Moderate,35192.094879920915
Himachal Pradesh,4,6,6,Luxury,324353.9390774507
Tamil Nadu,9,3,2,Luxury,53405.956337743315
Delhi,2,7,2,Luxury,133854.27566490063
Karnataka,1,12,7,Moderate,272689.0372329031
Agra,9,9,9,Moderate,141349.100714425
Karnataka,10,9,8,Moderate,158851.94851310746
Agra,8,1,2,Luxury,15441.769138138685
Kerala,7,2,7,Budget,20917.366561311705
Delhi,8,8,5,Moderate,120419.6531581087
Kerala,12,11,4,Budget,101957.26946067464
Kerala,1,1,4,Budget,9646.160004897585
Himachal Pradesh,9,11,4,Moderate,161587.94391292683
Goa,12,12,9,Moderate,500940.5751709185
Uttarakhand,10,11,7,Moderate,176894.17096332784
Maharashtra,11,14,7,Luxury,1117185.645607124
Karnataka,9,3,4,Budget,20275.36153582589
Tamil Nadu,12,11,9,Budget,113927.03280535663
Agra,11,7,8,Budget,56643.91735185786
Kerala,9,8,4,Budget,58328.28732799443
Goa,6,5,6,Luxury,270559.84947319824
Kerala,4,14,4,Moderate,178433.27047621112
Delhi,2,2,1,Moderate,6612.641442684185
Himachal Pradesh,11,3,5,Luxury,130606.74029946887
Tamil Nadu,4,9,3,Moderate,79364.40899592654
Uttarakhand,7,13,1,Budget,20810.050733638138
Delhi,1,11,2,Luxury,262038.35873276947
Rajasthan,9,13,2,Luxury,233118.10790662296
Tamil Nadu,3,10,8,Budget,89630.1878070358
Kerala,4,7,4,Luxury,310466.52402899734
Delhi,12,13,3,Budget,72863.9734355623
Uttarakhand,5,1,4,Luxury,50333.95741872966
Goa,12,3,1,Moderate,19911.360341136897
Goa,3,9,1,Budget,20665.03759071268
Karnataka,4,7,5,Moderate,90221.60662315843
Uttarakhand,5,12,7,Luxury,706545.6137369664
Goa,12,13,9,Luxury,1535558.2685487971
Delhi,1,13,7,Luxury,742225.6819424168
Karnataka,9,13,5,Luxury,506858.3422675244
Goa,10,14,3,Luxury,520747.99627629307
Tamil Nadu,10,2,8,Moderate,30143.85966082819
Himachal Pradesh,4,6,7,Budget,58944.712114711925
Rajasthan,9,9,4,Luxury,339534.5349771503
Uttarakhand,4,4,1,Luxury,37859.2275222168
Delhi,1,10,3,Luxury,359159.38116776774
Agra,12,2,8,Moderate,40802.56614679975
Kerala,5,3,2,Luxury,62196.2973898293
Delhi,9,7,9,Luxury,414704.9185546863
Goa,3,4,4,Luxury,194194.48842017056
Delhi,5,7,7,Budget,54522.83235891683
Agra,3,5,7,Budget,39251.314710639985
Kerala,12,14,8,Luxury,1396708.1091478285
Karnataka,3,8,7,Budget,65063.18821417164
Goa,1,8,4,Luxury,520631.742093168
Maharashtra,2,5,7,Luxury,349555.1225711458
Goa,2,7,5,Budget,54894.61220021399
Rajasthan,9,11,7,Budget,86654.87080993154
Maharashtra,7,6,3,Luxury,208945.43939395307
Rajasthan,8,13,7,Budget,127149.52655065342
Agra,2,8,7,Budget,54516.03522246476
Uttarakhand,9,9,2,Budget,29960.13824230794
Kerala,3,5,8,Moderate,99861.45160518162
Himachal Pradesh,10,7,7,Moderate,124571.90731014709
Karnataka,2,14,9,Moderate,321347.11466514296
Himachal Pradesh,12,1,4,Moderate,19809.34661482505
Tamil Nadu,1,11,9,Moderate,217478.37763443065
Tamil Nadu,9,8,1,Luxury,71731.09469872215
Agra,8,3,5,Budget,15754.037069806822
Uttarakhand,12,1,7,Moderate,21838.07921086676
Tamil Nadu,11,6,4,Budget,38386.64682902692
Goa,4,14,7,Luxury,892988.6585800993
Delhi,7,13,9,Budget,120322.09102533029
Rajasthan,12,8,5,Budget,96374.29697770951
Tamil Nadu,3,11,5,Luxury,370635.38658211427
Agra,3,3,2,Luxury,50162.132512798664
Rajasthan,4,1,5,Budget,6086.443252357124
Goa,2,3,8,Budget,36921.85753776242
Uttarakhand,10,5,4,Luxury,141188.99399613935
Kerala,4,11,2,Moderate,90292.12744366651
Himachal Pradesh,10,8,8,Moderate,175521.8389164007
Goa,3,9,4,Moderate,157148.81315583235
Karnataka,8,13,5,Moderate,170516.6553050698
Maharashtra,11,12,7,Budget,169464.06707844802
Agra,2,9,5,Moderate,105159.67876252544
Himachal Pradesh,11,4,4,Moderate,53735.502008280804
Karnataka,9,8,7,Luxury,369858.2055443064
Kerala,3,11,4,Luxury,431331.64745254593
Karnataka,4,5,4,Luxury,180372.47715663395
Uttarakhand,10,3,2,Luxury,54782.47665301128
Maharashtra,10,5,5,Budget,37370.66424829335
Rajasthan,3,2,8,Budget,19238.414817723497
Himachal Pradesh,3,11,4,Budget,73100.18666009845
Maharashtra,8,11,2,Moderate,80208.65444884726
Delhi,8,11,9,Moderate,238064.3844309563
Goa,6,6,6,Budget,51739.43272666986
Delhi,4,1,3,Moderate,8984.827728272836
Goa,1,6,5,Moderate,150419.8278998194
Uttarakhand,4,13,6,Moderate,190571.80669110492
Maharashtra,8,5,9,Moderate,126613.35582547616
Kerala,6,13,5,Moderate,217845.16953706677
Tamil Nadu,2,9,9,Luxury,415838.8601074544
Karnataka,3,13,1,Budget,26671.918451839745
Tamil Nadu,12,14,4,Budget,87605.77950357123
Maharashtra,7,7,1,Moderate,25963.060350264903
Delhi,11,6,2,Moderate,46911.20524684927
Tamil Nadu,11,11,2,Luxury,277991.0545264586
Agra,4,12,5,Budget,61947.009326634376
Tamil Nadu,4,7,1,Luxury,71912.49817495639
Goa,5,10,3,Luxury,346183.52023824054
Agra,8,5,6,Budget,34991.05001649853
Himachal Pradesh,7,1,1,Luxury,10600.903280114324
Tamil Nadu,9,9,1,Luxury,101585.47981976383
Agra,5,5,3,Budget,17904.01898363486
Maharashtra,1,4,9,Budget,48847.1784857687
Karnataka,4,6,2,Budget,18215.439456971835
Himachal Pradesh,6,5,6,Luxury,390880.1172463718
Kerala,6,1,3,Moderate,9484.420059482009
Kerala,9,2,6,Moderate,33587.53397316284
Uttarakhand,10,4,7,Moderate,57180.59456033377
Tamil Nadu,5,8,7,Luxury,371027.81026593666
Karnataka,5,5,2,Luxury,113858.00256477948
Rajasthan,6,7,3,Moderate,75084.06079455011
Agra,11,2,4,Budget,13631.210697410927
Himachal Pradesh,6,8,8,Budget,121981.61092123119
Maharashtra,3,5,5,Luxury,245760.78352811764
Tamil Nadu,6,4,1,Moderate,14395.202058338624
Maharashtra,8,9,9,Luxury,663274.8445077165
Rajasthan,12,6,1,Luxury,87342.49516383006
Uttarakhand,6,14,2,Moderate,110673.5428783067
Rajasthan,12,4,7,Luxury,308606.8165311048
Goa,11,8,3,Budget,83036.25574081134
Delhi,5,3,6,Budget,20846.003503949814
Himachal Pradesh,3,14,8,Moderate,317173.27546808426
Delhi,1,13,5,Luxury,588159.1925843311
Rajasthan,5,10,1,Budget,17424.45482700595
Uttarakhand,6,2,3,Moderate,22769.306037852744
Uttarakhand,6,7,2,Moderate,58149.58184845302
Kerala,6,14,6,Moderate,286612.21486964385
Tamil Nadu,3,12,5,Luxury,493989.72686114727
Kerala,4,4,7,Moderate,73637.47979955259
Himachal Pradesh,3,4,2,Luxury,89978.07531917066
Himachal Pradesh,2,10,6,Moderate,168545.50872529432
Himachal Pradesh,8,9,5,Luxury,464986.4760533005
Maharashtra,7,2,6,Budget,18065.63099024779
Kerala,11,1,5,Luxury,73824.65181339279
Maharashtra,8,7,7,Budget,79580.65436625872
Delhi,6,12,5,Budget,95562.83198107703
Tamil Nadu,11,8,7,Moderate,169164.13621554113
Rajasthan,12,3,1,Budget,8903.950545567115
Agra,7,2,9,Luxury,96143.68912644834
Kerala,1,4,6,Budget,58284.90958350606
Agra,10,2,9,Luxury,85379.98322697742
Uttarakhand,5,12,1,Luxury,165819.0684708551
Kerala,4,2,2,Luxury,38944.72041032007
Delhi,10,5,7,Moderate,79577.19685119075
Kerala,3,10,4,Luxury,428264.50694106397
Maharashtra,2,5,1,Moderate,18930.84139938353
Tamil Nadu,9,8,5,Budget,48050.2554848678
Rajasthan,8,9,4,Budget,46509.00642152144
Karnataka,10,2,6,Moderate,35771.40602023182
Rajasthan,2,1,7,Budget,8441.088577628712
Rajasthan,6,3,3,Budget,15824.755999357207
Uttarakhand,3,6,6,Budget,41414.87934575176
Delhi,3,14,2,Budget,45645.8639361984
Agra,5,5,4,Luxury,152766.87175304093
Delhi,7,8,9,Budget,83785.44150807329
Karnataka,7,8,7,Luxury,407992.84441418556
Uttarakhand,11,2,2,Budget,5262.081131743777
Tamil Nadu,10,14,6,Moderate,215832.92708368815
Rajasthan,1,9,4,Moderate,176347.15458343315
Maharashtra,11,14,8,Luxury,1119313.3600539977
Uttarakhand,7,14,8,Moderate,220413.57369512736
Himachal Pradesh,7,4,1,Luxury,47384.82094840183
Kerala,6,14,8,Budget,167047.02101672455
Delhi,6,1,7,Moderate,17530.944896313336
Uttarakhand,2,14,1,Luxury,126949.52593801789
Himachal Pradesh,3,2,3,Luxury,56825.091921412146
Agra,3,14,5,Budget,96555.31266078893
Karnataka,3,11,3,Budget,60721.17961356657
Karnataka,2,6,3,Moderate,55974.708813238976
Rajasthan,9,5,1,Luxury,48758.525944934954
Rajasthan,6,12,8,Budget,119148.23554507594
Uttarakhand,2,7,9,Moderate,138824.05072080917
Uttarakhand,3,9,5,Luxury,342033.7408070167
Tamil Nadu,10,6,1,Budget,9089.978749936006
Kerala,6,6,1,Moderate,22058.473876432752
Goa,4,2,9,Moderate,52935.38739235214
Agra,7,7,1,Budget,10830.80333375486
Rajasthan,6,2,9,Budget,19658.369618336525
Goa,6,13,3,Luxury,430396.8421220368
Goa,12,7,3,Luxury,340296.88925520284
Kerala,3,8,4,Budget,46413.65852554144
Maharashtra,11,12,5,Moderate,272053.71915858274
Maharashtra,8,1,6,Budget,9038.895941878118
Rajasthan,9,9,6,Luxury,458161.29225038766
Himachal Pradesh,6,8,9,Luxury,768993.9152877686
Kerala,2,9,1,Budget,18532.252738721814
Kerala,1,5,9,Luxury,474956.68113860156
Delhi,3,13,4,Moderate,133289.57890873114
Goa,3,14,7,Luxury,880849.3227639808
Delhi,8,4,6,Moderate,59628.75940266874
Goa,5,1,9,Luxury,74350.99869495009
Maharashtra,1,9,2,Moderate,93011.50806195603
Rajasthan,11,14,2,Budget,74247.03934039536
Agra,4,4,7,Moderate,65325.38551764678
Maharashtra,7,4,9,Budget,39193.483041541214
Kerala,5,4,5,Luxury,198048.19693499026
Agra,10,2,7,Moderate,26657.04416443272
Uttarakhand,6,12,8,Moderate,319181.7360071943
Agra,10,11,8,Luxury,500763.2072770508
Agra,4,13,4,Luxury,412580.9000361252
Maharashtra,2,4,7,Moderate,78654.68019402969
Kerala,9,2,1,Budget,3664.2115670841144
Agra,2,8,4,Luxury,258597.5901158191
Maharashtra,2,7,5,Moderate,133097.06481973003
Maharashtra,12,11,7,Luxury,707265.0640759221
Agra,2,10,6,Luxury,444516.7152195091
Goa,1,2,4,Budget,21859.36634781821
Kerala,12,14,3,Budget,100503.81552227859
Karnataka,12,2,6,Budget,21258.365040756547
Agra,3,2,5,Moderate,20993.780351802987
Delhi,6,1,3,Luxury,30286.899637599287
Delhi,7,13,4,Budget,75860.18059641616
Uttarakhand,1,6,2,Moderate,32810.89244700743
Kerala,5,6,9,Budget,58135.81683044842
Maharashtra,5,1,7,Budget,11056.200734205499
Tamil Nadu,1,11,3,Luxury,387584.2310370399
Rajasthan,4,1,8,Moderate,19213.51361037121
Himachal Pradesh,10,6,8,Luxury,379245.0669886985
Tamil Nadu,1,11,1,Budget,24054.781021621344
Kerala,1,6,5,Luxury,422740.529679356
Kerala,12,4,5,Moderate,86429.27266359923
Agra,7,3,3,Budget,11702.649364813917
Agra,7,14,2,Budget,45637.05295805009
Tamil Nadu,3,9,1,Budget,14620.518195929071
Maharashtra,7,6,4,Budget,48287.83547264549
Uttarakhand,3,1,2,Moderate,6449.787167763254
Agra,2,3,5,Luxury,115702.92344634204
Himachal Pradesh,10,1,2,Moderate,6549.000082165946
Himachal Pradesh,4,3,1,Budget,5475.529599836984
Uttarakhand,10,2,9,Moderate,36969.37475117125
Goa,3,5,2,Budget,22372.55791134604
Goa,12,3,4,Budget,38169.82489285487
Kerala,7,7,3,Luxury,207067.80973622284
Agra,12,8,1,Budget,15472.694871520485
Delhi,12,7,8,Moderate,131757.01253547778
Tamil Nadu,1,2,2,Moderate,14144.21915698434
Karnataka,6,10,8,Luxury,599796.2833756856
Uttarakhand,2,10,1,Luxury,109825.2865630627
Kerala,8,7,6,Budget,72249.15815369002
Delhi,5,10,4,Budget,58413.79842101285
Agra,3,3,3,Budget,13114.745182539593
Delhi,10,7,1,Budget,12619.32865294782
Delhi,7,1,1,Moderate,3719.5508598649853
Uttarakhand,11,2,7,Budget,16771.082011972394
Kerala,2,12,6,Luxury,657198.6978366873
Maharashtra,5,10,3,Moderate,124080.16347703683
Himachal Pradesh,11,1,2,Moderate,7403.012717528379
Tamil Nadu,8,9,3,Budget,35291.005080288836
Kerala,11,13,8,Budget,232563.16745718187
Karnataka,1,13,7,Moderate,266185.19918521424
Delhi,1,2,7,Luxury,140675.37122263023
Maharashtra,3,2,5,Budget,15754.800723149225
Uttarakhand,3,6,3,Moderate,57332.220643679466
Rajasthan,7,7,1,Moderate,25893.456740433216
Tamil Nadu,6,14,1,Budget,22108.109792631043
Tamil Nadu,7,13,6,Luxury,655251.0131465172
Himachal Pradesh,4,2,4,Moderate,26484.551158552124
Rajasthan,11,14,7,Moderate,395779.2078916229
Agra,2,4,1,Moderate,13068.985667263081
Rajasthan,2,3,6,Budget,20409.99760350274
Delhi,10,13,7,Moderate,207490.27905518017
Delhi,1,5,1,Moderate,20824.958724068016
Delhi,9,9,2,Budget,33812.43993086767
Delhi,7,2,9,Luxury,98514.9313668895
Kerala,10,13,9,Moderate,254318.62335194414
Tamil Nadu,3,5,6,Budget,38511.8798942337
Rajasthan,2,8,4,Luxury,298683.3076249499
Tamil Nadu,3,6,7,Budget,43619.92428294784
Karnataka,7,4,5,Luxury,201485.43962331855
Rajasthan,5,10,3,Budget,42669.14270064656
Kerala,12,8,4,Luxury,442942.64830502775
Karnataka,3,3,2,Luxury,65842.82949515765
Tamil Nadu,9,4,6,Budget,29000.241334091996
Karnataka,2,11,3,Moderate,94264.02634954441
Himachal Pradesh,7,9,7,Luxury,566161.9890179752
Karnataka,10,5,4,Budget,27441.46343390603
Rajasthan,6,6,8,Moderate,97940.95362062396
Delhi,6,12,1,Moderate,47003.51050426515
Delhi,7,11,9,Budget,96943.09613842067
Agra,6,2,3,Budget,8871.959865100778
Tamil Nadu,2,9,3,Luxury,216805.12521558566
Himachal Pradesh,11,8,5,Budget,52558.8798273137
Rajasthan,5,7,1,Moderate,22550.270678465604
Rajasthan,3,9,3,Budget,45612.5169872554
Uttarakhand,9,5,4,Moderate,57053.522060494884
Goa,8,5,2,Moderate,40321.19408670315
Tamil Nadu,10,11,6,Budget,84945.59129591598
Rajasthan,11,11,4,Moderate,206068.30853128733
Maharashtra,2,9,1,Moderate,38533.50043289316
Rajasthan,1,11,3,Luxury,528893.2028497083
Uttarakhand,4,5,7,Moderate,85305.96125936611
Karnataka,4,9,3,Luxury,295298.32004726765
Kerala,12,1,6,Luxury,79199.23263570706
Kerala,10,10,6,Luxury,569791.70732989
Maharashtra,11,10,1,Luxury,136836.8135883225
Maharashtra,2,11,2,Moderate,82406.67646568401
Agra,7,8,6,Moderate,108078.39291980943
Kerala,3,3,2,Budget,12481.574225446868
Karnataka,7,13,2,Luxury,260757.504737839
Kerala,7,8,4,Moderate,106835.570033778
Goa,1,5,8,Luxury,598737.07259652
Tamil Nadu,6,2,6,Luxury,83328.9390811573
Kerala,4,9,8,Budget,96915.2730859313
Delhi,11,4,4,Luxury,150824.7496546258
Agra,8,14,3,Moderate,110395.21940126759
Uttarakhand,8,14,7,Moderate,208330.40454792784
Maharashtra,3,7,7,Moderate,123015.95132846522
Goa,4,12,2,Moderate,105222.78292633677
Maharashtra,1,8,1,Luxury,114842.6476642556
Agra,10,7,8,Moderate,101064.83904853823
Rajasthan,2,11,3,Budget,58096.56786293812
Goa,7,6,6,Luxury,334933.9844340847
Himachal Pradesh,11,14,7,Moderate,253288.59621593615
Goa,12,12,8,Moderate,477989.8449226113
Agra,7,7,6,Budget,41300.85172719641
Uttarakhand,9,4,7,Luxury,212908.76157434497
Goa,10,10,5,Budget,87035.79884490075
Agra,9,1,3,Budget,4403.477002933828
Karnataka,9,5,2,Moderate,33630.43320405671
Tamil Nadu,6,8,7,Moderate,126082.67937034606
Kerala,8,10,8,Budget,102058.69227531608
Karnataka,9,6,8,Luxury,392741.60901833884
Agra,12,5,3,Luxury,147998.12775082688
Delhi,7,2,2,Luxury,36511.007153023624
Rajasthan,4,10,9,Budget,97661.3373433495
Kerala,4,12,6,Luxury,723713.1950944148
Delhi,6,5,3,Moderate,43201.35021293665
Uttarakhand,11,10,5,Budget,60881.05562578662
Maharashtra,4,12,1,Budget,25740.26002846603
Himachal Pradesh,11,3,2,Budget,12413.10113696566
Kerala,7,13,9,Luxury,833645.5205945506
Karnataka,8,2,3,Luxury,61456.76415903656
Rajasthan,8,14,8,Moderate,226922.98186423606
Delhi,8,3,8,Luxury,176485.74168448529
Agra,2,4,5,Luxury,131898.4188574953
Kerala,10,2,8,Luxury,118357.38364224743
Maharashtra,2,14,2,Luxury,356231.34231925505
Agra,2,4,2,Moderate,24254.62641429924
Delhi,2,4,4,Moderate,45012.46287227418
Rajasthan,4,6,8,Moderate,120676.37554294456
Goa,5,12,2,Luxury,335013.083216219
Maharashtra,4,5,4,Luxury,221639.95851913793
Agra,5,7,8,Budget,49337.06426338189
Maharashtra,4,11,3,Budget,69945.7091006807
Uttarakhand,7,7,8,Luxury,352314.6493317605
Agra,10,3,2,Budget,8232.9765027294
Kerala,1,9,1,Moderate,60921.94354095606
Goa,1,7,6,Moderate,242709.6962254238
Goa,2,7,8,Moderate,174472.8530743339
Himachal Pradesh,1,2,9,Budget,22313.709276825262
Maharashtra,12,12,8,Moderate,290603.5591961033
Karnataka,10,10,2,Moderate,65212.99704440431
Goa,12,3,1,Moderate,20670.388078664626
Goa,12,3,7,Luxury,340826.2478971568
Uttarakhand,10,12,7,Luxury,605668.591007882
Tamil Nadu,11,13,3,Moderate,149253.5078155699
Uttarakhand,3,6,6,Moderate,80116.92663497984
Uttarakhand,6,4,7,Luxury,257084.59572230803
Tamil Nadu,10,4,9,Luxury,203737.95938841777
Maharashtra,11,1,1,Budget,2370.506825401452
Agra,6,6,3,Luxury,155908.37591309857
Rajasthan,1,8,5,Moderate,147832.6472831836
Karnataka,6,8,3,Luxury,215695.92671060606
Goa,5,8,8,Moderate,182274.52982468318
Himachal Pradesh,7,5,6,Budget,40219.985519351896
Karnataka,6,10,2,Luxury,236421.29066174192
Agra,12,6,1,Budget,9829.436561714065
Tamil Nadu,12,5,5,Moderate,73232.51224692015
Karnataka,7,4,9,Moderate,72201.76183578085
Goa,2,12,9,Moderate,322948.4741665062
Karnataka,12,4,1,Moderate,16172.57013715152
Rajasthan,1,4,3,Budget,27091.924529660006
Tamil Nadu,7,4,6,Luxury,187251.38409128226
Karnataka,9,14,5,Luxury,542836.7827039221
Goa,2,6,4,Moderate,100520.51699886582
Goa,12,6,2,Moderate,81711.29625822845
Karnataka,7,5,4,Budget,29195.390111170876
Maharashtra,3,12,5,Budget,97527.86759966335
Himachal Pradesh,6,11,2,Moderate,115193.11396018586
Delhi,3,14,1,Moderate,55562.92460516836
Uttarakhand,10,11,7,Luxury,537505.3603126059
Tamil Nadu,11,9,7,Luxury,485092.6646012411
Delhi,11,8,8,Luxury,521407.6500197349
Agra,11,10,6,Moderate,159551.276959076
Agra,5,6,1,Budget,9088.039972483808
Goa,2,11,8,Budget,129435.47645909221
Agra,8,9,2,Budget,24603.882896845287
Maharashtra,8,5,3,Moderate,63024.769556116866
Himachal Pradesh,7,10,8,Moderate,187528.99225471073
Agra,6,4,4,Budget,20583.308332721317
Rajasthan,1,14,5,Budget,136454.0635407701
Himachal Pradesh,8,6,9,Budget,60355.917107046356
Maharashtra,1,4,7,Moderate,104159.55689114946
Delhi,8,8,7,Luxury,443440.07236412226
Himachal Pradesh,11,7,1,Luxury,87130.95996046807
Himachal Pradesh,2,5,1,Moderate,20349.900087186994
Delhi,8,10,8,Luxury,540554.5259733617
Maharashtra,10,6,1,Budget,10851.630509000572
Agra,12,11,2,Luxury,227378.50484340437
Goa,4,7,4,Budget,46403.49552289898
Tamil Nadu,7,2,9,Moderate,40627.28191284386
Delhi,5,9,7,Moderate,148698.77533186725
Delhi,8,7,7,Budget,60091.11140100696
Delhi,12,8,7,Budget,73171.29230015204
Delhi,6,14,5,Luxury,675445.5163468022
Tamil Nadu,5,5,1,Budget,8230.699525234128
Tamil Nadu,1,3,5,Moderate,44644.42178438982
Agra,3,2,8,Moderate,28326.935527034944
Karnataka,10,2,7,Luxury,113672.84001355451
Karnataka,9,3,7,Budget,26675.297361694516
Kerala,9,1,2,Budget,3591.7561948284715
Delhi,5,1,1,Luxury,8955.37417615417
Delhi,3,7,4,Moderate,71714.56163329916
Himachal Pradesh,6,10,8,Budget,146354.1704614771
Karnataka,5,12,1,Luxury,132422.3970333704
Agra,1,11,2,Luxury,249345.4633055574
Goa,2,8,7,Luxury,569450.179804059
Kerala,12,6,5,Luxury,441517.8831628464
Kerala,5,7,6,Budget,64152.7275836027
Agra,9,1,8,Luxury,50244.64304278667
Goa,12,14,9,Budget,273609.76971002854
Himachal Pradesh,4,1,8,Moderate,18779.019584199308
Tamil Nadu,9,9,1,Luxury,78550.18900966978
Uttarakhand,3,5,4,Luxury,176508.70996749075
Karnataka,1,7,5,Moderate,113992.95907465846
Delhi,6,6,9,Luxury,369926.5143060276
Agra,10,4,6,Budget,27956.542959613875
Karnataka,7,1,6,Moderate,15940.510680385112
Delhi,4,4,3,Moderate,41794.78635962812
Uttarakhand,10,10,2,Budget,32143.45716100508
Uttarakhand,5,10,2,Budget,43135.942379347995
Tamil Nadu,4,8,7,Moderate,121633.32529049167
Maharashtra,3,13,5,Luxury,750783.3157484008
Uttarakhand,1,12,1,Budget,21149.99335760404
Karnataka,6,11,5,Budget,72525.17951119645
Rajasthan,10,13,1,Budget,24840.011318856512
Rajasthan,5,1,9,Moderate,16746.46936707736
Delhi,11,2,8,Luxury,121123.45877502112
Delhi,1,8,4,Budget,64960.57274895557
Maharashtra,5,2,1,Moderate,9332.15990501386
Rajasthan,6,11,8,Moderate,206566.56616513224
Delhi,10,13,5,Luxury,578617.1938895108
Uttarakhand,5,12,1,Moderate,47141.22152867959
Delhi,1,10,2,Moderate,75787.03013309898
Kerala,5,9,5,Budget,68164.37173372839
Maharashtra,10,3,9,Budget,29250.418530079103
Agra,1,3,8,Budget,29799.35446183632
Goa,11,6,8,Moderate,198441.27683972742
Himachal Pradesh,3,3,9,Luxury,192053.8659637845
Goa,12,9,2,Luxury,297161.8532148124
Goa,2,11,7,Luxury,618861.2646344877
Tamil Nadu,1,8,5,Moderate,114174.9809553093
Agra,4,4,3,Budget,17186.028937124927
Delhi,2,6,8,Moderate,112612.65683150681
Tamil Nadu,5,8,2,Budget,22829.618988421546
Goa,10,4,4,Moderate,61629.145135543964
Kerala,1,13,5,Moderate,323159.0426975053
Himachal Pradesh,12,5,5,Luxury,361233.36100941245
Goa,10,7,4,Moderate,115531.73937598393
Rajasthan,1,8,3,Luxury,303033.1549872137
Agra,11,7,3,Moderate,63349.935782691166
Agra,10,8,5,Luxury,279661.2111857122
Agra,4,4,6,Moderate,47605.707719190286
Maharashtra,7,1,1,Moderate,4269.749409414874
Maharashtra,2,6,4,Budget,48071.95731354045
Uttarakhand,2,5,6,Budget,33908.87918557232
Karnataka,1,11,2,Budget,53143.98004170997
Himachal Pradesh,5,4,5,Moderate,78718.57099389937
Tamil Nadu,6,2,9,Budget,17671.73612711812
Delhi,6,1,3,Budget,4502.502178906093
Goa,2,9,3,Moderate,103055.20537765052
Karnataka,12,12,9,Moderate,277170.58920242044
Delhi,12,2,3,Budget,9749.265749714636
Tamil Nadu,7,9,4,Budget,50974.8606204187
Karnataka,6,6,9,Moderate,128562.05493306972
Delhi,8,13,4,Moderate,171583.60937750174
Kerala,6,6,5,Luxury,272824.2892717638
Maharashtra,9,2,2,Luxury,48604.006473373986
Tamil Nadu,10,6,8,Moderate,115092.683699595
Himachal Pradesh,2,3,9,Moderate,67098.0404051079
Rajasthan,7,7,4,Budget,41201.1172002546
Kerala,5,13,3,Luxury,378849.9728969763
Maharashtra,1,10,4,Budget,87178.60908236467
Agra,3,4,7,Luxury,202314.72262369058
Maharashtra,4,9,1,Budget,20360.028480513418
Karnataka,12,5,2,Luxury,139751.63392493845
Uttarakhand,2,12,5,Moderate,139258.13631915025
Kerala,7,10,9,Moderate,242172.15194361386
Agra,1,3,6,Moderate,41515.90772762241
Karnataka,3,1,3,Budget,5537.774125831551
Tamil Nadu,12,1,3,Luxury,29565.611178969717
Himachal Pradesh,9,13,7,Budget,125485.5961953526
Maharashtra,11,4,3,Moderate,51052.62289972322
Tamil Nadu,2,10,3,Luxury,238054.38237814236
Agra,5,10,7,Luxury,407541.0613336017
Karnataka,4,4,9,Budget,39635.464301024535
Uttarakhand,12,9,9,Moderate,245139.61086401506
Maharashtra,3,8,3,Budget,43849.56560857051
Himachal Pradesh,5,4,8,Budget,47956.14502172023
Uttarakhand,6,6,1,Moderate,23039.664516082947
Delhi,1,7,8,Moderate,139573.50532111945
Karnataka,2,10,2,Budget,30426.14441500059
Tamil Nadu,1,8,4,Luxury,310643.17836595647
Maharashtra,3,4,7,Moderate,79461.51140274318
Maharashtra,8,1,6,Moderate,21577.03826994554
Agra,8,5,9,Moderate,76291.50019556255
Himachal Pradesh,4,14,8,Moderate,284850.74162597134
Rajasthan,6,1,2,Luxury,21858.15986357673
Delhi,12,11,4,Luxury,473081.06872899405
Uttarakhand,9,11,1,Budget,18637.897077330905
Kerala,7,4,7,Budget,44778.81278960768
Kerala,2,7,4,Moderate,90177.79037678668
Maharashtra,11,7,8,Budget,80010.95632558879
Agra,2,1,2,Luxury,16742.514158264177
Goa,3,9,8,Moderate,213167.22933077338
Maharashtra,8,2,2,Moderate,16342.974972670181
Kerala,10,5,8,Moderate,111443.1532599636
Kerala,9,6,1,Budget,13433.10607425519
Delhi,3,1,2,Moderate,6650.329697300544
Tamil Nadu,9,14,5,Moderate,165030.41226540817
Goa,12,12,1,Luxury,235958.47460799487
Maharashtra,12,2,5,Moderate,36151.348245257905
Delhi,10,7,5,Budget,44329.85638371048
Agra,12,6,7,Moderate,90017.969573138
Delhi,8,6,2,Budget,22521.827323893947
Maharashtra,5,6,2,Luxury,154208.74006215695
Karnataka,11,14,6,Luxury,738530.2940820635
Rajasthan,10,14,3,Moderate,148974.0244639873
Maharashtra,3,7,8,Luxury,509598.3443413682
Himachal Pradesh,11,10,3,Moderate,115216.41474721007
Kerala,7,12,4,Luxury,430453.47187597747
Goa,9,14,7,Luxury,809381.6993659755
Goa,12,14,1,Budget,41122.647363208336
Tamil Nadu,6,12,1,Budget,22573.51820695203
Rajasthan,3,9,9,Moderate,178288.7840501519
Himachal Pradesh,5,9,6,Moderate,194645.40582591135
Kerala,7,2,5,Budget,18059.96552972781
Goa,8,2,2,Luxury,50425.30996142405
Himachal Pradesh,12,5,2,Moderate,54867.94705881588
Delhi,4,10,7,Luxury,535520.6539865902
Tamil Nadu,2,7,6,Budget,54308.49239125596
Maharashtra,10,12,8,Luxury,772023.7911152873
Maharashtra,2,14,3,Luxury,461270.0694281224
Karnataka,12,12,3,Moderate,129265.57169980435
Kerala,3,13,5,Luxury,543650.1475944377
Himachal Pradesh,8,3,4,Budget,21868.34258831682
Uttarakhand,1,3,8,Luxury,169376.62950519667
Goa,7,4,6,Budget,42216.77025910691
Agra,6,3,8,Budget,22614.190225169164
Agra,2,3,7,Moderate,37816.9408107432
Maharashtra,9,8,2,Budget,31418.755215138815
Uttarakhand,12,7,9,Budget,88710.22795921969
Agra,5,13,6,Moderate,164985.102703309
Rajasthan,2,7,6,Moderate,105038.61242983249
Rajasthan,3,14,2,Moderate,92326.99282947778
Kerala,7,10,9,Budget,107835.33525934002
Uttarakhand,7,2,1,Moderate,6866.300430188633
Rajasthan,10,11,6,Budget,86618.7951740131
Rajasthan,1,9,8,Budget,135575.09955091635
Maharashtra,10,13,2,Budget,51601.98563577172
Agra,11,6,3,Moderate,50130.330982916224
Kerala,11,14,7,Budget,183660.41357387163
Himachal Pradesh,12,3,1,Budget,8502.279330098425
Delhi,4,9,5,Moderate,124180.37322776465
Goa,6,9,6,Moderate,180129.56316651215
Goa,8,6,7,Budget,75636.04501159111
Tamil Nadu,3,13,7,Budget,107358.29123803417
Delhi,3,10,3,Budget,41819.845884232076
Delhi,8,6,7,Moderate,100854.99769007413
Goa,8,8,1,Moderate,36662.31316069268
Goa,8,8,4,Luxury,316247.21396587335
Himachal Pradesh,1,6,7,Moderate,107182.2638958094
Uttarakhand,8,7,7,Budget,62582.15772388477
Uttarakhand,8,4,4,Moderate,46801.014857954106
Himachal Pradesh,2,1,1,Moderate,3654.2539271137125
Agra,12,4,8,Luxury,208608.2363272106
Delhi,9,8,4,Luxury,267020.4973936895
Karnataka,7,12,2,Budget,46335.75774537364
Delhi,8,13,4,Luxury,450403.5242309164
Tamil Nadu,2,8,8,Budget,75706.6560233029
Goa,4,14,8,Budget,183885.66320451032
Delhi,7,2,5,Budget,13849.636521783548
Goa,6,7,2,Budget,33922.43322007747
Delhi,7,13,7,Luxury,628709.2463073789
Tamil Nadu,1,1,3,Budget,4961.121021037686
Agra,8,2,6,Budget,11909.572999134603
Karnataka,7,14,9,Moderate,258388.89421674123
Rajasthan,4,8,5,Budget,60580.582002021205
Himachal Pradesh,1,11,9,Moderate,219204.88274700387
Himachal Pradesh,8,10,4,Luxury,346688.37974250107
Karnataka,10,13,9,Moderate,229119.10920001913
Delhi,7,13,1,Luxury,136100.39707000428
Rajasthan,8,4,4,Luxury,144485.9433180394
Tamil Nadu,10,14,1,Moderate,50282.53234637175
Uttarakhand,1,3,9,Luxury,165542.08607406568
Delhi,5,14,8,Luxury,688062.8033038222
Agra,9,2,8,Luxury,87334.99179355221
Goa,5,11,7,Moderate,256649.25319228586
Kerala,10,6,9,Luxury,351542.01003024325
Delhi,12,4,3,Budget,24743.138309502327
Kerala,3,3,7,Moderate,61575.788293986756
Delhi,9,3,6,Budget,23882.57614887095
Karnataka,9,10,5,Moderate,154404.95227095138
Kerala,4,3,9,Budget,28509.23608749953
Delhi,4,12,4,Luxury,434571.7927640596
Himachal Pradesh,11,8,3,Budget,40440.40247025296
Kerala,8,9,3,Budget,48789.02915607654
Delhi,7,9,2,Budget,28467.655141705494
Uttarakhand,11,5,1,Moderate,15847.249354795347
Goa,5,1,3,Luxury,40640.83608453389
Uttarakhand,6,10,8,Luxury,666351.3870688746
Rajasthan,3,5,6,Budget,33999.55199008162
Delhi,6,1,2,Budget,3082.0903705961714
Maharashtra,8,9,8,Moderate,193868.91057299287
Agra,10,13,5,Budget,78783.67914276813
Uttarakhand,11,10,4,Budget,53211.05583062822
Kerala,9,13,1,Budget,28547.574776521447
Karnataka,3,8,1,Moderate,33286.73551083199
Agra,8,7,4,Budget,35558.63586035419
Maharashtra,12,2,9,Budget,23753.14328856432
Tamil Nadu,3,2,6,Budget,14497.998561056378
Delhi,2,14,1,Moderate,44314.212403648846
Karnataka,5,4,8,Moderate,71961.36490153747
Delhi,4,9,9,Luxury,561263.5667981417
Rajasthan,5,14,2,Moderate,94085.70269652814
Maharashtra,6,9,6,Luxury,560604.1052881819
Delhi,3,14,7,Luxury,825239.0010406259
Kerala,1,8,1,Budget,24325.646769718616
Rajasthan,4,11,5,Luxury,519139.54970555013
Himachal Pradesh,6,5,5,Budget,56128.116884882395
Tamil Nadu,2,14,3,Moderate,109839.25163792465
Maharashtra,2,7,2,Moderate,54484.14988168501
Goa,1,12,1,Luxury,254586.71741015514
Karnataka,9,9,6,Budget,79538.76878629146
Uttarakhand,3,3,7,Luxury,156389.154890844
Delhi,2,4,2,Luxury,83086.7536846129
Karnataka,4,2,2,Moderate,12331.015659739396
Karnataka,6,9,5,Luxury,356736.06619160203
Goa,1,7,5,Budget,89632.93250589835
Goa,9,6,3,Moderate,68395.73622343721
Rajasthan,9,5,3,Moderate,43303.75597178601
Maharashtra,8,12,1,Luxury,156520.55571386594
Kerala,6,7,3,Luxury,222017.47344825475
Tamil Nadu,4,3,9,Luxury,169280.55020639865
Goa,2,5,2,Budget,20650.188572363888
Goa,8,2,1,Luxury,25170.063137818786
Uttarakhand,7,5,9,Budget,43854.10640758319
Himachal Pradesh,12,7,5,Luxury,392820.0422569893
Goa,4,11,8,Luxury,885402.5903804958
Himachal Pradesh,3,10,4,Moderate,135232.21619953163
Rajasthan,6,11,8,Moderate,177507.07067981825
Kerala,1,7,5,Budget,87084.69674114964
Karnataka,2,9,6,Luxury,392155.79829388845
Goa,7,3,6,Budget,30431.733612842498
Delhi,11,8,6,Moderate,141713.54699703908
Himachal Pradesh,3,5,2,Moderate,38274.26282206883
Uttarakhand,1,7,9,Moderate,120490.8685605471
Tamil Nadu,2,1,7,Moderate,17556.779094594945
Uttarakhand,10,1,3,Budget,3969.7665372627234
Goa,10,4,2,Luxury,107407.19164338813
Maharashtra,9,5,4,Budget,37711.75595896915
Karnataka,7,13,8,Luxury,745298.9083221313
Kerala,7,10,9,Moderate,239218.20672602634
Delhi,10,3,2,Budget,8917.59281111578
Maharashtra,8,6,6,Luxury,366573.6865546182
Uttarakhand,12,3,8,Luxury,186516.3194192063
Himachal Pradesh,12,5,3,Moderate,64427.66303052071
Himachal Pradesh,8,11,9,Luxury,616517.6979881078
Maharashtra,9,13,4,Luxury,583832.055410328
Himachal Pradesh,2,1,5,Budget,7916.948577053912
Uttarakhand,8,3,7,Moderate,46276.34864144403
Maharashtra,8,7,5,Moderate,111054.296782934
Uttarakhand,5,3,4,Luxury,141725.9109339978
Delhi,5,5,4,Luxury,159446.31704785043
Karnataka,4,7,5,Moderate,107598.72238706549
Tamil Nadu,5,13,3,Moderate,98870.81443287255
Delhi,2,2,9,Moderate,33768.277790415625
Delhi,2,3,2,Luxury,63583.31452610973
Himachal Pradesh,5,4,7,Luxury,347911.143003961
Goa,11,5,4,Moderate,100140.03128532312
Agra,3,12,8,Moderate,194993.15839270933
Himachal Pradesh,1,9,7,Luxury,436665.7694291729
Goa,9,9,8,Luxury,703629.90726156
Uttarakhand,2,4,4,Luxury,126316.73222401147
Agra,12,14,2,Budget,51344.251694943174
Himachal Pradesh,10,9,7,Moderate,151127.9413155315
Agra,2,4,9,Budget,35912.32556691202
Agra,4,2,6,Budget,13213.140088458926
Rajasthan,2,10,7,Luxury,469562.11534629005
Karnataka,7,1,6,Moderate,17011.88373878358
Rajasthan,12,7,2,Luxury,196162.5301248197
Goa,10,4,9,Luxury,272971.15453834314
Kerala,1,12,5,Luxury,764090.1630990794
Maharashtra,11,8,3,Luxury,298560.36930045893
Tamil Nadu,2,8,4,Moderate,97780.86837488435
Kerala,11,12,4,Moderate,246531.6102084596
Maharashtra,5,8,9,Luxury,520632.2133947104
Goa,2,6,5,Budget,60955.84472223032
Goa,9,9,2,Luxury,251445.5759400525
Uttarakhand,4,14,6,Budget,95062.63028241204
Tamil Nadu,9,4,7,Budget,28563.327212823373
Karnataka,11,5,8,Luxury,313524.3769756173
Agra,12,4,5,Moderate,60626.91371626382
Rajasthan,1,5,8,Luxury,417247.7430576295
Rajasthan,1,2,8,Moderate,62475.13873611373
Goa,1,5,4,Budget,49001.015176657675
Rajasthan,4,10,7,Moderate,190886.01307599343
Goa,9,8,9,Moderate,166072.1802972941
Agra,8,9,4,Moderate,89727.86923101642
Goa,7,7,9,Luxury,574075.5645728183
Uttarakhand,1,7,4,Budget,39889.73763230148
Karnataka,3,14,1,Budget,26547.238432816892
Delhi,9,6,4,Moderate,67405.15512760653
Himachal Pradesh,9,2,2,Budget,8229.63218692861
Karnataka,5,10,6,Moderate,149927.81658714864
Karnataka,12,12,8,Moderate,257929.78718247285
Kerala,6,11,6,Moderate,195205.5703852226
Tamil Nadu,11,10,9,Moderate,189866.34343153588
Tamil Nadu,6,13,6,Luxury,565866.7186178855
Maharashtra,10,9,7,Moderate,159623.13177339462
Himachal Pradesh,4,14,5,Budget,119937.87099702332
Agra,1,5,8,Luxury,265817.0008173749
Delhi,5,6,2,Budget,20750.808451724402
Delhi,1,1,2,Luxury,26601.125429817763
Tamil Nadu,1,5,8,Moderate,112792.45986677641
Karnataka,11,6,6,Luxury,399925.87755428744
Uttarakhand,5,10,2,Budget,45372.9008306728
Maharashtra,5,11,6,Luxury,566396.408446934
Goa,7,2,8,Luxury,134779.02457813275
Maharashtra,2,7,6,Moderate,132777.5388583455
Kerala,6,14,9,Moderate,287608.135871926
Maharashtra,2,4,6,Luxury,257774.1167498833
Karnataka,10,5,3,Moderate,54547.951723380174
Agra,5,3,9,Moderate,52958.71530634423
Karnataka,4,5,5,Luxury,212749.6138637233
Tamil Nadu,11,12,6,Budget,115094.19968895256
Agra,10,4,4,Moderate,42196.004463839396
Rajasthan,5,12,3,Luxury,327464.3849654712
Agra,2,14,5,Luxury,475011.92344090645
Maharashtra,8,10,3,Luxury,369678.5322195266
Maharashtra,8,6,2,Budget,24635.21753774461
Maharashtra,6,2,6,Budget,16274.763839792044
Rajasthan,3,3,8,Budget,23382.715170027142
Tamil Nadu,4,12,3,Moderate,117889.05102465788
Goa,1,10,6,Luxury,799116.826278016
Himachal Pradesh,9,1,9,Luxury,61917.573143839734
Tamil Nadu,10,7,1,Budget,11926.520096666662
Maharashtra,5,9,3,Moderate,114795.92826902043
Tamil Nadu,8,2,2,Moderate,12594.648202381653
Kerala,3,7,8,Luxury,396705.53345278674
Delhi,4,3,9,Budget,26314.502800460865
Delhi,4,5,6,Luxury,204275.17054334187
Himachal Pradesh,8,6,3,Budget,28213.477764706706
Himachal Pradesh,12,8,8,Budget,121117.64669894616
Goa,9,4,7,Luxury,284991.0242594056
Kerala,3,2,2,Budget,6646.829752495717
Karnataka,7,3,7,Budget,27028.54627662984
Tamil Nadu,9,8,1,Budget,12415.217690377298
Agra,2,7,8,Budget,57056.16079518038
Agra,4,6,5,Moderate,81964.95574281568
Karnataka,3,5,9,Budget,51908.34104631538
Delhi,8,11,3,Budget,55806.070222791335
Karnataka,4,5,7,Budget,43939.79805959318
Tamil Nadu,9,1,8,Luxury,44262.83021469024
Kerala,1,14,1,Moderate,81936.08882556944
Maharashtra,1,6,6,Budget,68260.35950657049
Rajasthan,4,13,2,Budget,43130.07742309624
Maharashtra,3,9,8,Luxury,542542.7063228656
Rajasthan,3,8,6,Moderate,125054.7229283017
Agra,10,12,3,Moderate,103556.67086365154
Himachal Pradesh,12,10,4,Moderate,170649.96173307401
Tamil Nadu,2,1,7,Budget,8410.02347045431
Maharashtra,10,11,9,Moderate,223526.65301886562
Karnataka,10,13,2,Luxury,255914.07520578377
Kerala,2,6,9,Luxury,433581.3514326138
Kerala,8,3,6,Budget,28025.641179323182
Delhi,1,6,2,Budget,20965.49933027311
Kerala,8,9,8,Budget,86991.00188325263
Kerala,10,6,4,Budget,46846.085262795226
Himachal Pradesh,3,8,8,Luxury,441532.3574969926
Karnataka,2,14,7,Budget,129975.21760876288
Agra,9,6,7,Budget,44766.09488950241
Kerala,5,6,7,Budget,57077.69316461371
Agra,5,7,2,Budget,17159.660001674056
Himachal Pradesh,6,11,8,Luxury,853847.5847991655
Kerala,4,13,2,Moderate,112237.271824474
Tamil Nadu,7,10,3,Budget,38123.9866972734
Delhi,7,11,7,Luxury,602569.8233572192
Maharashtra,11,4,7,Moderate,110423.21367742028
Tamil Nadu,9,13,7,Luxury,680270.663792296
Uttarakhand,6,13,4,Moderate,187516.17603958465
Goa,1,8,5,Luxury,651978.9569083184
Kerala,9,4,7,Budget,43522.35879710935
Agra,12,7,8,Moderate,149731.19419619214
Goa,10,1,3,Luxury,32043.512861081326
Rajasthan,9,12,6,Budget,83850.3167427386
Kerala,5,9,9,Budget,110491.43701572009
Uttarakhand,7,10,5,Moderate,142308.77774149727
Himachal Pradesh,1,9,4,Luxury,318603.44498949003
Delhi,4,7,9,Budget,75479.21494405986
Uttarakhand,12,8,4,Luxury,333654.13645640074
Agra,10,2,3,Budget,7100.092099475713
Himachal Pradesh,4,10,7,Budget,98180.06687522601
Maharashtra,5,14,5,Budget,119004.00344804947
Himachal Pradesh,6,14,1,Moderate,68663.07538568972
Kerala,4,12,8,Luxury,845008.334212589
Goa,6,10,1,Moderate,43707.238361320175
Goa,10,7,9,Moderate,165145.3232987716
Agra,7,1,1,Moderate,3118.6432669487485
Himachal Pradesh,3,3,4,Moderate,35629.684780132535
Uttarakhand,9,6,4,Moderate,66980.82154735258
Agra,8,5,9,Budget,38847.41954388892
Delhi,1,5,1,Budget,11114.277827705417
Agra,2,9,9,Budget,67382.36234410906
Agra,2,6,4,Moderate,55425.08089834564
Maharashtra,10,3,7,Budget,28553.02526492272
Tamil Nadu,9,2,9,Budget,20150.507582792667
Kerala,12,14,7,Budget,227361.39390062972
Maharashtra,9,9,2,Moderate,78906.4448007038
Goa,9,10,6,Luxury,658656.6023329179
Goa,1,14,6,Luxury,1328164.4651841556
Rajasthan,7,4,3,Budget,16622.923599451384
Rajasthan,12,11,4,Moderate,186021.12129537758
Uttarakhand,11,5,6,Luxury,220009.09297740675
Goa,3,9,6,Budget,80347.18315577184
Tamil Nadu,11,5,1,Moderate,17008.89132871613
Maharashtra,9,7,8,Luxury,402699.02112659224
Delhi,8,2,9,Luxury,100066.5293237837
Tamil Nadu,3,2,2,Moderate,11071.083418545912
Rajasthan,1,4,4,Luxury,194290.46717946764
Himachal Pradesh,9,8,6,Budget,68381.46329782029
Tamil Nadu,10,2,2,Budget,5866.432660242112
Tamil Nadu,1,10,7,Moderate,215004.03316391623
Tamil Nadu,3,7,6,Moderate,115679.88164209427
Tamil Nadu,6,13,8,Budget,125602.39727590603
Tamil Nadu,6,13,7,Moderate,208391.20873992398
Rajasthan,11,1,1,Luxury,17044.84749722157
Goa,10,9,5,Luxury,499265.2944642238
Agra,4,10,6,Luxury,361791.27016611025
Tamil Nadu,2,6,7,Luxury,302908.9304503141
Tamil Nadu,10,11,4,Moderate,135898.54086667107
Kerala,6,1,9,Luxury,61843.9667568032
Goa,10,10,1,Moderate,48330.11691358681
Agra,5,6,3,Budget,26301.230728660175
Delhi,6,14,2,Luxury,291330.8468629734
Delhi,7,5,2,Moderate,37073.161098038574
Himachal Pradesh,11,14,1,Budget,23765.674458359706
Karnataka,9,12,3,Luxury,396691.9082466689
Maharashtra,12,5,5,Luxury,312445.52257679927
Kerala,12,5,6,Luxury,448212.9691110608
Goa,7,4,8,Moderate,94517.58760915152
Goa,4,7,4,Moderate,101572.43629196809
Karnataka,10,13,1,Budget,26915.752231543403
Himachal Pradesh,5,9,9,Luxury,863476.6084177789
Uttarakhand,6,13,3,Budget,73144.16643108673
Rajasthan,9,4,8,Moderate,78131.32354652876
Himachal Pradesh,5,2,4,Luxury,95221.20965609218
Agra,5,2,3,Budget,7093.926380394119
Himachal Pradesh,7,2,3,Luxury,61770.61747459122
Karnataka,2,7,4,Moderate,75795.7497113037
Karnataka,3,4,4,Budget,24659.96829107977
Maharashtra,12,4,7,Luxury,322201.0914998188
Kerala,2,1,2,Luxury,25463.999928092922
Tamil Nadu,10,4,8,Luxury,190771.37776103814
Delhi,10,6,2,Budget,17418.226896042088
Karnataka,12,2,1,Moderate,9228.06329934654
Maharashtra,2,4,8,Moderate,81196.7390991339
Rajasthan,3,11,4,Budget,56092.90499884064
Delhi,6,7,6,Luxury,294155.6194836925
Uttarakhand,5,13,1,Budget,32949.475817739505
Goa,11,9,3,Budget,91240.78380154258
Rajasthan,5,2,7,Moderate,37691.76309006135
Uttarakhand,2,8,7,Budget,59699.534140934404
Delhi,2,14,8,Luxury,813594.3535015414
Rajasthan,12,6,2,Moderate,68055.70039453116
Maharashtra,1,8,7,Moderate,201573.5586639617
Uttarakhand,3,2,4,Luxury,62011.35615741426
Goa,12,14,6,Budget,231718.47628081916
Tamil Nadu,12,11,4,Moderate,145008.81055611456
Maharashtra,11,1,9,Budget,13923.747887398695
Agra,7,7,1,Luxury,63778.89433571006
Goa,11,13,1,Moderate,80311.02502569425
Kerala,5,9,5,Luxury,367286.4968838545
Himachal Pradesh,7,9,5,Moderate,157272.23155072652
Kerala,9,2,8,Luxury,121686.18158272629
Karnataka,6,4,7,Budget,33908.355578154056
Tamil Nadu,2,13,3,Luxury,375207.35986358614
Agra,1,1,8,Luxury,57718.85636006846
Agra,1,11,4,Luxury,450022.6062242607
Himachal Pradesh,10,7,3,Luxury,233629.80705058985
Uttarakhand,9,2,2,Luxury,34091.682822747025
Himachal Pradesh,6,4,9,Budget,59045.99589990502
Karnataka,6,12,7,Budget,108868.17558646869
Kerala,4,2,5,Moderate,36368.80320588854
Agra,12,1,9,Luxury,53763.519147395156
Kerala,2,7,3,Budget,35348.68309134283
Goa,10,6,6,Luxury,410473.8244214665
Tamil Nadu,3,2,8,Luxury,101656.86174060077
Rajasthan,3,14,9,Moderate,261206.8628451042
Karnataka,8,4,4,Luxury,167635.4310331838
Rajasthan,6,12,1,Budget,19715.118383766076
Karnataka,7,11,8,Moderate,224141.42493575794
Delhi,9,3,3,Moderate,30234.053739049337
Tamil Nadu,1,12,6,Moderate,210144.73873747172
Goa,2,3,4,Luxury,130840.90896396064
Tamil Nadu,9,3,6,Moderate,47846.55260281247
Uttarakhand,5,11,3,Budget,61656.62880515098
Karnataka,4,4,7,Budget,39733.45313791301
Rajasthan,1,1,2,Moderate,9724.861336308732
Karnataka,9,1,5,Moderate,12661.595296679283
Uttarakhand,11,7,3,Moderate,61736.85581397534
Karnataka,9,5,5,Luxury,201648.22382818928
Tamil Nadu,4,3,3,Moderate,26461.886543146975
Maharashtra,9,9,9,Moderate,223001.2309182311
Karnataka,10,5,8,Luxury,261761.32990675676
Delhi,1,10,2,Moderate,72812.22100659709
Delhi,5,3,8,Moderate,54171.59724252803
Agra,1,9,8,Budget,83646.13667670752
Delhi,4,1,3,Budget,4659.327123161216
Karnataka,12,14,5,Budget,131573.81009965666
Karnataka,5,9,2,Luxury,176661.74416784948
Maharashtra,11,14,6,Budget,147354.41812836708
Delhi,3,5,2,Budget,14242.775950508367
Kerala,2,6,4,Moderate,78704.86507713846
Karnataka,6,2,3,Luxury,54469.39382578881
Goa,11,8,1,Moderate,55483.89272008769
Goa,3,3,8,Moderate,63485.45472582637
Rajasthan,10,1,8,Luxury,61062.418632875764
Maharashtra,1,7,1,Luxury,116921.90276441393
Uttarakhand,11,12,6,Moderate,186546.40885288228
Kerala,5,3,1,Moderate,13110.687069103955
Karnataka,2,4,9,Moderate,90938.96843546479
Tamil Nadu,2,5,1,Luxury,46824.16276533825
Himachal Pradesh,4,1,3,Moderate,11737.006620900913
Himachal Pradesh,4,11,9,Moderate,252164.6328266112
Uttarakhand,4,11,1,Budget,16870.790233227148
Agra,7,9,2,Budget,28451.548667861276
Tamil Nadu,1,7,4,Budget,52740.777364492424
Himachal Pradesh,8,2,7,Budget,16028.589314438927
Uttarakhand,12,13,8,Budget,168502.91774312474
Himachal Pradesh,10,1,1,Moderate,3723.898852759283
Maharashtra,9,14,1,Moderate,64292.107555477
Rajasthan,10,11,5,Luxury,408107.3292163174
Agra,6,2,8,Luxury,84395.01126258804
Maharashtra,4,3,1,Luxury,43229.32125088437
Tamil Nadu,6,12,3,Moderate,104231.40618204742
Uttarakhand,10,3,6,Budget,23533.990579097826
Kerala,7,8,1,Moderate,34402.34345297033
Tamil Nadu,6,5,3,Moderate,48373.04850219871
Tamil Nadu,11,9,1,Luxury,115408.0274860006
Delhi,1,3,4,Luxury,144480.62554188113
Kerala,5,6,9,Luxury,399599.33317215287
Goa,8,4,5,Luxury,211169.4711738981
Delhi,8,8,3,Moderate,85244.21343006146
Uttarakhand,12,12,7,Luxury,756358.1441033923
Goa,10,1,6,Budget,10521.997570458261
Himachal Pradesh,9,4,9,Moderate,90826.8898020622
Himachal Pradesh,4,7,4,Budget,50863.69216682505
Tamil Nadu,10,9,4,Moderate,114595.03609049205
Delhi,6,13,9,Moderate,257488.64213301736
Karnataka,7,1,2,Luxury,22483.207715196044
Kerala,5,8,2,Budget,30377.38875246857
Goa,11,2,9,Moderate,68195.59876758863
Kerala,8,4,7,Budget,33510.27122014202
Delhi,3,4,5,Moderate,51330.28435488242
Tamil Nadu,8,14,5,Moderate,211408.9460164909
Maharashtra,5,8,9,Moderate,198116.9757634198
Himachal Pradesh,1,11,5,Budget,83074.22250636519
Goa,6,2,9,Moderate,46319.55833773316
Goa,2,7,8,Budget,71195.94121778075
Uttarakhand,7,3,6,Budget,18425.686887832693
Goa,9,9,5,Luxury,523187.8318439704
Delhi,3,5,5,Budget,40098.52034936899
Goa,10,14,5,Moderate,233389.46576713986
Goa,4,12,1,Moderate,50347.49561736445
Kerala,4,8,5,Moderate,144691.51508383543
Tamil Nadu,4,5,3,Moderate,45914.05615747404
Rajasthan,3,1,6,Budget,7104.378793520786
Goa,5,9,9,Luxury,566677.4762339514
Karnataka,9,10,3,Budget,50902.68352503279
Tamil Nadu,11,11,1,Moderate,42940.01849599208
Agra,8,12,8,Budget,91693.21052357521
Uttarakhand,10,7,9,Luxury,413965.98911387415
Kerala,2,4,4,Luxury,151590.48316736246
Uttarakhand,12,7,5,Luxury,374964.18612218613
Maharashtra,9,5,3,Luxury,155471.9450121775
Goa,12,10,8,Luxury,996703.1926442775
Himachal Pradesh,10,14,3,Budget,77548.93864741693
Karnataka,2,9,4,Luxury,308815.52564993146
Kerala,7,2,7,Luxury,123826.37252268556
Uttarakhand,5,4,2,Moderate,30265.040168551877
Goa,7,6,1,Luxury,73480.91772700853
Himachal Pradesh,5,11,4,Budget,85250.62444515184
Himachal Pradesh,12,5,8,Moderate,143733.75851197605
Maharashtra,6,1,1,Budget,2408.901907249354
Tamil Nadu,8,9,3,Moderate,83954.32729505647
Karnataka,1,9,4,Luxury,459354.70355226676
Rajasthan,11,3,4,Budget,26987.121506681437
Karnataka,12,4,3,Moderate,50545.52833572895
Maharashtra,1,4,3,Budget,30690.391554714228
Delhi,5,10,7,Moderate,150210.9682916541
Tamil Nadu,1,8,8,Luxury,508654.25791570765
Kerala,3,6,4,Budget,41724.47465923299
Tamil Nadu,10,2,8,Budget,14756.66386293995
Maharashtra,9,4,8,Budget,39174.83590296304
Maharashtra,7,1,6,Luxury,57590.46455995619
Kerala,12,3,1,Luxury,53962.336973995974
Kerala,6,4,7,Moderate,74726.84232256758
Kerala,8,8,7,Budget,83050.3185260907
Tamil Nadu,8,3,5,Moderate,37939.55521871587
Goa,6,5,6,Moderate,109416.88862271706
Uttarakhand,4,1,9,Luxury,56649.25844458957
Agra,4,13,3,Budget,54933.61140124867
Kerala,4,4,4,Luxury,152378.90804514106
Uttarakhand,6,2,9,Budget,26388.57143514929
Agra,1,4,2,Moderate,25322.669293815674
Tamil Nadu,12,5,9,Luxury,301804.0000229848
Uttarakhand,2,3,5,Luxury,118960.31730299913
Kerala,6,14,3,Budget,79887.55495971187
Rajasthan,11,6,8,Moderate,157475.2076248584
Maharashtra,1,12,9,Luxury,1006637.8324265277
Uttarakhand,9,2,1,Moderate,5916.1381389644475
Himachal Pradesh,12,5,5,Luxury,347431.5028622937
Himachal Pradesh,6,4,9,Luxury,395632.28743418324
Uttarakhand,7,5,2,Luxury,96627.34773373273
Kerala,12,13,1,Moderate,73773.1458221748
Karnataka,1,9,8,Moderate,198363.8997154932
Kerala,8,6,6,Moderate,92789.02489829094
Tamil Nadu,12,7,2,Moderate,54989.919648382805
Kerala,12,14,3,Moderate,233605.43981624534
Tamil Nadu,12,11,5,Moderate,198002.2565483616
Karnataka,12,8,1,Moderate,34477.14560785414
Rajasthan,12,9,2,Budget,50717.36414324503
Tamil Nadu,5,14,1,Moderate,49807.03537853116
Delhi,5,5,7,Moderate,80296.38022344811
Himachal Pradesh,6,8,7,Budget,89145.24656060258
Maharashtra,7,2,5,Budget,17942.37224225765
Himachal Pradesh,7,10,6,Moderate,170812.63897549186
Tamil Nadu,5,9,3,Moderate,91300.86973913516
Delhi,1,2,2,Moderate,13671.839450958063
Goa,11,13,9,Budget,238481.93967889677
Rajasthan,9,12,2,Luxury,260143.2769379659
Rajasthan,6,5,1,Luxury,57063.91998878949
Goa,9,6,9,Luxury,459977.6442183639
Maharashtra,11,4,8,Luxury,304530.1699527981
Karnataka,4,8,8,Luxury,401810.9965052416
Agra,2,10,7,Moderate,138257.5751299297
Delhi,3,3,9,Luxury,177813.30624057652
Tamil Nadu,12,11,3,Moderate,127175.93423299983
Agra,4,13,8,Budget,111054.70546721593
Maharashtra,10,5,1,Budget,11363.355907336263
Karnataka,12,2,1,Luxury,25231.743736423232
Rajasthan,8,3,6,Budget,25000.605963291262
Tamil Nadu,3,8,8,Moderate,156598.5394633154
Tamil Nadu,8,11,8,Luxury,504527.4398777676
Karnataka,6,5,1,Luxury,59352.167018624765
Himachal Pradesh,4,14,1,Moderate,51763.297120234805
Delhi,7,3,9,Moderate,52022.141973558035
Karnataka,11,5,9,Moderate,113408.00975447193
Kerala,5,9,7,Luxury,476249.097406896
Kerala,5,3,1,Budget,6567.616271468333
Karnataka,9,12,2,Budget,40755.93712641273
Rajasthan,3,10,8,Budget,102947.00823872109
Karnataka,10,7,8,Budget,76761.93109216247
Uttarakhand,4,8,5,Luxury,350122.815377097
Maharashtra,5,5,2,Moderate,35778.86551405983
Kerala,1,3,3,Budget,23180.154362607827
Agra,7,11,5,Luxury,373473.72129315964
Karnataka,8,6,3,Luxury,202621.82233703104
Kerala,6,13,1,Budget,22774.50669795928
Maharashtra,9,12,6,Moderate,232829.39298871593
Maharashtra,3,3,5,Moderate,50178.831956161026
Agra,2,9,3,Luxury,249948.04455557352
Tamil Nadu,5,2,9,Moderate,40593.59959259846
Uttarakhand,9,13,8,Luxury,634163.4395617276
Karnataka,11,3,7,Moderate,64120.08012453303
Goa,1,7,2,Budget,43332.618076447056
Karnataka,1,14,5,Moderate,270209.92839218397
Tamil Nadu,10,14,5,Budget,81317.02003111091
Delhi,3,10,6,Budget,69681.47053488277
Himachal Pradesh,10,8,6,Luxury,435601.7763643046
Rajasthan,3,5,3,Budget,20199.51742665324
Tamil Nadu,5,5,4,Luxury,176935.29289202712
Maharashtra,4,5,1,Budget,9330.392495601373
Goa,6,4,1,Budget,9772.701063410079
Rajasthan,12,9,5,Budget,101293.7500126708
Kerala,8,6,4,Moderate,73821.73211683359
Karnataka,8,13,7,Moderate,253856.9409739621
Rajasthan,11,12,7,Budget,167789.1270883516
Kerala,4,13,4,Luxury,598115.4437646158
Himachal Pradesh,1,8,2,Budget,30824.58854321707
Kerala,7,8,4,Luxury,362395.50657255825
Goa,6,5,8,Budget,60912.76940450903
Maharashtra,5,12,2,Budget,49682.91712303608
Tamil Nadu,4,9,5,Luxury,375147.77745172486
Agra,6,2,7,Luxury,85722.05823776113
Tamil Nadu,8,14,6,Moderate,190971.14590737555
Tamil Nadu,6,8,9,Luxury,416557.9286200282
Kerala,3,3,2,Budget,11719.39454751821
Karnataka,9,7,4,Luxury,279238.6832406106
Rajasthan,3,13,7,Moderate,220054.12176417536
Agra,4,9,8,Budget,66622.12571089086
Agra,5,14,5,Budget,77621.65476292555
Rajasthan,11,11,5,Budget,104522.84558156983
Rajasthan,2,5,4,Luxury,177234.60944125132
Maharashtra,11,11,9,Budget,158956.27022522863
Goa,10,8,4,Budget,67256.01250182332
Himachal Pradesh,11,4,3,Luxury,117406.44344325605
Goa,10,14,9,Budget,175772.71259938178
Rajasthan,2,1,7,Luxury,51105.923325101
Karnataka,6,1,9,Luxury,68324.32645659088
Uttarakhand,2,6,4,Moderate,72768.7820555062
Uttarakhand,10,8,3,Budget,38523.41113006744
Himachal Pradesh,1,10,8,Luxury,606885.1219016501
Rajasthan,8,2,4,Moderate,23348.984689949124
Uttarakhand,10,11,3,Luxury,298109.2503757975
Himachal Pradesh,10,4,4,Budget,23201.625720619053
Agra,1,3,2,Moderate,22877.580182135367
Himachal Pradesh,10,13,4,Luxury,469298.6294524056
Agra,6,9,7,Moderate,145274.62487023146
Maharashtra,12,3,3,Budget,19178.100959706448
Uttarakhand,1,11,1,Luxury,106297.57926380723
Himachal Pradesh,8,8,8,Budget,85496.21631424133
Himachal Pradesh,5,14,6,Luxury,973426.9791235112
Himachal Pradesh,3,7,3,Moderate,68760.54934486125
Karnataka,5,1,8,Budget,10739.399179488322
Himachal Pradesh,1,8,6,Moderate,119108.02506457722
Karnataka,1,9,1,Luxury,132162.9389536118
Tamil Nadu,12,8,9,Luxury,579143.4890081595
Maharashtra,4,10,9,Budget,115548.73573843202
Tamil Nadu,9,10,9,Budget,94338.29390037728
Delhi,9,1,6,Luxury,52373.52248766732
Tamil Nadu,1,11,6,Moderate,192228.65225661534
Rajasthan,3,13,4,Luxury,516838.64216418273
Agra,12,11,8,Moderate,198028.81677934548
Rajasthan,4,7,9,Budget,62309.425267464176
Goa,2,13,7,Moderate,328202.8305498373
Tamil Nadu,7,9,7,Luxury,375181.1711571284
Uttarakhand,3,14,2,Moderate,80512.30450900023
Kerala,1,5,2,Budget,28145.60303749713
Tamil Nadu,1,2,2,Moderate,14194.255965425386
Maharashtra,3,14,4,Luxury,560565.0046862431
Tamil Nadu,6,8,9,Luxury,411087.82002614194
Karnataka,4,9,5,Moderate,129126.51751785215
Goa,1,7,2,Luxury,234711.67991016348
Himachal Pradesh,7,12,4,Budget,83921.02724479912
Goa,2,13,7,Moderate,258120.88729531132
Goa,12,5,5,Moderate,116411.3726695138
Agra,5,8,8,Moderate,128183.79572401343
Kerala,8,6,1,Luxury,75641.62255666054
Goa,7,12,5,Moderate,232866.08984028635
Agra,11,4,4,Moderate,42905.37608125847
Himachal Pradesh,12,1,3,Moderate,12949.397316465633
Rajasthan,8,6,7,Moderate,93093.13844882151
Himachal Pradesh,10,8,1,Budget,15626.999657464925
Uttarakhand,11,3,6,Luxury,144752.3685613697
Goa,6,12,8,Budget,149094.70733000519
Goa,7,7,2,Moderate,56523.071837019306
Rajasthan,9,13,6,Luxury,679328.5931814311
Maharashtra,6,12,1,Moderate,52967.279369751086
Goa,9,7,6,Budget,74881.85529058451
Kerala,12,9,6,Moderate,276341.55423337803
Delhi,2,1,5,Budget,7945.765746710733
Goa,2,5,7,Budget,53234.31211192022
Delhi,2,8,5,Luxury,349692.16766036936
Himachal Pradesh,6,13,8,Moderate,327483.0889786572
Tamil Nadu,2,13,2,Moderate,79355.99034596623
Maharashtra,3,3,6,Moderate,52845.75480461574
Agra,8,5,5,Luxury,172837.70732187224
Karnataka,8,14,2,Budget,51799.5241471168
Maharashtra,11,1,7,Luxury,67647.79340919602
Karnataka,12,9,4,Luxury,368503.3947880463
Himachal Pradesh,4,4,6,Budget,32962.01202170954
Maharashtra,9,5,5,Moderate,73873.0759678224
Agra,8,3,4,Budget,16740.772289130076
Karnataka,1,14,2,Budget,67174.57766004614
Rajasthan,8,2,7,Budget,18700.377577466348
Kerala,1,12,5,Moderate,290713.65650043165
Maharashtra,4,14,3,Budget,83526.88991561341
Himachal Pradesh,10,7,6,Luxury,392019.95922886994
Goa,6,11,8,Budget,112029.2984565329
Agra,7,5,2,Budget,13899.980095086454
Karnataka,10,11,4,Luxury,370775.70273324376
Karnataka,4,10,3,Moderate,87634.56721149209
Kerala,8,14,7,Luxury,887155.9867212769
Karnataka,8,3,8,Moderate,63920.354886408604
Delhi,9,2,8,Moderate,31855.050500635578
Uttarakhand,6,10,4,Moderate,137642.52763217394
Delhi,4,6,2,Moderate,36558.229137913026
Karnataka,2,10,6,Luxury,552989.421680186
Agra,7,6,3,Moderate,54629.835507073774
Maharashtra,10,3,8,Luxury,212185.0502702838
Himachal Pradesh,3,13,3,Budget,72619.60974998164
Goa,11,9,2,Luxury,329933.15597624495
Maharashtra,12,1,9,Budget,13233.704027049684
Rajasthan,3,3,9,Luxury,158898.3673386144
Maharashtra,3,13,9,Budget,167692.3194463154
Maharashtra,4,1,3,Luxury,36343.46140995871
Himachal Pradesh,2,7,2,Luxury,144403.45266797708
Kerala,5,2,4,Luxury,72681.3316021034
Karnataka,3,11,2,Luxury,210749.67117306372
Kerala,10,11,8,Budget,104244.1498055251
Rajasthan,5,12,1,Moderate,43446.61990572424
Tamil Nadu,12,4,2,Luxury,101202.63664602954
Goa,7,4,6,Budget,44979.434665439316
Delhi,9,14,9,Luxury,691332.5319630549
Goa,2,13,5,Moderate,248675.78552838328
Karnataka,9,8,5,Budget,53298.10600062976
Goa,10,11,3,Budget,63023.16237304343
Uttarakhand,6,4,8,Budget,47204.31240749741
Delhi,12,3,6,Luxury,187497.05562843726
Rajasthan,6,10,2,Luxury,183744.21885629283
Karnataka,11,12,5,Moderate,237021.21261306747
Agra,3,3,4,Moderate,32754.92338525805
Rajasthan,10,5,9,Luxury,298321.0818941727
Uttarakhand,9,6,4,Luxury,174272.42113923718
Delhi,4,7,8,Budget,63207.45706983223
Himachal Pradesh,5,13,1,Luxury,193483.12406439154
Uttarakhand,3,5,5,Budget,32846.172111087464
Rajasthan,5,7,9,Moderate,139190.15986268074
Karnataka,8,4,3,Luxury,104248.87422462422
Tamil Nadu,8,5,6,Moderate,77461.76493735841
Karnataka,8,6,6,Luxury,299530.5444061014
Delhi,6,9,6,Luxury,468458.58626818
Tamil Nadu,1,6,4,Budget,43945.64961864297
Kerala,11,10,7,Luxury,858972.4320629218
Delhi,10,14,3,Moderate,151200.5635878528
Delhi,12,11,6,Luxury,639961.4114063139
Uttarakhand,6,1,5,Moderate,20412.556238249734
Karnataka,12,12,3,Luxury,459956.19588165695
Rajasthan,11,11,2,Moderate,106681.8083409664
Himachal Pradesh,10,7,1,Moderate,24475.551718255843
Goa,7,14,8,Moderate,324200.3757062793
Maharashtra,9,11,1,Luxury,156730.88406034734
Himachal Pradesh,12,13,5,Budget,122975.89314919648
Goa,8,11,5,Moderate,195642.82560765068
Kerala,11,3,1,Moderate,17173.158044233787
Rajasthan,12,6,9,Budget,94420.98281328674
Karnataka,8,2,5,Moderate,32300.03597749977
Agra,7,14,9,Moderate,230347.48972954223
Delhi,2,12,6,Luxury,552553.093639776
Himachal Pradesh,1,7,7,Budget,68770.90685609222
Goa,2,1,7,Moderate,25047.139813394584
Agra,6,13,2,Luxury,195701.46757893352
Himachal Pradesh,2,2,5,Luxury,102111.91879142838
Rajasthan,10,9,2,Luxury,168466.22552746523
Karnataka,4,9,4,Luxury,289140.6847282149
Tamil Nadu,10,7,3,Budget,33439.693105257815
Himachal Pradesh,3,2,6,Budget,18579.62036559366
Himachal Pradesh,6,5,5,Luxury,300503.7026017817
Karnataka,12,4,1,Budget,9621.783374180784
Kerala,12,2,2,Luxury,74515.33749210932
Uttarakhand,8,2,7,Moderate,33009.259153227504
Himachal Pradesh,11,10,9,Moderate,176798.70800600832
Karnataka,6,8,1,Luxury,93260.03119534889
Uttarakhand,2,5,4,Moderate,61456.86310060063
Karnataka,5,8,3,Luxury,248414.0324257901
Karnataka,11,2,5,Moderate,34101.93641744866
Kerala,6,2,5,Moderate,32609.42232138747
Karnataka,9,11,2,Budget,44385.24577646664
Rajasthan,6,11,5,Luxury,458199.88400833076
Himachal Pradesh,10,3,4,Budget,21365.775759292374
Goa,5,11,1,Luxury,132396.70007595382
Goa,1,10,1,Moderate,58518.738303911385
Goa,10,8,1,Luxury,104440.78982101814
Karnataka,5,8,8,Luxury,411581.3601329253
Agra,5,3,3,Luxury,69193.63705213097
Uttarakhand,6,1,9,Luxury,77266.46686762977
Uttarakhand,7,7,2,Moderate,41863.99021340062
Karnataka,4,4,9,Moderate,75633.43294050568
Rajasthan,7,3,9,Budget,31679.740848420155
Rajasthan,5,5,4,Luxury,152229.91359934254
Delhi,6,12,4,Budget,78126.48719104403
Karnataka,4,6,4,Moderate,78226.0105120662
Maharashtra,12,14,1,Moderate,60959.37447838151
Kerala,8,1,5,Luxury,41291.81921743403
Goa,9,12,6,Luxury,657244.6622341778
Kerala,2,12,4,Budget,93286.89576622196
Goa,12,9,8,Moderate,276637.6340767248
Tamil Nadu,11,6,3,Budget,34374.46118319042
Tamil Nadu,4,3,9,Moderate,51881.735013281
Karnataka,11,1,7,Moderate,20037.138850276235
Tamil Nadu,8,13,8,Budget,114049.80041058164
Agra,8,9,7,Moderate,127068.37419698558
Delhi,9,2,9,Moderate,35647.46708900937
Rajasthan,3,14,2,Budget,42913.825030158725
Agra,1,10,4,Moderate,120851.05290782826
Kerala,9,6,2,Budget,20540.098101254927
Kerala,1,6,8,Luxury,620896.1455653866
Tamil Nadu,3,12,2,Moderate,77310.81738213969
Rajasthan,3,3,8,Budget,23719.99940489189
Delhi,9,11,6,Moderate,171017.3395560728
Goa,1,6,7,Moderate,206165.16160004085
Agra,7,14,6,Budget,104751.65810288562
Delhi,2,2,9,Luxury,97188.77781709646
Himachal Pradesh,7,8,4,Budget,51002.09423011663
Uttarakhand,1,13,1,Moderate,44168.8942891033
Tamil Nadu,10,1,9,Luxury,48586.49814244088
Goa,10,6,8,Luxury,385989.2655339576
Himachal Pradesh,8,14,1,Moderate,53035.193255639664
Goa,10,1,6,Budget,11292.902442519651
Goa,10,9,4,Budget,66748.79337553417
Tamil Nadu,2,13,2,Moderate,81130.64656636771
Goa,3,13,3,Budget,82191.45255575317
Delhi,8,9,9,Budget,80222.16720433212
Delhi,3,6,5,Budget,46625.28337988581
Himachal Pradesh,1,6,7,Luxury,381599.05466978624
Kerala,9,9,2,Luxury,214452.9219542622
Rajasthan,8,14,8,Budget,132692.55987316614
Agra,4,5,3,Moderate,42608.64199310158
Agra,8,9,1,Moderate,24520.566106882474
Maharashtra,5,5,8,Moderate,116812.5207623464
Tamil Nadu,3,14,9,Moderate,238027.17141942238
Karnataka,1,14,8,Budget,185536.10533886272
Karnataka,10,4,1,Budget,7959.812205657495
Himachal Pradesh,5,2,7,Moderate,53446.17575038868
Goa,11,2,7,Budget,37165.407992679
Goa,6,13,4,Moderate,226947.29981873362
Tamil Nadu,4,1,8,Moderate,18797.44750959877
Uttarakhand,7,10,5,Luxury,413560.00382145325
Kerala,3,14,4,Moderate,165304.71432521823
Maharashtra,7,3,5,Luxury,160544.886375226
Delhi,1,1,2,Moderate,7586.796801572974
Goa,7,13,4,Budget,112276.45120155967
Maharashtra,1,6,8,Luxury,487561.081081049
Agra,11,14,7,Budget,118688.4867658188
Uttarakhand,1,11,8,Moderate,174197.9675003697
Delhi,2,13,7,Luxury,679852.1915256586
Tamil Nadu,2,7,7,Moderate,112901.29559601776
Maharashtra,4,9,7,Moderate,179156.36234261218
Himachal Pradesh,1,14,2,Budget,46119.57497120395
Delhi,4,7,3,Luxury,216100.48063392416
Tamil Nadu,2,4,1,Budget,6468.153629338234
Karnataka,4,14,2,Budget,43288.49836199724
Tamil Nadu,4,4,6,Luxury,156035.67823413108
Tamil Nadu,9,8,2,Budget,23109.587483852603
Delhi,9,4,1,Moderate,14219.363854050482
Uttarakhand,1,1,8,Luxury,44648.12283089906
Delhi,5,9,9,Luxury,466671.9582925801
Rajasthan,7,3,7,Luxury,154428.8674866308
Kerala,4,14,3,Luxury,415192.8342697483
Uttarakhand,12,1,1,Luxury,14883.715447660163
Himachal Pradesh,5,9,4,Luxury,501563.4059804462
Uttarakhand,2,11,3,Moderate,83231.08561152656
Agra,3,11,3,Luxury,238422.4413480883
Himachal Pradesh,7,14,2,Budget,45918.22882187943
Karnataka,10,13,3,Budget,67465.40665125969
Delhi,7,10,5,Budget,61718.658439093015
Tamil Nadu,4,14,4,Luxury,406673.95380862005
Delhi,12,10,1,Budget,22439.300413809255
Agra,1,5,1,Moderate,17881.884040601693
Maharashtra,1,12,1,Budget,33404.25113130796
Agra,4,14,9,Luxury,740178.1369714923
Rajasthan,4,9,9,Moderate,158542.09820037734
Tamil Nadu,6,3,9,Moderate,48524.454207187664
Tamil Nadu,7,6,4,Moderate,67649.38711549746
Goa,9,11,4,Budget,73549.72872147834
Maharashtra,9,12,7,Budget,128401.73083899169
Goa,10,11,3,Luxury,342272.50059278397
Karnataka,12,12,3,Moderate,156937.05134132205
Kerala,12,7,4,Luxury,478612.40677897376
Kerala,5,5,6,Luxury,310192.2319640868
Delhi,10,12,1,Luxury,120107.25638226536
Kerala,11,8,3,Moderate,132007.6934162255
Tamil Nadu,3,10,5,Moderate,146373.26836321427
Agra,3,6,4,Luxury,181514.61636305836
Maharashtra,6,12,8,Moderate,248655.63660096872
Delhi,1,6,9,Budget,58830.618618721965
Delhi,7,13,8,Moderate,229081.33099000264
Maharashtra,3,7,9,Budget,69351.71813726945
Tamil Nadu,5,8,8,Moderate,131637.62939781017
Karnataka,7,12,1,Luxury,126927.5589745951
Karnataka,7,13,7,Luxury,738290.1281984615
Delhi,9,2,9,Budget,18140.65472504619
Karnataka,1,7,1,Budget,15000.003628802462
Tamil Nadu,3,9,1,Moderate,27796.384418090853
Rajasthan,9,13,2,Budget,44625.24929563303
Rajasthan,8,1,5,Luxury,40605.81168312323
Goa,2,13,8,Moderate,345138.1433473705
Uttarakhand,8,12,8,Budget,111580.3282922756
Himachal Pradesh,8,1,4,Luxury,35700.87043075084
Kerala,2,7,7,Luxury,399742.4950728091
Karnataka,8,13,7,Moderate,245205.9292799599
Rajasthan,3,14,9,Moderate,226204.81722208098
Agra,7,5,9,Moderate,74376.10894956003
Maharashtra,9,1,3,Moderate,10608.671369979142
Uttarakhand,4,14,8,Budget,113069.35956664656
Goa,11,13,5,Moderate,391994.58195396187
Himachal Pradesh,6,1,5,Budget,9351.475893320578
Rajasthan,9,2,8,Luxury,94976.69122184179
Goa,11,11,6,Moderate,350605.87456695683
Uttarakhand,11,10,1,Moderate,30699.14415649626
Maharashtra,5,9,4,Moderate,116094.19479753295
Kerala,12,12,9,Moderate,412338.6310369358
Rajasthan,1,12,5,Moderate,232566.30468716554
Maharashtra,3,3,4,Moderate,43683.6024071124
Himachal Pradesh,11,9,1,Moderate,33263.841493338674
Karnataka,9,6,9,Budget,57444.388497994296
Uttarakhand,3,13,8,Moderate,230671.21000686823
Himachal Pradesh,11,10,3,Moderate,106090.72786084865
Kerala,11,6,9,Moderate,195207.26220586323
Maharashtra,10,7,1,Budget,13059.853801999412
Tamil Nadu,2,10,4,Moderate,115082.66208911448
Kerala,4,11,5,Moderate,186177.30359417942
Delhi,5,8,4,Luxury,312572.01361643965
Rajasthan,7,11,4,Moderate,123022.63729595684
Karnataka,7,3,9,Luxury,167105.53026838833
Uttarakhand,9,8,5,Luxury,330126.8786129047
Agra,8,6,1,Moderate,17824.249897531983
Maharashtra,2,6,7,Moderate,119992.50607282516
Tamil Nadu,12,11,6,Moderate,176062.4695577131
Agra,8,14,9,Luxury,666959.5868970134
Rajasthan,8,3,4,Budget,19060.91104676816
Rajasthan,5,6,6,Budget,46549.082861574316
Uttarakhand,3,11,7,Moderate,191766.56076548522
Tamil Nadu,9,13,4,Moderate,124165.18320202574
Rajasthan,12,8,9,Luxury,615074.7543417754
Agra,7,13,1,Luxury,121023.0417686152
Tamil Nadu,1,7,1,Budget,14575.100031293887
Agra,8,10,3,Luxury,226648.64401867896
Kerala,10,10,9,Budget,122317.2816763772
Himachal Pradesh,5,7,5,Moderate,141391.78088773394
Tamil Nadu,6,3,1,Budget,4818.117446891843
Goa,9,10,5,Budget,102862.21641598399
Himachal Pradesh,10,14,6,Moderate,237905.4530210505
Himachal Pradesh,8,3,4,Budget,20036.20844392036
Tamil Nadu,11,5,7,Luxury,294568.29964015284
Karnataka,3,12,3,Luxury,324845.3795035252
Rajasthan,5,5,5,Moderate,80321.52494046793
Kerala,4,9,6,Moderate,140570.95332314892
Karnataka,1,13,7,Luxury,971555.4879246362
Karnataka,5,9,2,Luxury,187987.5794132219
Goa,10,10,5,Luxury,489716.2381031556
Maharashtra,7,5,7,Luxury,277854.460869804
Tamil Nadu,1,12,7,Budget,121857.97924936694
Agra,4,14,3,Luxury,361715.05265582394
Rajasthan,6,5,8,Moderate,101884.35997693906
Karnataka,11,6,1,Moderate,24534.26075140913
Kerala,12,13,4,Luxury,779658.9037801921
Maharashtra,9,13,3,Budget,84129.4658000103
Goa,11,8,4,Luxury,538903.1547923302
Delhi,8,6,9,Luxury,336074.87394824286
Rajasthan,2,14,8,Moderate,238635.28726617704
Delhi,11,11,4,Moderate,174560.70096623644
Himachal Pradesh,3,13,8,Budget,123262.14242119581
Karnataka,10,13,1,Budget,25027.926943493396
Uttarakhand,5,12,8,Budget,126466.50132081566
Rajasthan,11,14,2,Moderate,144499.03994992364
Agra,7,6,6,Budget,45772.67590389855
Maharashtra,3,9,6,Luxury,552680.1356602028
Kerala,12,1,3,Luxury,42296.9548845363
Rajasthan,7,14,5,Moderate,203877.06688719773
Agra,5,4,2,Luxury,69603.9741729431
Tamil Nadu,10,10,8,Budget,81644.90917670868
Delhi,6,13,8,Luxury,782775.0766883477
Tamil Nadu,6,10,5,Budget,71775.81265155591
Maharashtra,11,12,7,Budget,154781.95718569576
Goa,11,2,8,Budget,37671.23400034949
Karnataka,12,9,4,Luxury,370072.63943855156
Rajasthan,4,3,2,Moderate,22465.887147074336
Uttarakhand,12,10,5,Budget,94116.70635921921
Delhi,8,11,7,Luxury,560485.8664208023
Delhi,9,2,4,Moderate,21608.79302910332
Rajasthan,2,8,4,Luxury,301259.1646999458
Himachal Pradesh,9,4,4,Moderate,45427.50048318426
Tamil Nadu,11,11,9,Luxury,667512.3000596067
Delhi,12,2,9,Budget,23182.00994813553
Agra,4,4,8,Luxury,195404.7039291647
Kerala,6,7,8,Moderate,124516.98224101128
Karnataka,7,14,7,Budget,108208.9226341175
Delhi,4,7,1,Budget,10822.121258770969
Agra,8,1,8,Luxury,50567.33950536348
Maharashtra,10,13,4,Budget,94688.53662570397
Maharashtra,8,12,1,Moderate,52039.21768132
Karnataka,1,12,1,Budget,27466.605588478873
Himachal Pradesh,8,1,3,Moderate,8834.323563661472
Uttarakhand,10,3,3,Moderate,23371.645231907725
Karnataka,12,2,1,Moderate,9487.035897678581
Goa,3,3,8,Budget,36634.41132449194
Himachal Pradesh,5,4,4,Budget,35582.24485145703
Delhi,10,14,4,Luxury,427888.7071849819
Karnataka,8,7,6,Moderate,113642.46575424181
Tamil Nadu,11,2,9,Moderate,39534.151217895116
Maharashtra,6,7,9,Luxury,504466.6184185352
Agra,4,5,8,Luxury,256792.31975871258
Karnataka,4,8,1,Moderate,29633.802406142684
Tamil Nadu,12,8,2,Moderate,58449.903757459055
Himachal Pradesh,4,5,3,Luxury,143421.36670784658
Goa,6,10,5,Budget,79000.49042847105
Agra,7,8,5,Luxury,276919.0546505135
Kerala,5,12,8,Moderate,262931.0375586834
Goa,10,14,2,Moderate,125663.84766484056
Delhi,8,9,2,Budget,29141.960153719338
Tamil Nadu,7,7,8,Moderate,136911.99694017906
Karnataka,8,6,1,Moderate,25130.897947995298
Karnataka,4,7,9,Luxury,466864.6653119858
Rajasthan,8,7,2,Budget,22826.71095571534
Maharashtra,6,3,5,Luxury,162382.6970019369
Delhi,3,6,3,Budget,31998.643438380077
Tamil Nadu,8,6,5,Moderate,84846.25454077133
Karnataka,7,11,8,Luxury,599826.8205111471
Kerala,10,9,8,Luxury,488817.98652774876
Agra,5,1,6,Luxury,46064.85112331865
Delhi,11,13,9,Budget,169198.0400449573
Himachal Pradesh,4,7,7,Moderate,137911.75296191743
Kerala,1,1,2,Moderate,10768.507222864064
Agra,10,10,1,Budget,16642.629239244336
Uttarakhand,3,13,8,Luxury,737242.1393623746
Maharashtra,2,4,1,Moderate,16832.472282473893
Delhi,8,13,8,Moderate,223230.8654146314
Tamil Nadu,8,7,9,Luxury,363707.3830228563
Goa,12,6,1,Budget,17661.127044145047
Agra,5,6,7,Moderate,89937.57642833678
Himachal Pradesh,5,5,5,Luxury,307599.01025296014
Karnataka,11,11,8,Luxury,849798.9156718291
Goa,4,7,4,Luxury,299665.4900912181
Kerala,1,9,2,Budget,43733.81943291455
Maharashtra,1,14,7,Moderate,370343.26105184015
Tamil Nadu,6,6,7,Budget,41341.31373485786
Goa,4,10,8,Budget,118613.58577464345
Himachal Pradesh,4,7,9,Luxury,389714.4327966304
Agra,3,9,6,Luxury,376580.8967983496
Tamil Nadu,9,7,3,Luxury,170151.33784304315
Uttarakhand,3,6,5,Budget,38421.62437239588
Karnataka,8,3,3,Moderate,28487.104209809007
Maharashtra,2,14,9,Luxury,861844.3481781487
Goa,4,1,5,Moderate,18575.005683635773
Maharashtra,1,10,7,Moderate,216007.41463555585
Maharashtra,11,9,7,Moderate,251678.61149643557
Maharashtra,5,7,7,Luxury,468240.6103312848
Agra,2,3,4,Moderate,34417.66479394802
Maharashtra,11,10,4,Budget,73919.57835708889
Uttarakhand,1,9,3,Budget,33072.957529980886
Kerala,1,3,4,Budget,29295.782199177866
Himachal Pradesh,2,3,9,Luxury,191144.56854897048
Tamil Nadu,5,13,5,Budget,79220.74157541188
Uttarakhand,12,14,6,Moderate,286416.5123004137
Tamil Nadu,9,7,4,Luxury,243112.83112894607
Himachal Pradesh,6,2,1,Luxury,28583.980101879435
Kerala,12,10,7,Moderate,317714.54706294514
Delhi,4,14,7,Budget,135765.47461620456
Tamil Nadu,3,7,6,Moderate,108319.88336217821
Tamil Nadu,8,7,4,Moderate,89092.2129753256
Kerala,3,1,8,Luxury,57647.624608788734
Goa,1,13,8,Budget,196426.73775232842
Uttarakhand,4,10,1,Budget,14787.690832826751
Goa,11,11,9,Budget,209382.78056793183
Goa,5,2,8,Moderate,48170.79428930171
Goa,5,5,2,Luxury,119300.93340847439
Maharashtra,5,14,9,Luxury,926282.8592873547
Karnataka,8,4,4,Luxury,144965.46411593066
Tamil Nadu,8,14,6,Budget,117996.526949836
Goa,12,3,2,Budget,18165.998535615206
Uttarakhand,4,10,4,Luxury,296349.611726626
Karnataka,9,14,2,Moderate,100357.27901677729
Karnataka,1,11,9,Luxury,702155.2889966002
Goa,5,8,9,Moderate,194858.97183586133
Agra,5,7,5,Luxury,266133.01730024524
Goa,5,9,3,Moderate,123891.24561732929
Agra,8,3,3,Luxury,81478.67582129358
Goa,9,10,1,Budget,24803.207381623222
Uttarakhand,3,1,8,Budget,8055.106449512126
Agra,9,9,3,Budget,40758.10933221364
Maharashtra,11,9,4,Budget,82123.63758287794
Karnataka,8,12,2,Luxury,248640.49952143608
Goa,3,12,8,Budget,143098.9826889278
Karnataka,2,1,3,Moderate,9798.52425961672
Goa,4,14,2,Moderate,108811.64573869742
Tamil Nadu,12,8,1,Budget,15610.418615563769
Tamil Nadu,2,14,2,Budget,47937.66324638534
Rajasthan,4,14,2,Budget,43290.40221374943
Goa,5,10,4,Luxury,478324.88603023376
Rajasthan,2,1,1,Moderate,3555.9368692545077
Kerala,12,6,1,Moderate,40537.176072631875
Kerala,8,9,6,Moderate,173963.84327580794
Karnataka,1,3,5,Luxury,153193.44128273558
Agra,3,6,1,Luxury,54999.96768736544
Goa,7,3,6,Moderate,68244.3387164215
Himachal Pradesh,10,11,8,Moderate,199524.34610982056
Goa,1,14,5,Moderate,375106.408272679
Goa,11,5,3,Budget,41758.222011012556
Himachal Pradesh,2,11,3,Luxury,330294.043105047
Kerala,3,14,2,Moderate,92298.4855746907
Rajasthan,2,7,9,Budget,73611.13348691167
Karnataka,2,11,9,Moderate,251312.6553786296
Kerala,12,10,7,Moderate,299980.7042604264
Himachal Pradesh,11,12,1,Luxury,139019.19463522843
Goa,6,4,1,Moderate,20461.446307899045
Kerala,7,4,4,Luxury,157973.11295938902
Uttarakhand,6,7,2,Luxury,185245.56696979702
Tamil Nadu,11,5,3,Moderate,58868.99373914184
Goa,6,1,2,Budget,4282.366853685853
Delhi,9,11,1,Moderate,35283.30309694337
Himachal Pradesh,8,10,3,Moderate,112224.95275621914
Maharashtra,8,13,7,Moderate,249170.8731814898
Agra,6,12,9,Budget,107224.50580727174
Maharashtra,5,13,9,Luxury,1002500.7424010884
Kerala,9,2,8,Budget,21087.350008961643
Goa,12,6,6,Budget,78803.92302009568
Agra,2,13,1,Moderate,44330.72842427997
Agra,7,12,8,Moderate,205807.17310991877
Karnataka,6,9,8,Budget,76641.29049969636
Maharashtra,7,7,9,Luxury,494767.42247364245
Goa,12,4,6,Luxury,344337.19413013983
Karnataka,4,12,3,Moderate,113777.98866812476
Rajasthan,9,12,6,Luxury,580660.3114307423
Maharashtra,7,13,8,Luxury,905901.2747394523
Tamil Nadu,2,2,7,Luxury,82793.97177687896
Tamil Nadu,4,4,8,Budget,30743.918974034168
Karnataka,5,14,3,Budget,78380.37241032491
Rajasthan,2,5,8,Moderate,90863.28170281691
Uttarakhand,10,2,5,Luxury,76612.8438762873
Uttarakhand,8,1,7,Moderate,17280.841111726917
Tamil Nadu,1,4,4,Budget,23933.942572788746
Delhi,3,11,3,Moderate,110613.12151589079
Himachal Pradesh,1,13,6,Budget,111357.59366175509
Himachal Pradesh,5,6,9,Budget,92430.32882528822
Delhi,8,1,4,Moderate,12539.984345044773
Karnataka,7,1,9,Luxury,62933.722724396386
Himachal Pradesh,9,9,3,Moderate,102202.96126042593
Himachal Pradesh,2,5,6,Luxury,260407.51681570034
Maharashtra,12,2,5,Moderate,39205.34928177084
Maharashtra,8,11,9,Moderate,226914.18698048938
Delhi,8,14,6,Moderate,210179.06867963524
Goa,6,2,2,Budget,9498.8669107007
Rajasthan,3,4,4,Moderate,45279.11467849651
Karnataka,2,11,5,Budget,93254.04777672014
Maharashtra,8,2,9,Budget,23414.751619508726
Maharashtra,6,4,1,Budget,9193.718819695592
Uttarakhand,4,11,9,Moderate,189695.73268800453
Rajasthan,5,13,1,Moderate,47609.66805188457
Uttarakhand,5,6,1,Moderate,30827.571339517173
Goa,9,7,4,Moderate,107108.67221707791
Rajasthan,9,6,6,Budget,43895.61654025589
Himachal Pradesh,8,4,2,Luxury,90535.60976374967
Uttarakhand,8,10,1,Luxury,108084.6891893976
Tamil Nadu,12,3,4,Budget,17270.802972182555
Karnataka,2,4,8,Budget,44166.06189438261
Himachal Pradesh,3,12,6,Luxury,623827.1956593945
Rajasthan,8,5,5,Luxury,228864.99640606702
Tamil Nadu,5,4,1,Luxury,35064.475237098595
Goa,7,3,3,Luxury,102510.2313957814
Tamil Nadu,8,1,7,Luxury,55454.09788700331
Maharashtra,6,3,3,Moderate,31855.354890389106
Delhi,5,11,5,Luxury,449833.0109731209
Tamil Nadu,8,5,6,Moderate,69365.1180871394
Agra,1,13,9,Moderate,250329.3383133979
Goa,1,14,3,Budget,114526.12628817846
Himachal Pradesh,1,6,6,Budget,51436.16659618635
Uttarakhand,3,12,2,Luxury,205644.74364662496
Kerala,10,14,9,Budget,165494.09511751114
Goa,12,13,9,Luxury,1374538.0932241373
Agra,6,4,7,Budget,31981.79294822347
Maharashtra,6,1,9,Budget,11822.249226777416
Uttarakhand,5,10,4,Luxury,513864.43900538475
Karnataka,7,13,1,Budget,26291.15224174015
Kerala,5,7,1,Luxury,94108.18831996353
Tamil Nadu,2,13,2,Budget,41068.513003124375
Agra,4,9,3,Luxury,245826.12849190488
Tamil Nadu,1,13,2,Moderate,87680.81531079362
Karnataka,7,6,4,Luxury,198210.14543079084
Goa,4,14,8,Budget,165078.71319943218
Delhi,4,6,3,Moderate,62246.079170740806
Agra,4,9,4,Moderate,83873.30749278686
Rajasthan,3,4,2,Luxury,91018.64185886331
Himachal Pradesh,8,5,1,Luxury,51617.633305606265
Rajasthan,4,5,8,Moderate,96697.5008339918
Delhi,8,14,7,Luxury,810003.2791622769
Karnataka,9,12,2,Luxury,288411.98213769903
Rajasthan,1,5,8,Luxury,429329.4583499678
Maharashtra,4,8,3,Budget,46369.82267000408
Agra,6,11,7,Budget,70926.3351541616
Maharashtra,8,1,1,Moderate,3594.957811621098
Kerala,6,10,3,Moderate,123738.59762396757
Delhi,12,11,9,Moderate,232592.73668472428
Kerala,6,10,4,Luxury,355642.1900919275
Kerala,10,11,1,Luxury,133523.77862881683
Kerala,4,3,6,Luxury,152892.2398454647
Goa,9,8,1,Moderate,34462.012582038245
Goa,7,11,1,Moderate,47328.386712967236
Delhi,11,9,2,Budget,33202.63060061559
Uttarakhand,6,2,3,Luxury,82758.69877828642
Rajasthan,1,12,2,Luxury,333807.2360891131
Goa,2,4,8,Budget,47600.97784484125
Tamil Nadu,12,14,6,Moderate,229917.6077749825
Maharashtra,6,8,1,Moderate,36239.550468630936
Goa,11,5,6,Moderate,139528.3895737696
Karnataka,1,1,1,Luxury,13778.161501160257
Kerala,11,6,9,Budget,106938.2688816798
Goa,5,14,3,Budget,79223.19452994315
Delhi,1,9,1,Moderate,41238.76491244926
Maharashtra,3,9,1,Luxury,99536.42291513819
Maharashtra,12,11,2,Budget,46607.04915803317
Uttarakhand,12,1,6,Luxury,58676.19232423487
Himachal Pradesh,12,4,1,Moderate,20685.81775732015
Himachal Pradesh,7,1,7,Moderate,18712.06012381648
Rajasthan,5,7,4,Budget,35698.48298196938
Tamil Nadu,12,3,7,Moderate,51525.89021011459
Agra,10,2,4,Budget,8701.441429522853
Delhi,1,14,4,Moderate,227180.42348950045
Karnataka,1,8,4,Budget,57002.789403951385
Goa,8,9,8,Moderate,222482.26545249572
Delhi,11,7,2,Moderate,57677.24806298201
Tamil Nadu,9,6,8,Luxury,329702.4091445853
Himachal Pradesh,7,10,1,Luxury,127093.5459015595
Delhi,3,13,7,Moderate,205101.60068763618
Goa,12,11,7,Budget,177860.50917529775
Uttarakhand,6,6,6,Moderate,114734.58821465474
Rajasthan,3,9,4,Luxury,281053.7999012122
Uttarakhand,10,5,5,Budget,27506.48521660936
Himachal Pradesh,4,5,1,Moderate,20509.298921004985
Kerala,12,2,2,Moderate,20263.91596199439
Himachal Pradesh,4,6,7,Luxury,286430.820436681
Rajasthan,3,14,2,Budget,45689.89386555109
Goa,10,12,8,Budget,132913.89153371472
Tamil Nadu,6,12,7,Budget,84391.12121218392
Agra,5,12,8,Moderate,162017.382561208
Uttarakhand,11,6,4,Luxury,220113.75010910764
Himachal Pradesh,9,6,1,Moderate,25807.366580964313
Tamil Nadu,9,4,7,Luxury,193009.097397383
Uttarakhand,3,11,1,Luxury,116633.66066898793
Himachal Pradesh,9,7,7,Budget,71037.11573829364
Rajasthan,12,9,9,Moderate,261224.08284700723
Uttarakhand,3,1,5,Budget,6881.541826663526
Himachal Pradesh,4,3,2,Luxury,73372.97374626856
Goa,1,10,1,Luxury,206528.0500198466
Rajasthan,5,9,8,Budget,82186.71241821178
Tamil Nadu,12,14,4,Budget,80210.99359719541
Tamil Nadu,9,5,8,Luxury,260654.22458448395
Agra,2,6,2,Moderate,37457.55960469988
Delhi,4,8,3,Budget,40772.25317798799
Kerala,10,9,3,Moderate,101451.42475894482
Goa,2,8,4,Luxury,314828.25500480406
Rajasthan,8,3,9,Budget,31967.724829122002
Uttarakhand,9,10,9,Budget,84562.42696767043
Tamil Nadu,3,1,5,Luxury,40449.834978918705
Goa,9,11,7,Budget,117554.11330838274
Rajasthan,6,13,9,Budget,117280.45268580814
Rajasthan,6,12,1,Moderate,42133.48257707719
Uttarakhand,7,13,2,Budget,39457.14892778548
Rajasthan,12,5,6,Moderate,113036.69138477764
Karnataka,5,7,3,Budget,38152.278272533666
Goa,6,2,7,Budget,19077.320319042065
Himachal Pradesh,11,1,5,Luxury,40360.86898507732
Tamil Nadu,1,4,8,Luxury,216157.1647400047
Tamil Nadu,3,3,1,Budget,5046.514425247711
Himachal Pradesh,12,4,9,Moderate,111896.13037778636
Goa,9,1,6,Luxury,59876.0035149323
Kerala,12,2,5,Luxury,147315.49718275963
Goa,5,1,8,Luxury,66492.76899970212
Maharashtra,5,3,4,Budget,19383.770255828877
Rajasthan,8,4,9,Moderate,71218.95294473243
Delhi,11,13,5,Moderate,250766.10612448814
Uttarakhand,11,1,1,Budget,1817.2906127890124
Karnataka,2,6,8,Luxury,393762.5688261535
Delhi,7,2,9,Moderate,32443.33002668207
Himachal Pradesh,9,10,5,Moderate,133278.9706901604
Uttarakhand,7,12,5,Budget,66333.14651131231
Uttarakhand,12,13,6,Moderate,286883.6293224775
Uttarakhand,5,11,9,Moderate,305339.70790379087
Tamil Nadu,6,5,5,Luxury,200553.50194805136
Karnataka,4,8,2,Luxury,178885.29025014126
Tamil Nadu,12,12,3,Luxury,367847.6623010989
Rajasthan,7,13,3,Moderate,132631.3680119113
Maharashtra,1,4,9,Luxury,341884.661890255
Agra,4,5,8,Budget,42521.24004325765
Karnataka,3,9,6,Luxury,449553.2326347253
Delhi,4,2,5,Luxury,76289.2464217516
Rajasthan,1,12,2,Moderate,118828.22381436802
Goa,12,12,9,Luxury,1238228.420438295
Himachal Pradesh,2,2,8,Budget,20910.665891052988
Maharashtra,12,6,5,Luxury,323346.00791510876
Rajasthan,11,6,6,Luxury,403806.04753276537
Goa,9,3,9,Budget,31054.421128844675
Maharashtra,7,12,1,Budget,27585.37206593422
Goa,6,9,4,Luxury,401528.1986865224
Karnataka,2,13,5,Moderate,208341.5255429699
Goa,1,1,9,Budget,16024.872269527765
Maharashtra,2,12,5,Budget,91540.38693429656
Goa,7,3,5,Moderate,59677.58609126813
Delhi,2,8,3,Budget,38882.5172928355
Rajasthan,3,8,8,Budget,62008.86204074219
Maharashtra,8,4,7,Moderate,92325.0512280893
Delhi,7,8,8,Luxury,500157.56517957174
Goa,12,11,4,Moderate,264657.3490942013
Goa,11,10,8,Luxury,1124969.8976752735
Uttarakhand,11,13,4,Budget,62946.47549257253
Maharashtra,11,8,1,Budget,21770.27575137184
Karnataka,9,1,4,Luxury,33199.815692960896
Goa,12,3,5,Moderate,90470.8870615517
Himachal Pradesh,4,1,8,Budget,9894.245015230896
Tamil Nadu,7,2,6,Moderate,26502.90093888009
Agra,1,4,5,Luxury,151478.85145976278
Tamil Nadu,11,3,3,Luxury,94499.20610885727
Karnataka,11,13,4,Luxury,501375.34252238
Rajasthan,2,11,6,Moderate,197222.25835957652
Kerala,7,6,6,Moderate,97330.17260974797
Himachal Pradesh,2,12,6,Luxury,600736.6305709241
Kerala,6,12,2,Budget,47059.259837153884
Goa,10,5,8,Luxury,369408.144185683
Rajasthan,12,5,8,Budget,69576.97435886649
Delhi,9,10,6,Budget,71156.69330435111
Goa,11,7,4,Budget,79645.45044805763
Kerala,5,7,2,Moderate,50368.63950083801
Goa,10,9,6,Budget,79899.67179173193
Agra,7,8,6,Budget,52177.89201357769
Uttarakhand,1,3,3,Luxury,80298.85971398113
Agra,8,2,2,Budget,5019.507356218915
Rajasthan,9,1,4,Budget,5351.984687636017
Delhi,5,10,8,Luxury,478231.77765139664
Agra,6,6,5,Moderate,61224.15380749497
Maharashtra,11,13,3,Budget,100033.05611984877
Delhi,8,13,5,Moderate,200470.21384452606
Kerala,4,4,9,Luxury,238324.95695544124
Agra,2,3,8,Moderate,47889.96804314007
Uttarakhand,10,11,7,Budget,94043.05368038356
Delhi,8,11,4,Moderate,125658.9219723457
Goa,2,2,2,Moderate,18326.330066960694
Uttarakhand,5,2,9,Luxury,161205.44934032665
Goa,6,11,3,Luxury,400788.0782020776
Agra,5,4,6,Luxury,180858.87870659976
Himachal Pradesh,6,1,7,Luxury,71399.59362750922
Himachal Pradesh,6,6,3,Luxury,289690.2135692345
Kerala,3,10,3,Luxury,353693.46919981844
Uttarakhand,11,11,3,Luxury,314207.8369519195
Goa,11,5,3,Luxury,232737.65837396606
Karnataka,3,10,3,Moderate,104803.83243637139
Uttarakhand,9,9,7,Luxury,410742.02811493794
Maharashtra,3,2,5,Moderate,34654.00680106828
Kerala,3,9,4,Budget,53555.963028723185
Tamil Nadu,11,9,6,Luxury,443102.3111799845
Tamil Nadu,2,10,8,Budget,81972.0224379711
Goa,7,9,2,Luxury,245977.32562693107
Himachal Pradesh,10,10,3,Budget,52114.35031177564
Delhi,10,10,2,Moderate,56816.84224345301
Maharashtra,4,4,7,Luxury,234718.8587524107
Tamil Nadu,1,5,2,Moderate,42585.39581457128
Goa,6,8,5,Budget,65084.771600802924
Goa,5,14,9,Moderate,313335.483329572
Agra,11,8,8,Luxury,423318.56850686745
Himachal Pradesh,2,1,8,Moderate,18384.632679123893
Uttarakhand,6,10,3,Moderate,107233.16195581079
Delhi,1,1,1,Budget,1981.9759329727365
Agra,3,10,2,Budget,28837.135909471304
Tamil Nadu,4,6,7,Luxury,306365.06822939444
Delhi,3,7,4,Budget,43434.98774685396
Kerala,6,2,5,Moderate,28761.688262032472
Himachal Pradesh,11,2,1,Budget,3930.5575641995124
Tamil Nadu,4,5,2,Luxury,90052.63068847486
Goa,1,9,9,Budget,179861.7398315809
Tamil Nadu,5,5,6,Luxury,213555.64031983347
Karnataka,5,8,7,Luxury,497329.3782571269
Rajasthan,9,8,5,Moderate,115858.00251501596
Rajasthan,8,5,9,Moderate,92486.5563935307
Tamil Nadu,8,8,5,Moderate,105698.59559589007
Karnataka,5,8,6,Luxury,360753.2588169405
Tamil Nadu,8,5,9,Budget,46957.54306397891
Rajasthan,10,5,5,Budget,39862.21035089537
Agra,7,4,4,Luxury,122949.26884094437
Kerala,1,1,5,Luxury,82634.79237885113
Rajasthan,12,9,5,Budget,84590.60825928042
Kerala,7,2,5,Budget,16660.882365546713
Goa,11,1,1,Luxury,21330.830445762047
Kerala,8,6,5,Budget,45288.80480729811
Agra,3,5,5,Budget,28664.084552744775
Karnataka,9,11,1,Luxury,138417.57618714625
Kerala,8,1,4,Luxury,42170.13603774761
Delhi,2,7,8,Moderate,138159.91411354224
Uttarakhand,6,7,4,Moderate,113852.6278828853
Rajasthan,4,3,7,Budget,26581.50504923955
Karnataka,3,8,6,Luxury,345398.845721217
Maharashtra,11,6,5,Budget,63431.866647515904
Goa,6,4,9,Luxury,278032.9798163858
Uttarakhand,10,10,8,Budget,82426.8250538077
Delhi,9,10,5,Budget,77380.53492401067
Himachal Pradesh,2,10,7,Luxury,637146.007978795
Agra,10,12,9,Moderate,205730.52373669436
Tamil Nadu,10,13,7,Moderate,193307.88570925733
Uttarakhand,10,3,3,Luxury,73507.04063278952
Karnataka,5,1,5,Budget,6596.605505941548
Karnataka,6,13,9,Budget,133014.25212146336
Karnataka,4,2,9,Budget,22556.919164351883
Goa,7,2,8,Luxury,153496.58609963497
Kerala,2,13,6,Moderate,237063.41979512986
Rajasthan,7,11,7,Luxury,640892.9670765868
Himachal Pradesh,2,5,7,Moderate,104181.21739361224
Tamil Nadu,1,4,1,Moderate,15179.831280167415
Karnataka,11,2,8,Luxury,140596.7575750929
Tamil Nadu,5,11,6,Moderate,153351.1117745
Maharashtra,2,9,7,Moderate,157924.41225685237
Goa,8,7,2,Moderate,58973.587938491706
Karnataka,12,8,7,Budget,93553.68283296937
Maharashtra,12,8,8,Luxury,654309.5572792335
Himachal Pradesh,12,2,5,Budget,24004.81115573857
Himachal Pradesh,8,5,1,Luxury,60176.73882545477
Rajasthan,1,3,6,Budget,31623.61582699378
Delhi,4,10,3,Moderate,87889.29639373254
Rajasthan,9,9,5,Budget,55918.95205277569
Kerala,5,9,9,Budget,105794.48630833933
Tamil Nadu,12,6,7,Luxury,396496.6072862404
Agra,11,13,8,Luxury,670125.4884612244
Himachal Pradesh,10,4,6,Budget,36924.27123199671
Agra,6,8,9,Luxury,381451.9727564147
Goa,3,5,3,Moderate,58111.28540979713
Uttarakhand,5,3,1,Moderate,15403.119653937252
Karnataka,12,13,4,Moderate,187174.2479814679
Goa,1,11,8,Luxury,1214256.2157645884
Himachal Pradesh,8,14,6,Luxury,764049.4761582343
Maharashtra,11,8,7,Budget,106875.27259999103
Tamil Nadu,6,14,9,Luxury,829722.230185065
Agra,12,14,2,Budget,48830.70531827674
Rajasthan,2,12,7,Luxury,636736.3823554127
Uttarakhand,4,6,4,Luxury,208244.742306234
Delhi,4,5,7,Budget,38358.81448270922
Goa,9,1,8,Moderate,21294.353966049126
Delhi,9,3,2,Luxury,64595.686154452844
Agra,5,7,7,Budget,45815.690039083
Agra,12,3,8,Luxury,178005.90915904727
Karnataka,3,1,1,Luxury,9542.938866619528
Maharashtra,1,8,5,Luxury,460259.71386229043
Maharashtra,6,7,9,Luxury,499462.12853021966
Kerala,8,5,2,Luxury,121069.61819366146
Rajasthan,1,12,6,Budget,147283.21976255448
Himachal Pradesh,11,10,2,Luxury,212801.2489454407
Himachal Pradesh,1,5,3,Budget,23762.197692807786
Agra,11,6,6,Budget,50251.88044793315
Goa,7,7,5,Moderate,114091.97062187582
Tamil Nadu,7,13,4,Budget,63309.06343539568
Himachal Pradesh,2,3,7,Budget,23904.750291087443
Himachal Pradesh,3,11,3,Moderate,104995.89320665639
Goa,2,12,7,Luxury,681866.1754161075
Rajasthan,6,14,9,Moderate,244692.18439763042
Uttarakhand,8,12,2,Luxury,205051.5251198248
Maharashtra,8,4,5,Luxury,192221.5659716003
Karnataka,1,1,1,Budget,2362.1778200579897
Karnataka,11,7,7,Luxury,448832.0629757909
Karnataka,9,10,2,Moderate,80534.99697133212
Goa,11,2,5,Moderate,61247.181092634295
Karnataka,8,7,1,Luxury,88924.6341452233
Agra,9,6,1,Moderate,17526.03981389336
Kerala,9,4,4,Moderate,46961.386272708034
Goa,11,11,7,Budget,201575.2942832074
Goa,12,2,7,Budget,32428.90996605336
Maharashtra,6,7,8,Budget,79677.1167946001
Karnataka,3,7,9,Luxury,462808.57618857024
Delhi,1,5,4,Budget,36849.2518489906
Uttarakhand,11,9,2,Moderate,58608.997843869
Kerala,8,3,3,Budget,14978.916736339927
Goa,10,9,9,Moderate,198692.54969583373
Kerala,3,5,8,Budget,52862.200316400034
Goa,7,2,6,Moderate,42176.04174291956
Rajasthan,10,9,3,Budget,47268.003970519574
Maharashtra,6,14,8,Budget,167620.6273707052
Agra,3,1,2,Budget,3268.140289141583
Rajasthan,6,1,4,Budget,6782.4408033776745
Tamil Nadu,12,13,4,Moderate,181517.44901579202
Karnataka,3,7,9,Budget,70002.82127284109
Tamil Nadu,9,3,8,Luxury,166516.09795886208
Uttarakhand,1,8,7,Budget,58229.98653032465
Delhi,8,7,4,Budget,39805.43929848857
Agra,5,11,7,Luxury,523974.83441857964
Rajasthan,4,13,1,Moderate,51642.10022299998
Kerala,1,7,8,Luxury,732911.4141619626
Kerala,9,1,8,Moderate,18134.628921338677
Uttarakhand,9,1,9,Luxury,47670.76551904559
Goa,5,12,9,Luxury,815304.2996649639
Kerala,11,14,1,Luxury,243169.08546575895
Karnataka,9,2,7,Moderate,31590.354903339303
Delhi,10,2,1,Budget,3217.427166706083
Maharashtra,9,11,6,Budget,110690.41591043322
Karnataka,7,5,5,Luxury,204980.45342994182
Delhi,8,9,2,Moderate,67795.83808705598
Uttarakhand,1,7,3,Moderate,59083.527407243484
Karnataka,4,14,8,Budget,118505.703344236
Maharashtra,10,2,2,Moderate,17600.71525796822
Maharashtra,10,5,4,Moderate,80300.03019106721
Himachal Pradesh,4,5,3,Luxury,173665.98223138563
Goa,12,8,7,Moderate,264118.0990304174
Uttarakhand,9,9,8,Moderate,168652.7164804083
Karnataka,3,8,4,Luxury,320867.5047537711
Agra,12,14,6,Budget,103044.8476249281
Agra,10,13,3,Budget,53174.274269735564
Uttarakhand,10,2,7,Moderate,30728.192284159184
Karnataka,1,4,8,Luxury,272987.71562402416
Rajasthan,11,2,7,Budget,25056.11712915835
Rajasthan,5,6,4,Moderate,64444.373177407775
Goa,7,4,9,Budget,46996.677832266214
Karnataka,12,7,8,Moderate,162197.8835240371
Maharashtra,4,13,6,Budget,114951.0265396334
Kerala,9,2,2,Luxury,41179.3170612927
Agra,6,9,7,Luxury,360968.89033531275
Karnataka,6,14,9,Budget,126977.64820412305
Karnataka,3,5,9,Luxury,294912.3234229557
Kerala,10,1,9,Budget,9857.417613150068
Kerala,10,12,9,Budget,138049.67482588362
Delhi,5,11,6,Luxury,494120.2534919837
Himachal Pradesh,10,3,1,Moderate,12902.69430094191
Goa,6,4,6,Luxury,211122.95869783228
Agra,4,3,5,Moderate,33947.48905446858
Kerala,3,6,7,Moderate,126009.00235271918
Rajasthan,5,13,8,Moderate,249715.9240303206
Uttarakhand,7,13,1,Budget,20304.74501419526
Rajasthan,11,6,4,Moderate,118994.45244307427
Delhi,6,10,4,Moderate,103697.98182016672
Delhi,2,13,1,Luxury,136872.56463738123
Kerala,1,11,4,Budget,102115.92862282117
Delhi,5,7,7,Budget,57755.03619144351
Maharashtra,5,14,6,Moderate,280401.5520953783
Tamil Nadu,12,9,4,Luxury,319792.5639977783
Karnataka,12,10,2,Moderate,72813.7733582007
Karnataka,6,9,7,Budget,79647.28095607877
Kerala,3,7,8,Luxury,406847.0928197999
Delhi,1,11,9,Budget,132992.29956020284
Uttarakhand,4,1,9,Budget,7513.907140641841
Maharashtra,4,3,4,Budget,24417.76394369743
Goa,10,5,3,Budget,31475.354293863365
Delhi,2,10,5,Budget,70026.57982389002
Maharashtra,8,12,6,Luxury,662549.6365996642
Himachal Pradesh,6,11,8,Luxury,981107.9613512902
Goa,12,6,3,Budget,52318.35089610234
Karnataka,3,6,6,Moderate,108200.12893591533
Himachal Pradesh,1,5,5,Moderate,80803.78932254919
Kerala,12,6,7,Budget,89558.69349743515
Agra,11,9,9,Luxury,586081.9254170954
Kerala,3,13,7,Moderate,243027.1538129267
Uttarakhand,8,14,6,Luxury,524576.334187219
Maharashtra,4,1,9,Luxury,65513.0179576316
Agra,3,1,4,Moderate,11348.524839285205
Goa,11,9,1,Moderate,53046.57765101587
Goa,4,14,8,Luxury,1060388.022954766
Himachal Pradesh,11,8,6,Moderate,150148.62759346387
Uttarakhand,4,9,6,Budget,63399.40060510705
Karnataka,2,7,5,Moderate,94105.66168544795
Delhi,4,10,3,Luxury,271211.6033196308
Delhi,11,6,6,Luxury,329838.0171623846
Agra,12,9,1,Luxury,109804.66876295753
Uttarakhand,9,2,7,Luxury,88001.1846668928
Uttarakhand,4,4,6,Luxury,197300.23818996534
Goa,12,2,5,Luxury,142988.67340251486
Karnataka,1,14,3,Budget,95849.59588796775
Maharashtra,1,6,8,Luxury,432587.2586998078
Karnataka,1,1,4,Luxury,40774.050768758185
Rajasthan,5,7,9,Budget,58610.89313946595
Uttarakhand,6,7,9,Luxury,480028.0707382406
Kerala,12,7,5,Luxury,521624.115705007
Tamil Nadu,6,14,7,Budget,118838.0683751946
Uttarakhand,6,4,6,Moderate,77493.95386844265
Agra,9,8,6,Moderate,99276.56245841968
Kerala,1,5,4,Luxury,351443.64774473506
Agra,10,2,8,Moderate,29052.69566443333
Himachal Pradesh,6,5,3,Moderate,69197.64753817755
Tamil Nadu,8,12,5,Budget,78748.07361164935
Tamil Nadu,8,10,1,Moderate,35371.92177177207
Goa,12,9,1,Luxury,163228.2795004097
Uttarakhand,3,10,9,Budget,80338.19746660588
Goa,5,1,4,Moderate,17580.797070975397
Delhi,10,11,9,Luxury,684540.509900431
Agra,4,2,7,Budget,14452.48127372498
Rajasthan,12,10,8,Luxury,722854.9211435772
Rajasthan,1,8,9,Moderate,251750.8576551412
Delhi,9,13,1,Luxury,148089.0226105795
Himachal Pradesh,5,5,7,Moderate,133495.05067151113
Rajasthan,2,12,8,Moderate,212140.02966419992
Agra,12,9,2,Moderate,69604.93325174174
Rajasthan,2,6,9,Moderate,106448.38322427835
Delhi,11,13,1,Moderate,51666.57339278031
Kerala,7,8,3,Budget,48066.926895783305
Goa,4,12,9,Moderate,302652.43787435436
Maharashtra,1,1,1,Budget,2860.8807292258884
Agra,5,9,4,Luxury,287380.8260027306
Goa,2,9,6,Luxury,470148.83045164583
Tamil Nadu,7,3,6,Budget,20115.189900741298
Karnataka,9,1,4,Budget,5878.272831078797
Rajasthan,1,8,1,Luxury,139882.4581717851
Rajasthan,12,8,5,Budget,92337.55844640356
Himachal Pradesh,2,12,5,Budget,99143.34841190185
Goa,11,9,3,Moderate,166659.45246024805
Karnataka,6,14,3,Luxury,374134.4446724839
Rajasthan,8,6,4,Budget,31750.16020557937
Tamil Nadu,7,9,3,Budget,35597.44702286628
Himachal Pradesh,9,12,3,Budget,68108.97422724802
Goa,2,10,3,Moderate,108434.75586290959
Himachal Pradesh,12,9,7,Luxury,768981.8103397314
Goa,9,12,9,Luxury,965276.0751904208
Uttarakhand,4,13,1,Budget,18335.413060466853
Uttarakhand,11,4,8,Budget,37293.599562746225
Delhi,3,11,1,Moderate,43091.565754556825
Agra,7,5,9,Budget,42179.272999728724
Himachal Pradesh,5,6,8,Budget,83315.90813343746
Delhi,5,6,6,Moderate,98676.11358555671
Himachal Pradesh,12,10,6,Budget,116281.94850658336
Rajasthan,2,2,7,Luxury,105636.94263549845
Maharashtra,6,4,8,Luxury,298995.9545158636
Himachal Pradesh,6,12,7,Luxury,829575.7680036243
Rajasthan,12,9,1,Moderate,43476.485348110786
Karnataka,4,7,4,Moderate,88696.4161562315
Uttarakhand,5,9,4,Luxury,381481.31606351637
Delhi,7,6,9,Luxury,390492.0488450769
Maharashtra,8,11,9,Moderate,265965.91593411035
Tamil Nadu,6,7,3,Budget,30567.316408805713
Uttarakhand,5,9,9,Budget,122017.22423717655
Delhi,12,14,5,Moderate,210112.17562806566
Maharashtra,3,12,6,Luxury,637107.1645545672
Tamil Nadu,7,4,7,Moderate,73526.92901460778
Kerala,8,9,3,Luxury,296583.9053706146
Rajasthan,3,3,4,Moderate,40205.30144415436
Kerala,5,14,5,Moderate,256538.74094350473
Rajasthan,11,12,1,Moderate,60358.273027797484
Goa,2,14,8,Moderate,335116.943731138
Agra,10,11,7,Moderate,178518.15736726657
Maharashtra,10,12,2,Moderate,89231.30600709605
Kerala,12,14,7,Luxury,1215075.6405203384
Agra,4,8,9,Luxury,348363.20847100066
Maharashtra,12,3,5,Budget,31623.815832554938
Delhi,4,3,6,Moderate,40221.95569689166
Goa,12,3,5,Budget,39884.09567470364
Delhi,8,9,1,Budget,17777.71008713165
Rajasthan,3,10,6,Moderate,176272.5413133691
Agra,5,14,7,Moderate,224554.74656768996
Maharashtra,11,3,5,Budget,26984.595414145126
Himachal Pradesh,5,6,3,Budget,43353.91389255769
Agra,2,11,6,Moderate,158262.64728762128
Karnataka,9,14,7,Moderate,223450.9634783637
Tamil Nadu,4,4,9,Moderate,63731.53249874322
Kerala,9,14,7,Luxury,709614.6213530452
Maharashtra,9,2,3,Budget,10738.096456804611
Uttarakhand,2,12,1,Budget,21373.376650683495
Uttarakhand,9,12,7,Budget,94290.9962745617
Tamil Nadu,9,3,8,Luxury,170807.738554867
Rajasthan,2,5,1,Budget,7657.081701024547
Agra,11,10,5,Moderate,124823.63797904819
Agra,6,4,8,Luxury,204267.0840426548
Uttarakhand,9,5,7,Budget,39173.54186527069
Agra,4,13,2,Luxury,220361.2579716179
Tamil Nadu,2,12,4,Luxury,400969.276751682
Agra,7,11,6,Moderate,143201.72446443178
Rajasthan,9,1,7,Luxury,57414.16269398287
Kerala,6,4,7,Moderate,78893.85249820507
Karnataka,11,11,3,Moderate,150615.1739372056
Kerala,11,10,8,Budget,172217.41435666662
Karnataka,4,3,7,Moderate,58266.44627885028
Himachal Pradesh,1,13,4,Budget,87411.62389124527
Kerala,4,2,4,Budget,14967.494505332075
Tamil Nadu,3,7,4,Budget,43767.169475119765
Goa,7,10,5,Moderate,160195.00669927528
Himachal Pradesh,11,9,2,Budget,31122.89534586477
Karnataka,11,1,9,Moderate,26173.033262817415
Karnataka,10,12,6,Moderate,183095.0613860445
Himachal Pradesh,5,7,8,Budget,99327.81242938674
Karnataka,12,11,1,Moderate,52949.16087001173
Maharashtra,3,12,6,Budget,104008.36678350985
Goa,2,1,6,Budget,9827.367779752767
Tamil Nadu,2,5,8,Budget,48242.53873108228
Maharashtra,5,1,1,Luxury,12055.68891761539
Karnataka,8,3,5,Moderate,45794.86948488796
Kerala,8,8,3,Luxury,254055.77645921902
Maharashtra,12,13,6,Luxury,984568.2404290906
Kerala,5,4,9,Moderate,84433.90613026022
Himachal Pradesh,2,12,3,Moderate,117920.4307335821
Agra,4,1,9,Budget,7306.052266284439
Delhi,7,1,9,Luxury,54135.61009667394
Karnataka,6,8,1,Moderate,31105.642984362683
Delhi,10,14,2,Budget,42022.69826340779
Goa,7,8,4,Moderate,129941.34045488053
Kerala,5,4,7,Moderate,66890.41816078464
Maharashtra,2,4,2,Budget,15322.970989867847
Delhi,8,10,7,Moderate,169747.3470347176
Rajasthan,12,11,5,Budget,101505.56971464622
Karnataka,2,2,7,Luxury,114787.83454849501
Delhi,12,2,9,Budget,19977.15801126541
Maharashtra,8,12,9,Moderate,238681.20029446654
Maharashtra,7,6,3,Luxury,196032.75110122387
Goa,3,8,3,Luxury,312446.34445809905
Uttarakhand,4,7,7,Budget,62513.94453556737
Tamil Nadu,7,7,5,Budget,50025.60716899878
Rajasthan,4,3,5,Budget,20785.82955058538
Delhi,9,12,5,Luxury,469616.72021251876
Tamil Nadu,7,2,9,Budget,16758.357815581774
Rajasthan,1,10,4,Moderate,166917.0614311454
Uttarakhand,1,7,6,Luxury,282289.4426098817
Delhi,4,4,6,Budget,27427.9570840426
Rajasthan,9,1,7,Luxury,47135.082590998514
Tamil Nadu,4,1,2,Moderate,5532.511595670865
Kerala,5,4,6,Moderate,61359.27357268728
Maharashtra,1,5,9,Moderate,127327.40362956637
Agra,2,5,3,Budget,19352.062556894063
Himachal Pradesh,11,1,2,Budget,4072.9103909813807
Karnataka,4,3,8,Luxury,198864.99767403738
Agra,12,6,1,Budget,11057.377674455362
Delhi,4,10,8,Luxury,611681.0991799776
Delhi,11,7,5,Budget,60885.50724057264
Rajasthan,10,11,9,Moderate,207748.93415746337
Maharashtra,6,1,9,Budget,9784.208409301942
Uttarakhand,6,8,4,Budget,52603.945774219064
Goa,8,4,1,Budget,7733.1531131314405
Rajasthan,12,13,5,Moderate,244341.57811703873
Goa,9,9,7,Luxury,519782.58357507107
Himachal Pradesh,1,11,9,Budget,102522.42951020932
Tamil Nadu,1,11,9,Moderate,236579.58542496074
Rajasthan,6,6,9,Budget,56754.44669674743
Himachal Pradesh,4,1,6,Budget,8150.3288564555005
Karnataka,11,2,2,Moderate,17712.09941462501
Rajasthan,4,3,5,Budget,20319.118430416198
Maharashtra,1,2,3,Budget,12465.908637034217
Maharashtra,9,10,6,Budget,99947.54021040897
Delhi,12,7,5,Budget,67270.79939790191
Karnataka,11,12,1,Budget,29123.1557141365
Delhi,3,1,2,Moderate,6478.532945594222
Goa,5,9,5,Moderate,155957.47810356115
Agra,10,2,6,Budget,11631.527293369641
Uttarakhand,1,4,1,Budget,6701.579490148129
Karnataka,8,8,7,Luxury,398912.44107086764
Tamil Nadu,3,11,3,Moderate,103405.98029140919
Uttarakhand,1,3,1,Budget,5174.643918840249
Uttarakhand,10,9,7,Luxury,471597.13863287715
Kerala,6,7,7,Moderate,139185.9703494255
Rajasthan,1,10,3,Luxury,467346.8930382665
Tamil Nadu,3,12,6,Luxury,570394.4590076434
Karnataka,5,12,4,Budget,72150.90564246656
Delhi,4,3,4,Budget,15742.426445747402
Goa,7,3,9,Moderate,67261.25673070425
Rajasthan,6,5,7,Luxury,283842.79577566247
Kerala,12,5,6,Luxury,409182.2452023272
Goa,3,10,9,Budget,127534.75412473507
Karnataka,11,5,3,Moderate,65443.82580122876
Agra,8,12,4,Budget,64266.90657996768
Uttarakhand,8,13,9,Moderate,248635.2317636664
Kerala,2,9,4,Luxury,321633.37118253787
Goa,7,9,7,Moderate,222481.11686141006
Delhi,1,6,9,Luxury,446527.42936498654
Kerala,2,11,4,Moderate,167686.9780545838
Goa,8,11,9,Budget,142906.25215336322
Kerala,12,7,7,Budget,95935.52945290512
Delhi,1,10,4,Budget,63129.29561230494
Delhi,2,8,3,Moderate,67200.19296876513
Tamil Nadu,12,9,6,Luxury,480981.91048336483
Maharashtra,1,6,3,Budget,39488.276396963505
Uttarakhand,5,8,7,Moderate,183740.9143035103
Rajasthan,7,2,1,Moderate,7006.883044879571
Rajasthan,6,10,7,Budget,76111.35693290831
Karnataka,6,8,3,Budget,33992.91919028694
Himachal Pradesh,6,13,9,Budget,165910.25111694576
Karnataka,8,11,6,Budget,81870.03562486869
Himachal Pradesh,5,2,7,Moderate,55575.701661245614
Kerala,10,8,9,Luxury,485006.9075716618
Himachal Pradesh,7,2,6,Luxury,90092.14495611675
Maharashtra,3,3,2,Moderate,25774.13197394784
Maharashtra,9,7,6,Luxury,449348.66920540686
Uttarakhand,10,11,6,Moderate,139414.91808397273
Goa,3,9,2,Moderate,87639.71871160394
Rajasthan,6,3,7,Moderate,58399.83652859572
Uttarakhand,3,5,9,Luxury,260997.626988414
Maharashtra,1,9,4,Moderate,144774.64037687486
Goa,1,7,5,Moderate,168479.82626853697
Karnataka,3,14,6,Budget,127873.5388482031
Rajasthan,4,2,1,Budget,3609.9769322894226
Tamil Nadu,2,5,8,Luxury,269083.2792387413
Rajasthan,9,5,9,Budget,52365.42899146073
Kerala,11,9,1,Budget,26545.947988392665
Agra,8,2,4,Budget,9796.411730041742
Rajasthan,12,1,6,Moderate,25484.084539411175
Maharashtra,3,4,1,Budget,7888.994890470909
Kerala,7,4,3,Luxury,122909.75662604789
Delhi,4,1,7,Moderate,16538.21440881705
Himachal Pradesh,5,10,8,Luxury,918644.5902950924
Karnataka,4,7,8,Luxury,437872.1399521017
Tamil Nadu,9,2,5,Luxury,74244.08877471922
Karnataka,11,11,1,Luxury,130854.62495933734
Delhi,7,13,1,Luxury,132109.88075954907
Agra,4,9,8,Budget,72823.05977289708
Rajasthan,8,7,5,Budget,51590.83033696846
Uttarakhand,2,13,9,Luxury,613354.1597473387
Kerala,7,13,1,Luxury,144272.00901846203
Tamil Nadu,11,12,2,Budget,50968.94683018128
Delhi,1,12,4,Luxury,496353.4648933444
Agra,8,14,7,Budget,97162.58315377675
Karnataka,12,7,4,Luxury,335628.9833989594
Delhi,6,1,8,Luxury,54073.82671326521
Tamil Nadu,12,14,7,Moderate,251021.16865209801
Tamil Nadu,5,9,5,Luxury,346702.0518154582
Agra,9,10,7,Moderate,131309.0116968597
Karnataka,9,9,8,Luxury,485126.32534866873
Maharashtra,3,2,3,Moderate,22125.219179822216
Tamil Nadu,9,10,3,Budget,44790.48822714065
Kerala,9,9,2,Luxury,220076.42673072562
Kerala,2,2,4,Budget,13130.569853296498
Himachal Pradesh,5,13,4,Moderate,238368.15275848
Karnataka,11,2,4,Moderate,34277.03465238513
Delhi,2,13,2,Moderate,94705.53302667178
Kerala,1,13,7,Moderate,352045.4318809613
Agra,7,13,3,Budget,48124.46922735448
Delhi,4,8,1,Moderate,29366.650586121876
Karnataka,5,3,2,Luxury,65079.457492610796
Agra,4,14,5,Moderate,170362.39717907435
Rajasthan,6,3,9,Budget,25408.722492164623
Goa,11,7,4,Budget,77014.4287896958
Kerala,2,10,6,Luxury,582018.0268615601
Kerala,8,6,3,Budget,34573.276074398294
Himachal Pradesh,4,7,9,Moderate,129211.66986637244
Maharashtra,8,6,2,Luxury,140488.24607817782
Himachal Pradesh,3,14,8,Luxury,815657.0387740599
Karnataka,12,9,3,Budget,54084.88660152293
Himachal Pradesh,12,2,8,Luxury,164049.87810112553
Maharashtra,11,8,3,Moderate,108920.03183080902
Maharashtra,5,11,4,Moderate,171836.61945162754
Tamil Nadu,12,6,8,Budget,59727.52633977251
Tamil Nadu,3,14,4,Moderate,159531.63923773024
Goa,12,4,9,Moderate,150469.98594106993
Agra,7,6,9,Budget,55048.80758648034
Rajasthan,3,6,6,Moderate,98886.77281690747
Maharashtra,12,12,1,Budget,26889.558097633846
Rajasthan,8,10,9,Budget,96837.67470961576
Kerala,9,3,9,Budget,33973.85199742459
Uttarakhand,12,8,7,Luxury,449322.5773408555
Goa,2,5,9,Moderate,106019.90011697193
Karnataka,3,11,8,Moderate,181100.22705379603
Delhi,12,10,9,Moderate,196063.13057667593
Rajasthan,7,11,9,Budget,91153.70469436665
Himachal Pradesh,5,4,7,Budget,59296.60054627873
Maharashtra,10,14,6,Moderate,241319.5041652003
Rajasthan,7,14,2,Moderate,84848.29747642574
Delhi,2,13,7,Moderate,246856.0019252894
Maharashtra,4,2,1,Moderate,9036.946498815909
Karnataka,1,14,6,Luxury,883421.1672741681
Uttarakhand,5,10,6,Budget,98433.27685977788
Himachal Pradesh,8,1,7,Luxury,48003.46413465504
Rajasthan,1,13,2,Moderate,142378.21435411138
Tamil Nadu,7,7,4,Budget,43520.540755427864
Goa,7,10,2,Luxury,255098.97690578955
Rajasthan,7,11,4,Luxury,409768.7949703266
Rajasthan,1,3,3,Budget,21119.96243800792
Delhi,12,3,2,Luxury,67428.0375502725
Delhi,11,3,2,Moderate,24229.402064495127
Goa,3,10,3,Luxury,385123.28311699966
Rajasthan,11,12,4,Luxury,576005.4010334086
Agra,2,13,7,Moderate,192860.9192747374
Karnataka,5,3,4,Moderate,40864.41590056118
Delhi,2,2,7,Luxury,102146.48759823988
Delhi,5,6,4,Moderate,64050.67931124078
Agra,5,14,3,Budget,62989.02267249498
Maharashtra,4,10,8,Budget,114895.61599937466
Rajasthan,11,3,3,Moderate,44215.72407866832
Goa,7,1,8,Moderate,24464.732509862155
Delhi,10,10,2,Budget,30706.976437598416
Goa,6,13,3,Budget,78792.8893274062
Goa,2,13,4,Luxury,565550.0114737742
Karnataka,4,9,3,Luxury,296718.7110975143
Tamil Nadu,11,6,6,Luxury,329301.56344682834
Delhi,7,6,9,Luxury,362377.00601900654
Himachal Pradesh,9,10,8,Budget,103551.33357941336
Maharashtra,9,9,4,Budget,63946.16208725567
Goa,12,2,2,Budget,13997.930666591397
Delhi,3,10,1,Moderate,36211.351572860214
Maharashtra,1,9,4,Budget,70791.56417447311
Himachal Pradesh,9,14,5,Moderate,199441.34631666975
Delhi,8,12,2,Moderate,87627.60033280478
Rajasthan,7,3,3,Moderate,32102.672714214368
Goa,6,3,4,Luxury,139683.03025468905
Himachal Pradesh,10,3,3,Moderate,29723.082458636716
Rajasthan,7,1,8,Budget,9441.282431067122
Goa,11,10,2,Budget,63807.709570558574
Kerala,9,7,9,Budget,83349.63484804986
Uttarakhand,6,10,6,Budget,110869.75709209389
Agra,10,13,1,Budget,19243.498632285402
Goa,3,7,8,Budget,89383.58513829573
Himachal Pradesh,3,2,6,Moderate,31049.732038039332
Himachal Pradesh,4,6,4,Budget,37293.872387085736
Uttarakhand,10,4,6,Moderate,50335.518996463004
Delhi,10,11,2,Luxury,239713.63432420776
Agra,8,7,1,Budget,11997.015866857906
Maharashtra,10,14,6,Luxury,812080.6550720441
Goa,9,14,8,Luxury,1061373.767569133
Delhi,8,7,5,Luxury,285320.59952165984
Rajasthan,11,4,8,Budget,55608.238131999475
Maharashtra,10,3,3,Moderate,32462.1124013266
Agra,2,7,6,Luxury,300241.86863884766
Delhi,4,9,1,Budget,14551.007274052294
Tamil Nadu,4,4,3,Moderate,31932.46614759617
Maharashtra,12,6,4,Luxury,345328.42709866335
Karnataka,2,7,5,Budget,57460.93479570814
Karnataka,8,10,3,Moderate,109938.7536730447
Goa,3,3,8,Moderate,76971.68706039239
Goa,2,5,5,Budget,48098.31720974481
Goa,7,12,7,Luxury,883045.2839747778
Agra,1,14,5,Budget,92036.88111689892
Tamil Nadu,6,1,8,Luxury,57200.499415631624
Delhi,3,6,1,Budget,11816.043677164267
Rajasthan,3,5,3,Moderate,50311.85376265929
Kerala,5,7,3,Moderate,77853.29049883562
Himachal Pradesh,3,9,3,Moderate,85028.61965191863
Rajasthan,12,11,6,Moderate,288421.8034021017
Delhi,4,4,9,Moderate,77342.44562091652
Tamil Nadu,3,9,6,Budget,69043.64269490103
Agra,7,13,5,Budget,80493.53501548443
Maharashtra,3,6,1,Budget,13986.426426135798
Rajasthan,10,5,2,Luxury,88886.54179074518
Maharashtra,4,2,1,Luxury,21886.242831738247
Kerala,2,1,6,Moderate,16509.51228121605
Delhi,2,8,3,Moderate,75413.11128838404
Tamil Nadu,9,12,5,Moderate,156946.6416477494
Delhi,11,12,6,Luxury,682855.7668798532
Himachal Pradesh,1,6,5,Luxury,241944.63721731593
Agra,1,14,3,Budget,74018.51970914417
Himachal Pradesh,10,7,2,Luxury,142619.40970068247
Delhi,1,6,2,Moderate,53815.63555274267
Himachal Pradesh,3,10,2,Budget,39781.80327110084
Uttarakhand,2,13,4,Luxury,368750.50010469084
Delhi,3,14,4,Budget,72143.56230248512
Tamil Nadu,5,7,3,Luxury,194349.95204309616
Rajasthan,9,9,8,Luxury,429082.0393025823
Tamil Nadu,2,14,4,Luxury,481395.87599076645
Uttarakhand,12,5,8,Moderate,101774.29401897526
Rajasthan,11,1,3,Luxury,42261.537458361694
Uttarakhand,1,1,2,Moderate,5932.450499963904
Rajasthan,11,9,8,Budget,126201.3731001674
Tamil Nadu,6,5,6,Luxury,213140.23034685085
Delhi,3,14,2,Moderate,83046.51803430013
Goa,7,13,7,Moderate,316070.2724552716
Karnataka,6,13,7,Budget,110749.5816311365
Karnataka,11,11,4,Budget,72254.19338825541
Uttarakhand,7,13,8,Budget,108179.30084551706
Karnataka,5,2,3,Luxury,66731.35195774004
Tamil Nadu,1,3,9,Luxury,179795.4874825836
Maharashtra,3,1,5,Budget,8275.897401523285
Uttarakhand,3,6,3,Luxury,150974.20673340358
Rajasthan,7,12,9,Moderate,196072.31876783434
Agra,3,6,2,Moderate,37979.2398752056
Himachal Pradesh,11,3,2,Luxury,70026.63240918162
Tamil Nadu,5,3,3,Luxury,70465.4122519785
Rajasthan,4,7,9,Moderate,117700.66378215785
Maharashtra,4,1,3,Moderate,9674.999494656455
Agra,7,5,5,Luxury,206228.78394255153
Karnataka,1,13,9,Luxury,911550.9356610426
Maharashtra,7,3,6,Budget,32010.465306451013
Uttarakhand,8,5,6,Budget,35137.54732609912
Kerala,3,11,1,Luxury,116310.49437858883
Kerala,3,14,2,Moderate,101398.90783509277
Karnataka,4,4,9,Luxury,233878.56463837894
Kerala,6,6,8,Moderate,112692.44150323841
Kerala,7,12,2,Luxury,236951.92487745287
Rajasthan,1,9,5,Luxury,535789.7556910339
Rajasthan,4,2,5,Moderate,28330.06348046674
Himachal Pradesh,12,10,6,Moderate,221827.51990178673
Delhi,7,8,4,Luxury,324900.0426106783
Karnataka,11,14,9,Moderate,333793.4913241398
Kerala,2,13,5,Moderate,184928.95540222485
Himachal Pradesh,1,2,4,Luxury,75508.20065140215
Karnataka,1,4,9,Budget,50939.89034167146
Kerala,10,9,2,Budget,34068.14269398748
Tamil Nadu,6,4,2,Moderate,23810.203808249244
Goa,12,7,3,Luxury,337521.34955022426
Tamil Nadu,5,11,4,Moderate,121922.51057378406
Agra,1,5,9,Luxury,256379.34765359547
Karnataka,10,13,5,Budget,92473.66231479308
Delhi,3,2,2,Budget,5884.3674121404065
Agra,11,8,3,Budget,40934.73372058897
Himachal Pradesh,7,11,8,Moderate,235135.92866912615
Himachal Pradesh,12,10,6,Budget,110488.55480785217
Kerala,9,10,5,Budget,69793.18184545595
Agra,9,2,4,Moderate,19463.826298197677
Kerala,6,3,4,Luxury,124622.57417938954
Karnataka,3,10,8,Budget,103932.69316772498
Himachal Pradesh,1,7,6,Luxury,348639.18393824605
Goa,3,5,5,Luxury,259141.57756708813
Himachal Pradesh,10,10,5,Moderate,170620.15472014082
Rajasthan,2,11,6,Luxury,511904.8452228863
Maharashtra,11,3,3,Luxury,120532.70716842703
Delhi,5,12,7,Moderate,200243.34513454032
Agra,8,2,1,Luxury,17261.38581528098
Kerala,5,11,5,Budget,94031.94618454106
Maharashtra,1,6,6,Moderate,127171.49319897495
Maharashtra,3,10,2,Moderate,76897.89241112632
Tamil Nadu,12,1,2,Moderate,7032.585783443652
Uttarakhand,5,8,9,Budget,98809.38513243567
Tamil Nadu,7,5,2,Luxury,107039.93912537457
Tamil Nadu,5,5,3,Luxury,129251.37383926951
Delhi,10,14,1,Luxury,167647.78113951036
Rajasthan,5,2,9,Budget,19788.443849775602
Himachal Pradesh,7,7,1,Luxury,86872.96822877592
Tamil Nadu,8,5,4,Luxury,159868.33367042695
Karnataka,8,8,7,Budget,66524.5273344193
Himachal Pradesh,7,5,2,Budget,18465.927414130652
Rajasthan,3,9,8,Luxury,563746.5300963743
Kerala,11,5,8,Budget,82918.43999839564
Uttarakhand,2,13,3,Budget,59220.0122467512
Himachal Pradesh,1,3,4,Budget,19089.89546683616
Agra,6,13,7,Moderate,212855.86407107848
Delhi,9,2,5,Moderate,29654.529689022555
Maharashtra,3,5,5,Luxury,265221.1666355203
Kerala,5,10,2,Luxury,213809.22853655144
Rajasthan,9,13,6,Budget,116433.13700607992
Tamil Nadu,9,10,4,Luxury,311394.1717987701
Karnataka,7,5,5,Moderate,74525.85251459965
Karnataka,4,6,5,Luxury,253577.28993515545
Uttarakhand,11,2,2,Luxury,32986.404384406895
Rajasthan,2,5,8,Moderate,81283.74919765531
Kerala,2,1,1,Moderate,3751.467914313684
Agra,4,3,2,Budget,9034.732224071638
Maharashtra,1,3,7,Budget,42320.34810225212
Tamil Nadu,4,3,7,Budget,26825.547453164585
Delhi,12,3,2,Luxury,65744.6172660725
Goa,11,8,1,Luxury,141510.86232548504
Goa,6,1,1,Luxury,14256.056528899084
Tamil Nadu,6,6,1,Moderate,17008.40490099753
Kerala,7,6,6,Luxury,358906.7318195941
Tamil Nadu,5,1,7,Moderate,17749.23210626692
Rajasthan,9,13,2,Luxury,282201.3530924813
Goa,2,1,6,Luxury,61705.36120424608
Uttarakhand,2,3,4,Moderate,37276.84526205575
Rajasthan,4,8,9,Moderate,149311.5000293402
Goa,4,6,8,Moderate,160892.74741756023
Agra,4,4,8,Budget,34774.31724026735
Maharashtra,1,5,2,Budget,21257.824456500406
Karnataka,4,10,5,Luxury,496600.35293408926
Rajasthan,12,14,2,Luxury,394424.745645511
Karnataka,5,3,3,Luxury,97145.51981398294
Karnataka,9,14,8,Budget,114486.45088715655
Goa,3,11,5,Luxury,554056.0024532463
Rajasthan,3,11,4,Moderate,141049.26768747062
Maharashtra,5,6,5,Moderate,115083.78282562354
Agra,10,6,8,Budget,42180.31477929021
Himachal Pradesh,6,6,7,Moderate,154503.50148008388
Uttarakhand,3,9,6,Moderate,132989.15769231465
Karnataka,1,14,2,Luxury,402416.50309312035
Maharashtra,10,10,5,Moderate,165644.7553885713
Delhi,8,13,9,Moderate,277655.8449413662
Delhi,12,11,9,Budget,142634.7501173102
Himachal Pradesh,1,8,9,Moderate,185909.49045434647
Himachal Pradesh,2,6,3,Moderate,66153.5542151609
Himachal Pradesh,3,2,9,Luxury,109314.45383034776
Uttarakhand,6,4,9,Luxury,299223.3029511353
Uttarakhand,4,6,5,Luxury,247923.7712464559
Agra,4,9,6,Budget,69040.66059329809
Karnataka,9,11,7,Luxury,648180.1970959796
Kerala,6,2,6,Moderate,36420.49788947924
Delhi,12,6,5,Budget,45942.07467017336
Goa,2,10,1,Moderate,44420.256992500385
Goa,7,11,4,Moderate,175282.81020262936
Himachal Pradesh,3,10,8,Luxury,561606.7154900157
Tamil Nadu,9,10,8,Budget,84679.03466843144
Delhi,6,7,6,Budget,47143.3473266778
Kerala,8,14,3,Luxury,505177.7272985312
Kerala,1,14,8,Budget,187917.86173701903
Goa,2,8,7,Moderate,171599.638732258
Tamil Nadu,6,13,9,Budget,116211.33559119148
Kerala,3,9,3,Moderate,110975.70967979587
Delhi,1,5,6,Budget,53418.44271641658
Karnataka,6,9,1,Budget,17381.06858279119
Maharashtra,5,9,8,Luxury,604549.428788082
Tamil Nadu,9,13,2,Luxury,234740.6750779738
Kerala,6,11,5,Budget,75884.70678109054
Tamil Nadu,5,7,6,Moderate,96705.94901080462
Tamil Nadu,1,2,4,Luxury,89211.13060664241
Karnataka,1,8,9,Luxury,601019.2934422725
Delhi,11,12,3,Luxury,446748.4002682634
Goa,1,5,2,Budget,35303.76173898577
Karnataka,7,13,3,Moderate,112813.16146645037
Kerala,6,11,5,Moderate,167401.1474153417
Himachal Pradesh,5,8,1,Budget,22403.503523029187
Karnataka,4,2,4,Moderate,27825.110871371107
Himachal Pradesh,11,14,1,Luxury,174032.6144661715
Rajasthan,11,7,9,Moderate,193814.9700439279
Goa,8,5,3,Luxury,205875.22328736074
Delhi,11,4,2,Luxury,90035.00062386383
Maharashtra,8,10,5,Budget,80869.56251432307
Tamil Nadu,5,13,1,Luxury,116399.65833648165
Himachal Pradesh,4,6,7,Moderate,102567.46836175951
Maharashtra,2,5,9,Moderate,96686.42041996967
Maharashtra,7,6,1,Moderate,23752.18985905242
Himachal Pradesh,5,9,8,Moderate,234528.1853075305
Maharashtra,3,1,8,Moderate,19004.786355089596
Tamil Nadu,9,13,7,Luxury,600450.1708285598
Agra,9,11,4,Budget,52757.280429051636
Rajasthan,11,1,7,Budget,14016.476913705432
Himachal Pradesh,11,13,2,Moderate,84180.59409676387
Tamil Nadu,10,6,6,Luxury,285349.36451169016
Goa,11,2,5,Budget,24002.889105062113
Himachal Pradesh,8,8,5,Moderate,121462.6103571741
Tamil Nadu,1,7,8,Luxury,463097.9938244209
Tamil Nadu,12,6,1,Budget,12259.40806619951
Karnataka,3,4,8,Luxury,240984.03021767177
Agra,2,9,4,Moderate,83713.45010512938
Himachal Pradesh,4,7,6,Luxury,394371.0955342787
Delhi,2,7,6,Budget,62601.84319337577
Tamil Nadu,12,5,1,Budget,8873.477240963211
Rajasthan,11,1,8,Luxury,91439.72402539954
Karnataka,8,14,4,Budget,85357.21683448134
Tamil Nadu,1,14,9,Luxury,951701.8412663153
Himachal Pradesh,4,2,7,Luxury,111945.24658294587
Kerala,5,8,4,Moderate,118374.59466675871
Tamil Nadu,10,11,1,Moderate,31348.12698062057
Uttarakhand,4,5,9,Luxury,245489.8841169451
Kerala,8,2,6,Budget,15556.42811953109
Tamil Nadu,2,12,6,Moderate,201813.26950433868
Maharashtra,9,5,1,Budget,9460.975865637607
Tamil Nadu,2,8,5,Luxury,309630.6542419852
Goa,2,4,4,Budget,31898.475637100102
Maharashtra,2,3,1,Budget,6227.237359813821
Himachal Pradesh,12,5,7,Luxury,395306.6338903512
Rajasthan,10,13,4,Moderate,140963.45490491812
Kerala,8,7,3,Moderate,65780.2188426198
Delhi,3,2,2,Budget,6165.98983084053
Karnataka,10,1,8,Luxury,54553.88210920345
Rajasthan,11,13,5,Luxury,798315.4703787611
Maharashtra,10,11,9,Moderate,234208.09452817313
Karnataka,8,5,5,Luxury,191085.0104558041
Kerala,7,13,1,Luxury,137027.6527689967
Delhi,10,13,5,Budget,95745.24121236164
Uttarakhand,4,7,5,Budget,38928.78091694967
Uttarakhand,7,13,8,Moderate,186871.07789250763
Delhi,11,8,6,Moderate,165342.62375170703
Karnataka,8,11,5,Budget,70197.16555391476
Himachal Pradesh,6,8,8,Luxury,578035.9661116356
Karnataka,6,10,1,Luxury,112648.7718373809
Tamil Nadu,3,9,5,Budget,58381.48759819176
Karnataka,5,11,3,Budget,62600.792707386405
Himachal Pradesh,10,11,5,Budget,94556.11410639835
Rajasthan,2,12,3,Budget,59425.31946807631
Kerala,12,1,4,Luxury,53339.485973533636
Karnataka,5,7,9,Luxury,419981.54858758516
Kerala,5,10,2,Moderate,65627.52262444068
Maharashtra,7,8,1,Budget,18856.003101163587
Uttarakhand,4,6,4,Moderate,68413.10739678066
Uttarakhand,11,10,8,Luxury,510266.71281207696
Himachal Pradesh,6,14,5,Moderate,291476.33483448817
Maharashtra,9,12,9,Luxury,818860.0876629901
Uttarakhand,4,4,3,Luxury,100578.76417496118
Himachal Pradesh,11,7,9,Moderate,126386.56790758378
Karnataka,6,3,1,Moderate,11636.084883802008
Maharashtra,12,2,2,Budget,11002.089062983185
Tamil Nadu,9,6,9,Luxury,283470.9843726853
Tamil Nadu,10,2,9,Budget,20461.895960097572
Tamil Nadu,12,6,5,Budget,53216.87366578977
Rajasthan,1,10,4,Luxury,598825.7597808148
Tamil Nadu,8,3,9,Moderate,58772.57887773207
Maharashtra,1,14,2,Budget,75549.49111342448
Goa,4,2,3,Budget,11225.717355369165
Uttarakhand,3,13,8,Luxury,636724.144386717
Tamil Nadu,4,8,1,Moderate,26240.134063228135
Maharashtra,7,4,2,Moderate,27782.978764569605
Agra,9,12,5,Budget,82388.62980113905
Karnataka,9,14,7,Luxury,804735.8773148917
Rajasthan,10,4,9,Budget,37250.802521335165
Kerala,1,7,3,Moderate,130146.73589241567
Himachal Pradesh,10,8,4,Budget,48148.145582849465
Agra,1,12,1,Luxury,123263.35975232047
Agra,9,13,1,Budget,17691.502173538538
Rajasthan,4,9,1,Moderate,28537.534977760835
Himachal Pradesh,12,10,4,Luxury,491927.06500832504
Rajasthan,3,8,9,Luxury,468682.68298597704
Tamil Nadu,9,14,8,Luxury,676208.5538525841
Kerala,5,4,4,Luxury,185316.59852528374
Himachal Pradesh,12,2,8,Luxury,181755.43347833
Maharashtra,6,10,7,Budget,92441.42227509872
Uttarakhand,1,5,6,Luxury,237641.95042416963
Rajasthan,1,7,2,Moderate,66591.9145356645
Kerala,7,2,3,Luxury,59507.81316935076
Karnataka,10,4,4,Moderate,54578.14901710443
Goa,8,6,7,Moderate,146469.25278968806
Karnataka,11,8,8,Moderate,210218.03441565286
Goa,8,10,8,Moderate,228399.38643961857
Delhi,7,13,4,Moderate,157582.58951151298
Maharashtra,11,6,9,Budget,84462.82777313198
Delhi,9,6,8,Moderate,113383.58629392734
Rajasthan,1,6,5,Moderate,122301.49941115406
Rajasthan,2,4,3,Moderate,33857.65205968451
Goa,3,13,2,Budget,48413.25869600134
Himachal Pradesh,12,3,9,Luxury,290042.7328551991
Kerala,5,1,1,Moderate,3839.8612397964175
Tamil Nadu,4,2,7,Budget,14621.014254115045
Agra,4,2,7,Budget,16832.552578916526
Rajasthan,8,10,1,Budget,19090.266386231397
Delhi,8,7,7,Luxury,412139.4050712863
Delhi,11,11,1,Budget,21567.123138935494
Karnataka,7,14,2,Moderate,97334.85360595291
Maharashtra,1,6,9,Moderate,178418.498433945
Goa,10,8,8,Moderate,190114.19304361753
Agra,4,9,9,Luxury,418368.3053749789
Goa,1,5,9,Budget,81787.23701971558
Rajasthan,11,11,4,Moderate,199988.27956866234
Uttarakhand,5,3,5,Moderate,55346.79118065439
Agra,3,4,7,Moderate,62693.99271973501
Karnataka,3,14,6,Luxury,760249.3937828839
Delhi,4,11,9,Moderate,184081.43889107244
Karnataka,2,8,2,Budget,29199.412473711174
Rajasthan,7,3,8,Budget,29605.003897191185
Uttarakhand,12,2,2,Luxury,49371.39008011607
Tamil Nadu,4,7,2,Luxury,122804.68295954101
Agra,5,14,3,Luxury,338123.6377280725
Goa,12,4,4,Budget,43284.89250810762
Agra,2,13,6,Luxury,528056.5685561617
Delhi,6,8,6,Luxury,356283.11491199216
Goa,9,1,2,Budget,4175.864818024731
Tamil Nadu,8,8,6,Moderate,133595.5299727598
Tamil Nadu,8,5,8,Luxury,289570.28699091554
Maharashtra,2,12,5,Moderate,231366.9814267106
Goa,4,2,1,Moderate,8962.533179327704
Kerala,8,1,8,Moderate,18728.562169295794
Uttarakhand,11,13,6,Moderate,209047.73603098877
Kerala,1,6,2,Luxury,211161.67279466626
Tamil Nadu,8,14,7,Luxury,729610.9854841938
Goa,3,9,8,Luxury,567848.1032744023
Maharashtra,8,9,2,Budget,33967.608379666046
Agra,6,9,1,Budget,12589.632993947138
Agra,7,11,6,Moderate,151162.13984853108
Agra,2,4,6,Budget,31027.119627593056
Maharashtra,1,6,8,Moderate,162547.98230657427
Rajasthan,6,14,7,Moderate,245348.37421583908
Goa,12,12,8,Luxury,1361813.0478857462
Kerala,3,10,5,Luxury,455349.3860911932
Uttarakhand,4,6,2,Budget,16889.462757887763
Tamil Nadu,9,5,5,Luxury,218079.82367728208
Uttarakhand,3,2,2,Budget,6920.046047349161
Tamil Nadu,2,7,9,Luxury,365396.7183023456
Goa,2,13,5,Luxury,605390.3025197193
Goa,2,1,1,Budget,2033.4334873235582
Karnataka,6,6,9,Moderate,132718.47639824808
Kerala,2,5,5,Budget,35459.737059888015
Delhi,11,5,1,Luxury,67970.81752946676
Tamil Nadu,7,8,9,Moderate,147702.6362358945
Himachal Pradesh,7,9,9,Luxury,591725.7541323473
Delhi,7,7,9,Luxury,367917.23657612654
Agra,2,10,6,Luxury,346477.0874604942
Uttarakhand,7,13,2,Moderate,68126.65723717333
Goa,10,8,7,Luxury,564897.135421255
Himachal Pradesh,8,14,2,Budget,52259.331882006634
Tamil Nadu,8,2,4,Budget,12365.965253390263
Rajasthan,2,2,4,Budget,11540.312997691657
Tamil Nadu,5,12,7,Moderate,197273.75512757056
Uttarakhand,6,8,6,Budget,87498.57029519146
Tamil Nadu,9,6,7,Luxury,290767.5363778348
Tamil Nadu,6,8,6,Moderate,136382.9413481208
Maharashtra,10,14,1,Luxury,189253.82972095787
Kerala,6,9,4,Luxury,387393.47811326064
Delhi,10,9,3,Luxury,278230.78134232614
Rajasthan,10,11,7,Budget,102168.78967707165
Goa,6,6,7,Budget,60587.3522048923
Tamil Nadu,9,8,4,Moderate,81961.21882634528
Rajasthan,10,2,7,Moderate,35391.504184930556
Karnataka,7,8,4,Budget,49354.583724472555
Tamil Nadu,1,3,9,Budget,35651.60734794686
Maharashtra,1,14,3,Luxury,535546.774678334
Maharashtra,4,1,2,Budget,3787.538757505525
Himachal Pradesh,12,7,5,Luxury,402144.68637551257
Agra,2,1,9,Budget,9270.632986408535
Uttarakhand,3,14,3,Luxury,321081.28976602014
Delhi,12,11,1,Budget,26446.496946614705
Karnataka,7,1,9,Budget,10608.558813926731
Uttarakhand,7,1,5,Moderate,11222.341329858242
Uttarakhand,12,4,2,Moderate,30493.54598753184
Himachal Pradesh,3,13,6,Luxury,632282.1217674483
Maharashtra,2,14,3,Moderate,147345.76241465143
Kerala,1,12,9,Moderate,443985.68536417786
Rajasthan,9,13,3,Budget,63513.611169125346
Goa,10,14,2,Luxury,313249.02932012023
Kerala,3,12,3,Moderate,130587.73153583572
Kerala,9,4,6,Moderate,80578.21952615009
Agra,4,14,3,Budget,55274.25275487805
Agra,10,10,9,Budget,85036.97252731469
Kerala,6,11,9,Budget,128536.58357480359
Maharashtra,7,6,9,Luxury,369664.87473229587
Uttarakhand,10,12,2,Budget,40370.6001094859
Rajasthan,6,10,7,Luxury,506600.546096609
Uttarakhand,1,12,2,Budget,31628.400009199402
Uttarakhand,6,3,1,Moderate,14967.738455766577
Uttarakhand,11,10,5,Luxury,391413.48986710573
Rajasthan,6,6,8,Budget,49658.51028442125
Rajasthan,5,13,3,Budget,58061.06029990225
Himachal Pradesh,3,7,7,Moderate,133052.62165344888
Delhi,10,11,6,Moderate,166710.1955088831
Kerala,3,1,1,Moderate,3680.0584556525423
Tamil Nadu,11,14,7,Budget,134984.93161058458
Himachal Pradesh,10,14,3,Moderate,130067.99049812954
Himachal Pradesh,7,6,4,Moderate,71598.5380668787
Goa,8,10,2,Luxury,281642.1851280991
Tamil Nadu,3,1,1,Luxury,9093.767425561648
Agra,3,7,5,Luxury,266769.7793107738
Goa,7,10,6,Budget,93670.5205761624
Agra,10,5,2,Luxury,78123.01810873237
Delhi,12,10,6,Budget,87445.26001372871
Karnataka,7,14,6,Moderate,230883.07685263612
Agra,11,4,8,Budget,33467.01330421637
Uttarakhand,9,1,8,Budget,7338.104896334526
Agra,6,9,6,Moderate,130858.19696695125
Tamil Nadu,7,7,7,Luxury,291008.26454913476
Rajasthan,11,2,4,Luxury,103420.60672791605
Tamil Nadu,10,4,5,Luxury,153459.55537871388
Delhi,1,4,6,Moderate,84514.17766660883
Himachal Pradesh,7,8,6,Budget,74032.55739447453
Uttarakhand,2,2,3,Moderate,17335.34817208998
Karnataka,7,11,9,Moderate,218448.9894806051
Delhi,3,5,4,Moderate,60670.983198858405
Himachal Pradesh,9,10,8,Moderate,189172.03349723123
Maharashtra,5,8,4,Budget,60560.517906635076
Tamil Nadu,7,6,6,Luxury,282221.047224094
Delhi,8,4,1,Luxury,42940.648652246724
Tamil Nadu,12,5,2,Moderate,32628.1196400308
Karnataka,2,2,6,Budget,14786.054094867986
Himachal Pradesh,11,5,3,Moderate,44209.46189089127
Tamil Nadu,1,3,7,Budget,31014.035682377078
Rajasthan,7,12,1,Moderate,41717.75596967358
Agra,6,3,3,Luxury,82850.43817690042
Goa,6,7,3,Luxury,289773.4748945697
Karnataka,2,3,1,Moderate,12092.908825472714
Goa,3,4,4,Luxury,180463.1342901178
Kerala,4,7,8,Moderate,137578.18544769564
Agra,3,14,7,Budget,93669.0741100443
Karnataka,2,3,7,Budget,25012.559804845805
Delhi,3,10,5,Budget,80296.68759751877
Rajasthan,6,10,4,Budget,60041.725579419886
Delhi,9,13,6,Moderate,174790.170190873
Maharashtra,4,2,2,Luxury,41334.227573331664
Kerala,6,10,1,Budget,19752.59729673617
Rajasthan,1,7,7,Luxury,531065.2344088901
Tamil Nadu,12,5,4,Moderate,65412.66401149316
Tamil Nadu,6,1,7,Luxury,53219.400554499385
Uttarakhand,12,12,6,Luxury,769992.6087627753
Tamil Nadu,3,10,9,Luxury,471637.5623334468
Himachal Pradesh,9,13,6,Moderate,213142.05558225905
Kerala,4,8,3,Moderate,88905.94392706615
Himachal Pradesh,7,3,7,Moderate,53890.748636018565
Agra,4,11,9,Luxury,487818.0090105215
Uttarakhand,11,7,6,Budget,52336.160719163854
Uttarakhand,6,6,7,Budget,67876.11639807124
Tamil Nadu,7,10,8,Luxury,588098.6820415745
Rajasthan,2,12,4,Budget,72708.12627508241
Agra,10,13,5,Budget,86758.5635181592
Maharashtra,6,14,4,Luxury,680582.9732193649
Kerala,8,6,1,Moderate,23530.44461832717
Kerala,12,13,6,Budget,151959.8534376553
Karnataka,6,13,7,Moderate,210482.55837359276
Delhi,2,8,2,Budget,26631.682176278624
Tamil Nadu,4,13,6,Luxury,647424.4883421216
Karnataka,1,13,2,Luxury,344217.0202164003
Maharashtra,7,12,5,Moderate,183545.6142216464
Uttarakhand,8,13,1,Moderate,44109.03348465281
Goa,10,4,3,Moderate,54347.717755633545
Maharashtra,2,4,4,Moderate,49069.94518779422
Maharashtra,10,12,4,Luxury,474415.4567352302
Rajasthan,5,3,2,Luxury,53622.86170570728
Rajasthan,11,1,8,Luxury,88880.4107381684
Rajasthan,8,14,6,Moderate,246396.23061011906
Rajasthan,11,10,9,Luxury,864420.3401420343
Delhi,8,3,6,Luxury,156557.28442988536
Tamil Nadu,5,1,3,Budget,4664.746518261808
Kerala,8,6,2,Budget,23871.824864246908
Tamil Nadu,6,8,9,Budget,72984.47947618998
Tamil Nadu,5,3,3,Moderate,23121.59996200927
Kerala,11,14,6,Moderate,427553.3171309045
Rajasthan,4,12,2,Luxury,229041.50387554444
Tamil Nadu,5,4,7,Luxury,211653.65337306485
Delhi,12,5,1,Moderate,22952.902793981393
Rajasthan,4,7,9,Budget,75393.03169798803
Delhi,1,12,1,Luxury,143339.09562969286
Karnataka,3,11,9,Budget,126287.76604013286
Tamil Nadu,8,6,1,Luxury,55846.23725305702
Himachal Pradesh,7,2,1,Budget,3744.561987991215
Delhi,12,7,8,Luxury,487018.3545222541
Karnataka,7,8,1,Budget,13268.149508178663
Agra,11,14,8,Budget,121855.66262762809
Agra,3,12,3,Moderate,103851.78987473971
Karnataka,9,14,4,Luxury,603553.6836085233
Uttarakhand,6,1,2,Budget,4553.237480963515
Uttarakhand,8,6,6,Moderate,95790.78433913429
Rajasthan,8,11,7,Luxury,487422.18825998355
Uttarakhand,3,9,3,Moderate,79556.86041496774
Agra,4,7,9,Budget,63743.702642010474
Uttarakhand,6,5,3,Luxury,191368.23576101376
Himachal Pradesh,2,13,7,Budget,127437.16933686173
Agra,12,14,4,Budget,78046.9454302295
Delhi,12,10,5,Moderate,186201.5147955185
Maharashtra,11,11,9,Budget,166080.87269019082
Uttarakhand,12,10,3,Luxury,375291.26218446164
Uttarakhand,7,9,3,Moderate,76048.14950963171
Tamil Nadu,2,2,9,Budget,19553.56594210752
Kerala,11,7,9,Budget,112209.15313147135
Himachal Pradesh,5,9,4,Budget,89273.86229043402
Agra,12,2,1,Moderate,7167.418013865544
Agra,4,13,1,Luxury,119800.76759727139
Goa,9,11,9,Moderate,287188.88701814227
Kerala,2,10,6,Budget,83654.82681996537
Uttarakhand,7,6,5,Moderate,70967.31404477714
Karnataka,7,9,3,Budget,47218.591503439275
Tamil Nadu,7,14,3,Moderate,141726.34274203904
Delhi,1,3,2,Budget,11776.2079691794
Tamil Nadu,8,8,7,Moderate,144813.4363674715
Uttarakhand,2,14,9,Budget,121619.97374524071
Goa,5,5,6,Budget,57822.830506077604
Maharashtra,2,7,1,Moderate,31975.858645265336
Agra,5,13,6,Moderate,194430.70413391571
Delhi,7,12,8,Budget,115083.82794180672
Kerala,6,3,8,Luxury,207894.54304945486
Uttarakhand,12,8,3,Budget,49730.98556966495
Himachal Pradesh,5,2,1,Budget,5427.46947781482
Karnataka,4,13,5,Luxury,641911.8783447436
Tamil Nadu,8,8,6,Budget,50758.47916334813
Goa,11,2,9,Moderate,72435.894609792
Maharashtra,8,7,2,Moderate,62061.69865411349
Rajasthan,1,2,1,Luxury,28628.61303678693
Karnataka,10,7,7,Budget,72173.89444836468
Uttarakhand,2,1,2,Moderate,6518.857590100215
Maharashtra,3,6,2,Budget,25824.71827364481
Karnataka,1,10,3,Luxury,377493.55610039295
Karnataka,11,7,4,Moderate,104006.8547009896
Agra,3,4,7,Luxury,174333.81394748722
Karnataka,10,11,1,Budget,22420.255075087724
Himachal Pradesh,12,11,6,Budget,117415.6432047993
Maharashtra,8,1,7,Budget,10358.122221744497
Uttarakhand,4,12,3,Luxury,293305.77993908816
Uttarakhand,7,6,3,Moderate,59372.088786312255
Himachal Pradesh,7,4,2,Luxury,73739.98812073456
Kerala,11,3,5,Moderate,62575.36574925452
Maharashtra,5,4,7,Budget,46931.30537875135
Karnataka,12,6,3,Budget,36436.47791334234
Goa,1,5,7,Luxury,442325.4700323113
Delhi,10,2,8,Moderate,35839.151975836096
Maharashtra,4,2,3,Budget,10736.680961010057
Rajasthan,7,3,1,Budget,5897.652834523623
Goa,5,11,3,Luxury,423512.977619977
Himachal Pradesh,2,6,6,Luxury,273682.11129832506
Karnataka,8,12,1,Moderate,44885.455632140205
Kerala,2,14,9,Budget,134619.11341802982
Rajasthan,11,1,3,Moderate,14877.643281736391
Kerala,8,11,3,Moderate,126898.38043983815
Kerala,11,7,7,Moderate,209637.76282852478
Tamil Nadu,2,8,7,Luxury,442328.4392369426
Agra,11,7,6,Moderate,128516.25802269134
Rajasthan,5,11,7,Moderate,172006.2945090863
Delhi,4,3,5,Moderate,35704.15025737296
Agra,1,6,8,Luxury,353411.9524883795
Rajasthan,12,14,2,Luxury,415888.5091287829
Kerala,8,4,5,Budget,30412.72183254653
Agra,10,5,9,Luxury,273391.26323018025
Rajasthan,12,3,4,Luxury,183711.681829769
Delhi,3,5,8,Moderate,102754.7594477083
Goa,4,6,3,Budget,36452.13514678496
Maharashtra,4,8,6,Luxury,481272.77466573974
Karnataka,5,12,8,Budget,104065.93735000103
Rajasthan,3,6,9,Moderate,128738.14124826765
Delhi,9,9,7,Luxury,432999.44718566013
Maharashtra,4,10,6,Moderate,171578.32068444227
Agra,10,10,6,Moderate,117186.42193477238
Rajasthan,11,14,6,Budget,167874.04711532357
Rajasthan,11,10,9,Luxury,964925.5361470894
Himachal Pradesh,4,10,3,Budget,45691.70317829115
Rajasthan,6,4,4,Moderate,42185.45671653387
Karnataka,8,2,3,Luxury,55850.85062269209
Himachal Pradesh,7,12,9,Moderate,258457.97766244595
Maharashtra,4,9,5,Budget,76684.41032466479
Agra,4,11,8,Budget,75406.36715761352
Agra,5,3,8,Moderate,45989.89539038358
Uttarakhand,10,11,9,Budget,82692.3733493565
Uttarakhand,5,7,7,Budget,84943.23442013533
Maharashtra,12,4,3,Moderate,48016.29251008845
Tamil Nadu,1,12,5,Luxury,565329.9447933563
Delhi,8,12,3,Luxury,341267.91313997516
Tamil Nadu,10,1,2,Luxury,18980.002554378963
Delhi,5,8,3,Moderate,78075.63346286527
Himachal Pradesh,3,13,9,Moderate,282892.2379785156
Maharashtra,3,12,9,Budget,115845.9112627939
Delhi,4,4,8,Luxury,187665.50935140415
Uttarakhand,12,11,7,Budget,124776.480802447
Uttarakhand,7,6,1,Moderate,17369.138171364233
Kerala,5,7,9,Luxury,498757.4831270875
Delhi,1,8,2,Moderate,66282.10310059051
Maharashtra,12,10,6,Budget,129743.23278995142
Goa,5,2,5,Budget,19231.22316811848
Himachal Pradesh,5,9,6,Moderate,189004.5981881462
Rajasthan,6,10,8,Moderate,164035.28646281033
Rajasthan,7,13,8,Luxury,613242.122182072
Delhi,5,3,2,Moderate,21393.43755571655
Tamil Nadu,11,1,7,Budget,8615.831853250405
Himachal Pradesh,2,2,2,Budget,7574.72039094693
Agra,2,8,1,Moderate,24398.86375871205
Karnataka,4,10,8,Moderate,200093.93981649927
Rajasthan,1,6,9,Luxury,511627.2746990435
Uttarakhand,7,11,7,Budget,73641.07880840925
Himachal Pradesh,1,1,4,Budget,5981.73663076709
Tamil Nadu,3,11,7,Budget,99206.50789484322
Maharashtra,10,9,4,Moderate,145070.87891398068
Tamil Nadu,7,7,7,Budget,49756.22639141973
Himachal Pradesh,11,10,4,Moderate,146743.88835177643
Agra,12,11,9,Luxury,674338.7618201225
Rajasthan,12,3,5,Moderate,70986.33814235318
Uttarakhand,6,13,7,Luxury,830743.1039944884
Goa,7,7,8,Luxury,432689.2541745456
Maharashtra,5,6,5,Moderate,94826.18670136105
Uttarakhand,8,3,1,Luxury,30438.848308585963
Agra,6,8,4,Moderate,88827.02229304542
Karnataka,12,1,3,Budget,5185.029889141458
Agra,4,5,7,Moderate,73212.28432544628
Agra,11,8,6,Luxury,337987.7321438404
Rajasthan,1,3,6,Luxury,235818.98364340665
Himachal Pradesh,2,11,2,Budget,39428.12441955739
Himachal Pradesh,12,13,6,Moderate,349950.2546299462
Uttarakhand,6,10,8,Budget,101753.85803786169
Karnataka,4,11,5,Luxury,463560.4621694212
Karnataka,3,12,9,Moderate,252458.05641696823
Tamil Nadu,7,6,2,Luxury,105871.237531175
Goa,7,10,7,Moderate,243094.09744487892
Agra,2,11,6,Budget,85094.2206289471
Goa,8,2,6,Budget,18920.90906580957
Kerala,11,9,4,Luxury,527844.5063372114
Delhi,1,2,9,Budget,25859.819051797018
Agra,11,5,6,Budget,38775.44244516645
Goa,10,3,8,Luxury,214137.2279117895
Rajasthan,7,10,8,Luxury,590101.7849291927
Delhi,10,12,4,Luxury,420476.0678310868
Karnataka,12,9,5,Moderate,153731.2963764856
Agra,1,9,2,Luxury,184435.57672552645
Agra,12,7,4,Moderate,92864.77907361348
Karnataka,3,10,6,Luxury,471352.51724085415
Tamil Nadu,3,5,2,Moderate,29946.844510399565
Rajasthan,10,9,2,Luxury,162805.4885994081
Agra,2,7,7,Moderate,109123.93222755528
Goa,10,2,5,Budget,20157.03253276262
Agra,5,10,3,Luxury,220090.44023360696
Delhi,4,1,3,Luxury,24391.68401272757
Agra,6,10,7,Moderate,141764.03602958602
Goa,2,10,3,Budget,59112.57059174271
Maharashtra,4,14,5,Budget,122746.0652248406
Delhi,12,4,2,Moderate,27951.619406310794
Uttarakhand,7,10,3,Luxury,284199.71602721285
Uttarakhand,1,8,4,Budget,44485.9717539764
Delhi,11,6,1,Luxury,76642.62043745148
Rajasthan,3,14,4,Moderate,157421.8244250752
Maharashtra,1,2,4,Luxury,98660.20338910831
Delhi,2,5,3,Budget,20474.090638161473
Goa,9,9,9,Moderate,235348.85095590007
Kerala,10,6,3,Budget,33418.039396496286
Himachal Pradesh,5,6,2,Luxury,207948.9925125065
Agra,4,7,7,Luxury,295138.3557609768
Tamil Nadu,12,13,9,Moderate,291856.3268924797
Maharashtra,4,11,6,Budget,117033.52009136722
Goa,8,5,5,Budget,47857.692002659714
Tamil Nadu,12,3,1,Budget,5120.833355007302
Uttarakhand,3,3,3,Moderate,26948.273376594472
Delhi,12,5,9,Luxury,344832.60691787314
Maharashtra,12,4,8,Luxury,314431.2142922975
Karnataka,4,5,9,Luxury,304469.18312917696
Agra,2,14,8,Budget,107908.13648723144
Himachal Pradesh,6,9,1,Moderate,50635.47818969443
Uttarakhand,12,5,8,Budget,49764.558237738864
Delhi,9,4,8,Moderate,65998.14412182779
Agra,12,13,5,Budget,89820.02845577533
Uttarakhand,4,4,6,Moderate,56782.09043040428
Karnataka,11,1,2,Budget,3750.4174247620917
Tamil Nadu,6,10,1,Budget,18084.722588908535
Himachal Pradesh,4,4,8,Moderate,89221.72819930229
Himachal Pradesh,2,12,7,Luxury,720838.4300485634
Agra,6,14,4,Luxury,483511.69557120727
Goa,12,4,7,Moderate,141953.45627790014
Agra,7,9,2,Moderate,50392.85212939996
Uttarakhand,4,11,2,Luxury,194207.459932593
Goa,12,4,7,Budget,59529.695733733024
Himachal Pradesh,11,7,3,Luxury,188728.76383805004
Kerala,7,1,6,Moderate,16485.9387230433
Himachal Pradesh,11,14,7,Budget,131596.57140182285
Agra,8,7,7,Moderate,91630.8185548589
Uttarakhand,11,14,4,Luxury,518809.1081989255
Goa,3,2,3,Budget,11123.94145595255
Delhi,2,12,1,Luxury,138611.26674332016
Goa,5,11,7,Luxury,797246.5854968159
Karnataka,2,8,9,Luxury,427905.01829627925
Rajasthan,10,1,1,Budget,1860.6399950008808
Rajasthan,5,10,5,Luxury,460838.34344962554
Maharashtra,10,3,4,Budget,23889.430586783386
Tamil Nadu,6,8,2,Luxury,170974.45525117643
Maharashtra,8,10,7,Luxury,697063.7636865441
Maharashtra,6,8,7,Moderate,155311.68154503562
Goa,4,11,8,Luxury,718375.1765958209
Uttarakhand,3,13,3,Budget,54433.59245372115
Maharashtra,2,5,6,Moderate,93507.92770260446
Agra,1,5,4,Budget,28157.06445535335
Goa,2,8,3,Luxury,255390.5579882032
Uttarakhand,2,10,4,Moderate,113910.98084302258
Rajasthan,5,5,1,Moderate,15789.764116972128
Kerala,9,9,7,Moderate,198356.49117462023
Agra,1,1,7,Budget,8258.213989023845
Delhi,4,5,7,Moderate,77972.9785472289
Tamil Nadu,10,3,2,Moderate,17084.134454065228
Delhi,7,3,1,Budget,4918.412877782243
Uttarakhand,11,2,9,Budget,17861.467451877983
Karnataka,10,3,2,Budget,12058.155795127286
Uttarakhand,3,7,5,Luxury,267692.69542738143
Kerala,8,8,5,Budget,65913.8172945971
Rajasthan,3,12,8,Budget,120423.55592936296
Himachal Pradesh,8,8,1,Moderate,28886.42149518685
Uttarakhand,2,11,7,Luxury,467746.61562891636
Rajasthan,5,8,3,Moderate,74094.6600442419
Delhi,4,1,2,Budget,3144.1459404976467
Uttarakhand,11,14,5,Budget,99441.56655446513
Uttarakhand,9,11,4,Moderate,136839.95224030374
Maharashtra,3,7,9,Luxury,503187.45634056523
Delhi,12,2,1,Luxury,26362.431344523782
Tamil Nadu,11,11,3,Moderate,125170.49409540748
Tamil Nadu,5,10,3,Budget,44117.85396472673
Agra,10,4,4,Luxury,127129.33462434761
Karnataka,9,5,7,Luxury,236971.32875884243
Himachal Pradesh,6,12,5,Moderate,254858.13202835817
Uttarakhand,2,1,6,Luxury,41027.471399926195
Uttarakhand,1,14,3,Budget,52372.90416294928
Agra,12,4,5,Moderate,58373.734599226336
Karnataka,11,4,2,Luxury,96988.04510520631
Delhi,1,9,4,Budget,66006.85389310594
Uttarakhand,7,9,3,Budget,39033.73231639859
Rajasthan,12,13,3,Moderate,171903.86315485652
Goa,2,13,4,Moderate,201285.81275659244
Karnataka,7,11,8,Budget,101971.56294742232
Uttarakhand,1,10,8,Budget,93711.05725456
Karnataka,4,1,1,Luxury,10685.858897197337
Tamil Nadu,10,8,5,Luxury,273095.84762494167
Himachal Pradesh,11,4,2,Luxury,93490.78299191597
Uttarakhand,4,4,6,Luxury,196837.3468978309
Himachal Pradesh,5,5,3,Luxury,194089.63136363347
Kerala,10,2,9,Moderate,49327.272483980116
Goa,1,1,9,Luxury,113194.5444851759
Agra,7,5,8,Luxury,258386.48466526234
Himachal Pradesh,11,7,2,Luxury,150387.1172421762
Uttarakhand,2,10,2,Budget,31517.396822661543
Maharashtra,12,9,2,Luxury,285006.3576612274
Agra,11,12,5,Moderate,197828.35431544957
Agra,11,12,9,Budget,105610.42654534578
Delhi,2,13,7,Budget,124810.08385581027
Himachal Pradesh,8,2,7,Luxury,117326.2849787198
Maharashtra,9,12,3,Budget,77161.32959395993
Himachal Pradesh,6,8,3,Luxury,325924.46040497505
Delhi,11,7,3,Luxury,219750.39629958227
Goa,1,2,1,Luxury,38866.11005618204
Uttarakhand,1,5,8,Moderate,92797.10266375948
Tamil Nadu,11,7,2,Budget,26015.090253044924
Tamil Nadu,7,3,7,Budget,27540.162782092604
Himachal Pradesh,8,2,9,Budget,18933.84562225543
Delhi,3,6,2,Budget,18277.444936464388
Karnataka,9,10,1,Budget,19490.151524876725
Uttarakhand,4,13,5,Luxury,467999.50417009037
Himachal Pradesh,4,6,5,Luxury,243161.0292763134
Karnataka,3,11,1,Luxury,117555.62103600553
Uttarakhand,8,4,9,Moderate,64271.21343050288
Karnataka,9,1,3,Moderate,9729.205180528483
Agra,1,5,2,Moderate,30983.602818021845
Himachal Pradesh,2,1,7,Moderate,21172.70648235103
Delhi,1,11,5,Budget,100761.7089629898
Uttarakhand,4,14,4,Moderate,167897.82417004762
Tamil Nadu,10,11,4,Budget,57966.51017248084
Himachal Pradesh,7,8,9,Budget,90864.82620815153
Uttarakhand,7,2,9,Budget,17750.623868868177
Uttarakhand,12,9,1,Luxury,104874.66675100788
Karnataka,6,9,7,Luxury,438590.40200078895
Karnataka,11,3,8,Budget,34070.57287615736
Maharashtra,5,6,5,Moderate,97588.05759558847
Himachal Pradesh,11,9,7,Budget,91212.4164901083
Kerala,4,7,8,Luxury,485765.6396083645
Rajasthan,12,4,8,Moderate,121155.1223146566
Kerala,8,3,9,Luxury,187126.8613333294
Uttarakhand,7,2,5,Moderate,26642.748567891358
Maharashtra,11,10,2,Luxury,287029.31188488734
Uttarakhand,11,10,6,Budget,80400.65580461039
Kerala,10,1,1,Luxury,13400.29889356301
Uttarakhand,1,11,6,Moderate,137200.009282986
Karnataka,6,10,3,Luxury,306186.12083638256
Himachal Pradesh,2,11,3,Moderate,112977.36188883669
Tamil Nadu,4,1,7,Luxury,52445.01701215235
Kerala,5,12,4,Luxury,444920.287963319
Rajasthan,8,4,5,Budget,29637.985718749165
Rajasthan,6,4,6,Moderate,67509.7233501996
Karnataka,11,9,6,Moderate,154289.84055408073
Himachal Pradesh,2,10,2,Budget,35355.63572202388
Goa,5,1,3,Luxury,41687.28052612533
Goa,5,11,1,Moderate,46538.977020737955
Delhi,6,4,3,Moderate,42160.595108445305
Delhi,1,3,8,Moderate,67227.91010788037
Kerala,8,9,4,Budget,57464.553150208
Karnataka,3,13,2,Budget,50300.878950468774
Karnataka,5,5,4,Moderate,72158.78643672862
Uttarakhand,7,9,7,Luxury,454096.67583037505
Rajasthan,3,10,9,Luxury,492376.09609136084
Rajasthan,10,6,5,Budget,36360.37357617243
Rajasthan,6,11,5,Luxury,460829.59775968443
Maharashtra,5,9,5,Budget,64397.597893644335
Himachal Pradesh,7,1,9,Moderate,21603.138594944994
Agra,10,13,7,Moderate,163369.6122292706
Uttarakhand,11,4,3,Moderate,39464.73855278684
Goa,3,4,2,Budget,19052.64463414474
Karnataka,2,14,9,Luxury,918555.8716608449
Goa,4,10,3,Moderate,132887.42333896665
Maharashtra,3,10,8,Luxury,720924.767170801
Goa,4,6,4,Luxury,269968.22915352863
Rajasthan,7,10,5,Budget,76128.9898367725
Tamil Nadu,5,13,8,Budget,107094.58376218236
Uttarakhand,4,1,5,Luxury,42413.410906627025
Tamil Nadu,6,10,2,Luxury,194756.83327508476
Delhi,7,5,6,Moderate,75403.4012151616
Tamil Nadu,12,3,7,Moderate,62498.84517732244
Agra,11,1,1,Moderate,3322.2502274986186
Karnataka,5,6,9,Luxury,409773.5216823486
Maharashtra,12,3,6,Budget,35701.38906473609
Karnataka,7,4,4,Luxury,146485.63972426864
Agra,3,12,2,Moderate,69440.94233647951
Karnataka,7,9,9,Moderate,192635.85145448937
Tamil Nadu,12,2,6,Budget,19409.484205688346
Himachal Pradesh,3,1,9,Luxury,70331.53722288742
Karnataka,6,10,2,Moderate,64161.91241261755
Delhi,8,6,5,Budget,42055.92733153197
Uttarakhand,6,12,6,Moderate,212269.6342628534
Uttarakhand,10,1,5,Budget,5597.966319519221
Goa,11,1,6,Luxury,80308.44317471389
Kerala,3,14,3,Budget,70145.54509765418
Tamil Nadu,12,7,9,Luxury,475514.03544708
Rajasthan,5,2,2,Luxury,44222.781668431664
Agra,9,4,2,Moderate,22362.210027314068
Maharashtra,8,4,5,Luxury,204938.6918078505
Tamil Nadu,6,2,3,Moderate,16250.237990761972
Uttarakhand,9,6,2,Moderate,39665.59275178552
Goa,2,10,6,Luxury,678277.5371110484
Karnataka,11,14,6,Budget,139255.67128783013
Rajasthan,9,2,7,Luxury,92431.18883993867
Rajasthan,10,12,4,Luxury,364795.66460237844
Kerala,10,8,8,Budget,84108.82245409596
Himachal Pradesh,6,4,3,Moderate,57415.24932949317
Kerala,9,1,1,Moderate,4510.970371610687
Karnataka,12,7,5,Luxury,321098.1555311205
Tamil Nadu,4,6,6,Budget,39858.237161775294
Delhi,5,12,3,Budget,51557.648839927366
Agra,2,14,2,Budget,40464.08179261326
Rajasthan,3,6,3,Budget,26519.181553703573
Maharashtra,1,11,3,Luxury,409413.3129418024
Tamil Nadu,4,3,7,Luxury,146159.3648114483
Maharashtra,12,10,1,Moderate,43454.67630967973
Goa,2,7,4,Budget,61184.76887351847
Maharashtra,12,6,3,Luxury,271472.8032319904
Rajasthan,2,10,7,Luxury,479302.23157460865
Rajasthan,1,10,1,Budget,24959.840167154936
Rajasthan,10,9,8,Budget,75656.71826473261
Tamil Nadu,12,3,7,Moderate,65693.389738511
Tamil Nadu,2,3,8,Budget,26922.98856222447
Agra,4,4,8,Moderate,62796.467291801426
Uttarakhand,6,3,9,Moderate,72763.23766573162
Himachal Pradesh,12,4,1,Budget,9573.61866829417
Karnataka,7,6,9,Budget,68259.30903729236
Karnataka,7,1,1,Luxury,12480.609469435421
Goa,7,2,3,Budget,13799.074738456866
Kerala,4,10,7,Budget,91853.40689097316
Agra,12,6,8,Moderate,111533.14877981711
Uttarakhand,5,12,5,Budget,108130.4824418931
Delhi,11,13,1,Luxury,163292.6136286927
Goa,12,6,3,Luxury,280731.03410415153
Tamil Nadu,3,12,7,Budget,106716.6434413561
Uttarakhand,1,14,2,Budget,45707.89308260612
Rajasthan,8,1,2,Moderate,6599.72241792592
Tamil Nadu,10,6,9,Budget,49729.59219639256
Kerala,11,14,6,Moderate,393306.3819515261
Kerala,7,11,4,Budget,66683.27466107646
Karnataka,9,12,9,Moderate,275528.19126856694
Himachal Pradesh,10,9,7,Luxury,446233.03478977655
Himachal Pradesh,4,8,7,Budget,64614.10535925172
Delhi,12,10,8,Budget,112882.51014605477
Tamil Nadu,12,5,3,Moderate,52873.19479772374
Tamil Nadu,5,13,2,Moderate,86865.2191171337
Kerala,5,4,1,Budget,7107.121395354573
Rajasthan,7,6,2,Moderate,38269.03622390386
Rajasthan,9,11,3,Budget,51991.11269904455
Maharashtra,8,14,5,Luxury,694379.1156561681
Rajasthan,7,12,8,Moderate,223840.35916235636
Uttarakhand,1,5,3,Budget,19019.341079308117
Himachal Pradesh,12,13,7,Luxury,1017787.9945276456
Rajasthan,10,6,5,Budget,42690.062391234605
Agra,6,14,5,Budget,93601.75810382434
Tamil Nadu,10,14,8,Luxury,736087.8084884225
Rajasthan,9,10,5,Moderate,141986.41163129002
Maharashtra,7,11,7,Luxury,742723.3588287432
Delhi,1,3,8,Budget,28484.795471052712
Delhi,9,7,8,Luxury,399165.34117980336
Kerala,3,8,3,Budget,47240.98554979574
Rajasthan,9,5,4,Luxury,156790.60031854062
Tamil Nadu,4,5,8,Moderate,93819.87524252276
Tamil Nadu,9,12,5,Luxury,516136.9489619724
Himachal Pradesh,8,4,1,Luxury,38772.90200561414
Delhi,7,10,7,Moderate,158439.78381887084
Kerala,4,5,3,Budget,24175.19156334207
Rajasthan,9,12,2,Luxury,240214.28357500778
Delhi,4,10,5,Budget,78694.13876331411
Delhi,1,11,1,Luxury,142870.53372835796
Tamil Nadu,6,8,9,Moderate,146913.91058014595
Rajasthan,4,5,5,Luxury,186239.46407312615
Goa,10,9,6,Budget,95673.39439631288
Rajasthan,3,13,7,Budget,124461.41096809102
Uttarakhand,12,12,9,Moderate,284150.80017929815
Delhi,5,13,5,Budget,95962.2640344834
Himachal Pradesh,3,1,4,Moderate,12125.152996535424
Goa,11,7,3,Moderate,118730.19512245069
Maharashtra,9,5,5,Budget,38032.1723375538
Kerala,12,4,3,Budget,29887.406577916372
Rajasthan,6,3,5,Moderate,40018.756559899455
Himachal Pradesh,3,12,8,Budget,120933.38469559202
Maharashtra,5,10,2,Moderate,86518.8722269383
Maharashtra,8,7,4,Luxury,280948.2586749109
Delhi,8,12,8,Budget,98327.33656394262
Uttarakhand,6,2,5,Budget,17649.92452726701
Delhi,5,5,8,Moderate,98903.75109551525
Kerala,5,2,6,Luxury,104414.3688179714
Goa,1,7,1,Luxury,159324.4973624035
Tamil Nadu,2,6,5,Budget,36605.22644054645
Agra,12,13,2,Moderate,95810.78107128714
Goa,11,10,7,Moderate,327550.8315353584
Kerala,4,7,4,Budget,41989.75798829386
Tamil Nadu,6,12,2,Luxury,210895.09309076954
Maharashtra,11,9,1,Moderate,50234.703058205414
Goa,7,13,5,Moderate,199313.3538717298
Tamil Nadu,1,2,8,Budget,22175.576406316653
Rajasthan,8,9,8,Budget,89551.25834344351
Delhi,12,7,2,Luxury,148467.71041541366
Agra,1,2,6,Luxury,110677.44488948728
Himachal Pradesh,9,10,7,Moderate,206996.16082871042
Rajasthan,4,2,1,Budget,3162.457864862868
Goa,12,4,5,Budget,49811.60359411003
Karnataka,7,2,6,Budget,18240.69727004504
Tamil Nadu,11,1,7,Luxury,59021.84339970912
Maharashtra,6,6,9,Luxury,459992.7460828914
Maharashtra,9,10,3,Moderate,129700.37758117547
Karnataka,2,14,8,Budget,128354.39587230001
Goa,11,11,3,Luxury,528707.6698245831
Maharashtra,7,5,9,Budget,60161.78822807404
Uttarakhand,11,12,8,Luxury,675079.8678371384
Maharashtra,5,3,9,Budget,30599.744141553947
Agra,7,11,5,Moderate,151221.26483797308
Uttarakhand,1,1,9,Luxury,47110.167520002215
Kerala,11,9,3,Luxury,383111.0838788488
Kerala,11,8,7,Moderate,234896.44940295842
Tamil Nadu,10,6,3,Moderate,58360.77353188936
Uttarakhand,9,6,6,Budget,41312.70224798412
Rajasthan,1,12,8,Luxury,933220.026627816
Tamil Nadu,5,4,2,Budget,11400.532772626388
Rajasthan,8,13,8,Budget,135550.95085272024
Agra,1,2,1,Budget,3429.2145893074676
Delhi,7,12,4,Luxury,449794.8060408964
Goa,2,4,7,Moderate,78472.80215936062
Uttarakhand,7,14,1,Budget,22062.365290694856
Karnataka,7,2,6,Luxury,108765.87309666442
Himachal Pradesh,9,13,6,Budget,126833.54480375118
Goa,6,7,7,Moderate,139409.02500849916
Agra,4,9,9,Moderate,128069.99967543529
Uttarakhand,7,13,7,Luxury,700955.4292032863
Kerala,7,2,3,Luxury,65853.31370994325
Goa,4,9,4,Moderate,131314.3369867573
Rajasthan,2,9,1,Luxury,107548.89288976883
Karnataka,11,8,5,Moderate,137399.42016830354
Goa,9,1,7,Budget,10138.602685359385
Himachal Pradesh,8,5,3,Moderate,55970.9204915865
Agra,5,14,6,Budget,89225.89323202067
Agra,5,10,3,Luxury,230022.18229931683
Tamil Nadu,1,13,4,Budget,86071.71622599568
Agra,11,13,5,Moderate,198036.5773737976
Tamil Nadu,9,11,6,Luxury,540294.3739278733
Agra,11,4,6,Luxury,178430.3538876607
Himachal Pradesh,10,7,1,Moderate,25502.650989896803
Agra,11,13,8,Luxury,729240.8415645882
Karnataka,8,11,3,Moderate,94250.80961352676
Delhi,5,14,4,Budget,88225.66799965182
Kerala,10,8,8,Budget,84846.55304004648
Karnataka,6,14,5,Luxury,553266.3462105687
Agra,12,10,6,Moderate,144033.93765486186
Uttarakhand,10,11,1,Moderate,39373.123780340036
Rajasthan,11,13,8,Budget,187208.58576972142
Delhi,10,8,5,Budget,54119.41828863557
Kerala,8,2,1,Luxury,22834.185516783746
Rajasthan,6,3,7,Moderate,48623.12979434997
Karnataka,10,13,2,Luxury,286890.91048087826
Himachal Pradesh,4,10,6,Luxury,463559.3826366777
Himachal Pradesh,3,10,3,Luxury,352809.74168659386
Rajasthan,7,7,6,Moderate,116436.85638718805
Uttarakhand,2,4,9,Budget,30693.980983541263
Rajasthan,7,6,6,Moderate,84238.15479167501
Karnataka,1,8,1,Moderate,37100.213252745554
Rajasthan,10,8,6,Moderate,121583.9877603389
Kerala,5,7,3,Luxury,237683.52434874105
Uttarakhand,9,13,4,Luxury,452645.5088840952
Maharashtra,1,12,4,Moderate,207971.2731554935
Goa,8,2,9,Luxury,135151.66000912827
Maharashtra,9,2,8,Luxury,133051.2459371088
Tamil Nadu,9,3,7,Budget,23686.453472903155
Rajasthan,8,4,5,Moderate,62557.66261073168
Himachal Pradesh,4,1,4,Moderate,13851.059093400698
Maharashtra,7,5,3,Luxury,176171.7604358956
Agra,1,14,1,Moderate,43440.61062264463
Karnataka,7,7,9,Moderate,160426.5366348839
Maharashtra,6,12,8,Moderate,267290.5226012734
Delhi,5,10,1,Moderate,32469.26500980989
Uttarakhand,1,11,2,Luxury,206149.1124668654
Karnataka,8,5,1,Budget,10132.161266981258
Himachal Pradesh,10,14,1,Luxury,161446.10995568623
Tamil Nadu,1,7,9,Budget,81061.04235252863
Maharashtra,1,5,5,Moderate,98170.2611888429
Uttarakhand,3,11,3,Moderate,97605.01896548047
Goa,8,10,2,Moderate,83505.71883838561
Uttarakhand,8,8,8,Moderate,134230.07710054104
Uttarakhand,7,7,8,Moderate,104861.46474655448
Karnataka,5,14,6,Moderate,239998.0396828742
Goa,8,1,2,Moderate,9778.509743852528
Uttarakhand,2,11,1,Budget,18998.23127407487
Delhi,8,1,6,Luxury,44699.187127694
Maharashtra,12,12,1,Moderate,67081.88160406103
Maharashtra,11,5,6,Moderate,126862.56530540947
Delhi,2,14,2,Moderate,84073.19938508484
Maharashtra,10,2,7,Budget,17821.04845652659
Uttarakhand,5,9,2,Moderate,78273.67107677783
Tamil Nadu,11,2,2,Luxury,44817.37710515983
Uttarakhand,4,12,6,Budget,91964.66648369812
Karnataka,1,9,4,Budget,63714.618846991136
Agra,5,10,6,Moderate,130148.5833374978
Tamil Nadu,7,2,8,Budget,15944.311470713954
Himachal Pradesh,1,4,3,Moderate,38480.79669016479
Himachal Pradesh,2,3,5,Luxury,116661.15301828206
Tamil Nadu,12,6,5,Luxury,286039.98385532707
Uttarakhand,9,4,9,Budget,34281.66677260556
Rajasthan,12,9,7,Budget,110757.20995646158
Agra,5,9,9,Moderate,147557.92520566704
Delhi,7,13,8,Budget,114458.57342582439
Uttarakhand,2,10,3,Luxury,253955.95779048713
Tamil Nadu,7,14,2,Budget,37332.62923285401
Rajasthan,7,9,3,Luxury,221952.97298624323
Uttarakhand,7,3,6,Moderate,38673.104738720474
Rajasthan,5,3,4,Luxury,96947.57812344278
Tamil Nadu,9,4,1,Budget,6505.341308291689
Uttarakhand,2,9,9,Luxury,519035.5210397788
Goa,4,14,6,Luxury,826524.5357489655
Maharashtra,2,6,1,Budget,13080.787453685369
Tamil Nadu,8,9,3,Moderate,68782.2404229502
Himachal Pradesh,12,8,1,Luxury,141272.000875655
Himachal Pradesh,11,7,9,Budget,63484.59581489986
Agra,1,13,4,Luxury,446468.44720540417
Kerala,9,5,2,Luxury,124832.3650634988
Himachal Pradesh,12,13,4,Luxury,655673.124645019
Kerala,5,9,2,Moderate,63434.15555837437
Goa,11,4,6,Luxury,375761.5281173932
Tamil Nadu,12,14,6,Budget,139830.23756471078
Rajasthan,3,4,7,Budget,31353.451284695315
Agra,12,8,9,Luxury,483470.69551236526
Maharashtra,11,4,9,Moderate,112136.06315358114
Delhi,4,7,4,Budget,43643.239276941495
Kerala,1,4,9,Moderate,146970.38341361974
Maharashtra,3,11,8,Moderate,216159.433896442
Agra,11,1,1,Budget,1883.3529561065948
Agra,8,10,7,Budget,66496.48036832808
Himachal Pradesh,12,9,7,Moderate,221541.8503438591
Maharashtra,2,4,4,Luxury,165703.14251654927
Uttarakhand,2,3,7,Moderate,51773.03589268776
Karnataka,9,3,5,Budget,19227.708799494936
Agra,5,9,5,Moderate,115570.3396458293
Kerala,5,8,5,Budget,71921.76704487136
Delhi,1,10,6,Luxury,495429.03695233754
Delhi,6,7,7,Luxury,391561.9245968804
Goa,8,7,5,Luxury,333506.63099627395
Goa,6,4,9,Luxury,332090.43714420847
Himachal Pradesh,7,3,9,Luxury,202152.46655341526
Uttarakhand,4,12,7,Budget,99583.2380173949
Himachal Pradesh,2,4,3,Moderate,41656.33219868985
Delhi,1,6,4,Luxury,289490.07815249276
Rajasthan,12,12,4,Budget,94860.76086620106
Delhi,6,13,7,Moderate,197653.03712106883
Agra,9,14,2,Moderate,87520.39894190719
Maharashtra,10,4,5,Luxury,200530.7062363112
Maharashtra,5,4,4,Luxury,189098.6588118529
Agra,12,2,9,Moderate,37604.6783316605
Agra,2,14,1,Moderate,41393.4387611475
Delhi,1,7,3,Budget,37690.56071948889
Maharashtra,3,6,6,Luxury,386202.34700756235
Maharashtra,4,2,4,Moderate,28259.691982887503
Tamil Nadu,7,5,3,Moderate,47959.37237355367
Maharashtra,9,6,6,Luxury,360194.45375036495
Agra,8,5,3,Budget,18640.65318268643
Goa,9,4,7,Budget,49576.986937027395
Uttarakhand,7,11,1,Luxury,107015.52862024886
Rajasthan,10,11,9,Budget,115045.81158648306
Agra,8,9,2,Budget,28206.18576093233
Maharashtra,8,3,4,Budget,18584.01319434513
Kerala,1,11,6,Moderate,307671.75601392845
Delhi,12,2,6,Moderate,41077.083858193735
Delhi,12,9,8,Budget,110265.19506597234
Uttarakhand,9,8,8,Luxury,400114.2732084737
Agra,2,9,4,Luxury,296113.8786525292
Uttarakhand,12,10,6,Luxury,690009.7452438709
Goa,11,11,9,Budget,220192.26318548963
Karnataka,7,3,7,Luxury,180519.3684103238
Himachal Pradesh,10,1,8,Moderate,19210.372556801798
Kerala,10,11,8,Luxury,602320.5312185547
Himachal Pradesh,5,1,2,Luxury,34563.55493467434
Karnataka,4,3,7,Moderate,57585.17145688067
Kerala,1,4,3,Moderate,58407.42798547158
Himachal Pradesh,1,2,7,Budget,21266.826638093182
Kerala,3,8,2,Budget,32367.969075823534
Uttarakhand,1,14,1,Budget,19647.27515855536
Rajasthan,8,13,9,Budget,110717.83019739603
Tamil Nadu,3,12,1,Budget,21970.537709695436
Kerala,11,3,1,Moderate,20450.69544215739
Karnataka,10,13,3,Moderate,124603.5368646294
Uttarakhand,2,14,1,Moderate,43634.23976993407
Tamil Nadu,6,4,7,Luxury,187954.20012089942
Uttarakhand,4,6,7,Luxury,310635.27976643405
Goa,11,10,8,Luxury,1038233.6134811633
Maharashtra,11,13,2,Budget,59914.653077625444
Delhi,4,6,7,Luxury,319986.2535683045
Goa,2,13,9,Budget,157501.40432504704
Karnataka,2,2,5,Budget,14948.400095859039
Agra,11,6,3,Budget,28346.55117746846
Agra,6,4,9,Budget,32016.197950980815
Delhi,5,5,1,Luxury,45191.611487299444
Uttarakhand,9,7,3,Moderate,68205.39444013676
Rajasthan,4,7,2,Budget,19997.224287044315
Karnataka,5,6,2,Luxury,136896.50435582307
Delhi,1,10,3,Budget,53268.55113580757
Tamil Nadu,12,6,7,Budget,51440.56397215764
Tamil Nadu,12,6,6,Moderate,110438.55125631159
Agra,2,4,9,Budget,34411.569875752866
Maharashtra,3,3,3,Moderate,35348.837902772044
Uttarakhand,5,1,5,Luxury,54987.078754275906
Agra,12,3,9,Budget,29476.55989168108
Rajasthan,5,3,3,Moderate,28699.20442577102
Delhi,4,9,8,Budget,90878.39631398661
Kerala,10,14,9,Budget,132609.36967065366
Rajasthan,3,3,7,Budget,23080.74331168964
Kerala,9,8,6,Moderate,157506.5225004552
Uttarakhand,1,8,6,Luxury,325179.18033107306
Delhi,6,3,6,Moderate,51099.36487167543
Tamil Nadu,7,10,5,Luxury,378500.27826251544
Tamil Nadu,10,10,7,Moderate,182336.6447680072
Goa,4,12,7,Moderate,247242.26681178648
Tamil Nadu,10,13,7,Luxury,616799.5976222227
Karnataka,3,6,3,Luxury,161415.862396537
Goa,8,12,6,Luxury,765453.9070086245
Goa,9,8,9,Moderate,188736.02599815183
Tamil Nadu,1,8,9,Luxury,581145.9136039375
Agra,11,10,4,Budget,52309.13337514923
Maharashtra,12,10,9,Budget,131493.47993739872
Maharashtra,10,9,2,Budget,30778.061843568947
Karnataka,9,9,8,Budget,82139.52462127327
Himachal Pradesh,7,8,2,Luxury,167054.66856650668
Agra,1,7,5,Luxury,280458.1338334673
Himachal Pradesh,7,10,6,Budget,79229.3730812482
Kerala,5,3,2,Luxury,63476.42139642129
Agra,10,7,9,Budget,52724.023813200256
Delhi,7,4,6,Moderate,58885.208498299886
Himachal Pradesh,12,2,8,Luxury,183476.95096024388
Karnataka,9,14,4,Moderate,151765.4599667142
Karnataka,8,8,3,Luxury,274926.3039435011
Agra,6,2,4,Luxury,57188.76532920729
Goa,2,1,1,Luxury,11588.181930265868
Delhi,8,12,1,Moderate,37907.00554396962
Uttarakhand,12,12,8,Moderate,316609.38008561044
Delhi,4,5,1,Budget,10055.999128324724
Karnataka,8,10,5,Moderate,136755.83621855293
Kerala,7,13,9,Moderate,257671.8463705564
Himachal Pradesh,4,9,3,Budget,50825.18621019729
Himachal Pradesh,8,5,2,Moderate,40585.91503616285
Kerala,11,11,5,Moderate,275908.6028937083
Rajasthan,11,2,2,Budget,11279.19229288843
Agra,12,10,1,Moderate,40860.13477182825
Karnataka,11,4,9,Budget,51687.771363071704
Maharashtra,2,8,9,Luxury,519614.6761676185
Tamil Nadu,9,7,1,Luxury,62012.26659121203
Kerala,6,5,4,Moderate,68360.52102647135
Kerala,7,4,5,Luxury,179881.54136823383
Delhi,10,14,2,Moderate,82444.75615213958
Agra,1,5,9,Budget,47054.468254840154
Agra,3,7,9,Budget,56355.81530490021
Maharashtra,10,5,9,Budget,59455.38444417177
Tamil Nadu,5,8,8,Luxury,377386.2118864393
Agra,12,7,6,Budget,62968.07758828367
Goa,7,7,1,Budget,14263.712430436159
Karnataka,1,9,5,Moderate,183683.16153528422
Goa,9,8,8,Moderate,190394.33317386237
Rajasthan,5,13,4,Moderate,138309.95402176128
Karnataka,12,12,8,Moderate,304849.7307169414
Uttarakhand,3,8,6,Budget,53344.474693460346
Karnataka,7,6,1,Moderate,20124.164730148168
Karnataka,10,7,1,Luxury,69187.01949483517
Maharashtra,8,8,3,Luxury,276315.4575244227
Goa,10,13,1,Luxury,195471.53946645424
Tamil Nadu,10,5,4,Moderate,62783.363066007616
Delhi,3,10,3,Budget,51298.64343289623
Maharashtra,7,2,7,Moderate,42165.710749269274
Karnataka,7,14,9,Luxury,846683.1593228785
Delhi,4,7,7,Moderate,115503.8893319475
Himachal Pradesh,10,10,5,Luxury,393628.2833373844
Delhi,9,3,1,Budget,5780.127451061431
Kerala,1,10,5,Budget,137981.00069325665
Maharashtra,1,11,1,Budget,31219.763670810116
Maharashtra,5,8,6,Budget,85421.31437628744
Kerala,3,6,8,Budget,59277.9351872244
Himachal Pradesh,10,11,7,Moderate,180198.94657230334
Agra,9,14,1,Budget,23340.97406010335
Agra,5,4,8,Moderate,67338.52086157408
Agra,7,2,9,Luxury,94003.30760757979
Agra,1,13,2,Luxury,293455.5447610373
Goa,2,7,1,Budget,14043.026065302038
Kerala,11,1,6,Moderate,28223.781938282296
Himachal Pradesh,12,7,4,Budget,71918.84811018317
Karnataka,4,13,7,Luxury,794128.3469112498
Rajasthan,9,10,3,Moderate,101895.09038878343
Maharashtra,5,13,3,Luxury,411290.6709878266
Delhi,5,10,8,Moderate,160299.97756395506
Agra,9,7,7,Luxury,292468.8113944816
Delhi,8,10,5,Budget,72464.42221443098
Rajasthan,2,13,3,Budget,58043.66258621562
Maharashtra,7,3,1,Budget,6135.786137197323
Uttarakhand,1,4,3,Luxury,100681.76962211053
Tamil Nadu,10,12,9,Luxury,609923.8685499713
Himachal Pradesh,11,4,1,Luxury,51392.81756796949
Goa,11,4,5,Budget,51083.23167659443
Delhi,9,9,4,Luxury,368871.0942508981
Agra,3,6,6,Luxury,221810.45846119084
Kerala,2,10,2,Budget,42247.9251387942
Delhi,4,9,4,Luxury,343694.97676355013
Maharashtra,4,12,9,Moderate,285942.59639023244
Uttarakhand,3,4,5,Luxury,151081.64667284867
Himachal Pradesh,2,7,8,Budget,75728.54957983633
Kerala,5,13,2,Moderate,98569.36823096804
Tamil Nadu,4,12,9,Budget,95229.5914271446
Maharashtra,5,10,7,Budget,96123.95110902835
Uttarakhand,12,12,7,Budget,119163.64293684943
Kerala,12,12,2,Moderate,139656.93429541853
Tamil Nadu,8,9,8,Moderate,161640.24720780214
Delhi,11,10,9,Budget,107818.49723507489
Maharashtra,2,3,5,Luxury,130312.43691312752
Karnataka,9,13,3,Moderate,136054.57607558632
Tamil Nadu,10,3,3,Budget,11608.677683634585
Uttarakhand,1,6,6,Luxury,295410.7712280524
Karnataka,8,8,1,Budget,16519.513176597968
Karnataka,12,1,9,Moderate,26355.96524209952
Goa,5,4,6,Moderate,77781.29391875608
Uttarakhand,2,13,9,Luxury,723451.6846490987
Karnataka,8,8,3,Moderate,69031.36318961193
Delhi,5,6,3,Budget,24859.843047053706
Maharashtra,10,14,7,Budget,143824.29561791796
Maharashtra,10,2,7,Luxury,126694.13592930249
Delhi,3,8,4,Luxury,308472.3369793881
Goa,7,13,8,Luxury,857218.2072787634
Himachal Pradesh,4,14,2,Luxury,307115.8578756908
Goa,11,1,1,Budget,2932.0743580714925
Maharashtra,11,12,1,Budget,29975.712193118517
Himachal Pradesh,10,1,2,Budget,3795.475065130547
Goa,12,7,6,Budget,121929.00654474481
Karnataka,6,14,8,Luxury,873040.029128317
Himachal Pradesh,10,10,3,Moderate,117850.92746609
Maharashtra,8,3,6,Budget,28332.272425338007
Delhi,1,12,8,Moderate,256808.442250585
Agra,2,12,9,Luxury,641672.744999168
Karnataka,8,8,8,Luxury,456549.2826652692
Karnataka,7,9,7,Moderate,175708.21695848633
Agra,10,8,4,Luxury,281116.3047853696
Tamil Nadu,9,1,3,Moderate,9510.344869742674
Rajasthan,2,1,7,Budget,7325.544096145565
Kerala,8,6,1,Luxury,65094.120251518754
Uttarakhand,6,12,7,Luxury,737229.2703870522
Goa,1,1,6,Moderate,33310.45949894653
Rajasthan,4,8,3,Moderate,85400.78294858459
Goa,2,13,3,Moderate,165043.42205498426
Rajasthan,7,14,2,Moderate,81593.87817311479
Himachal Pradesh,9,6,1,Moderate,22796.7468843575
Delhi,6,5,5,Luxury,232619.6702544411
Uttarakhand,4,13,7,Moderate,195412.37671421305
Uttarakhand,5,6,7,Budget,57267.19948075682
Goa,11,4,6,Moderate,131690.7156362801
Agra,1,1,6,Luxury,50890.8051527318
Himachal Pradesh,4,7,7,Budget,64524.25678079183
Tamil Nadu,10,10,8,Luxury,568824.0585786115
Uttarakhand,3,9,5,Moderate,127286.05667349305
Kerala,9,4,1,Luxury,50893.81635133824
Goa,6,13,7,Luxury,974061.4872380814
Karnataka,4,4,2,Moderate,27731.471923173838
Kerala,3,9,5,Luxury,461669.1853664795
Maharashtra,12,4,7,Luxury,325751.4615254656
Goa,4,10,7,Luxury,688408.7110475965
Goa,8,4,9,Budget,49374.348406726276
Karnataka,12,8,5,Luxury,455906.08325435594
Himachal Pradesh,5,11,6,Moderate,251845.62652235987
Karnataka,11,4,6,Moderate,76717.53240411897
Uttarakhand,1,9,1,Luxury,98753.81724343105
Delhi,5,11,7,Moderate,167078.1206139845
Goa,8,8,7,Budget,97249.24758669201
Maharashtra,11,5,4,Moderate,93101.92510540933
Agra,12,9,4,Moderate,95425.88918499954
Goa,4,8,6,Luxury,515670.64645600866
Karnataka,2,14,3,Budget,61410.080604499184
Rajasthan,3,10,6,Budget,71910.59382252098
Goa,11,4,4,Moderate,104419.21900459817
Goa,9,4,8,Moderate,89729.18739178152
Maharashtra,7,1,5,Luxury,43698.843476917995
Maharashtra,3,4,8,Luxury,263746.6805746769
Goa,5,12,9,Budget,132958.5230059202
Rajasthan,3,13,4,Luxury,453842.8138646116
Delhi,10,8,1,Budget,12326.96347034658
Tamil Nadu,4,12,7,Budget,85260.27050127696
Rajasthan,12,12,7,Moderate,309083.68322687893
Rajasthan,8,5,5,Budget,33276.71140711763
Rajasthan,3,6,5,Budget,37656.406034138934
Delhi,3,4,1,Budget,7168.779165877659
Himachal Pradesh,11,14,3,Budget,62386.99148899133
Himachal Pradesh,11,5,1,Moderate,20440.611367419217
Rajasthan,8,10,7,Luxury,445249.0401159466
Tamil Nadu,10,8,5,Luxury,361504.064482022
Karnataka,10,12,4,Budget,80815.48614375899
Kerala,7,9,7,Luxury,592261.4854934114
Himachal Pradesh,7,3,9,Luxury,181352.93900896655
Agra,10,10,6,Budget,58551.141055148066
Maharashtra,2,4,9,Budget,41678.22096538819
Delhi,12,1,6,Luxury,64713.325359157825
Delhi,7,11,9,Moderate,215315.267983913
Kerala,10,5,6,Luxury,247957.6046887927
Himachal Pradesh,11,4,9,Budget,40828.450119428126
Tamil Nadu,10,6,3,Luxury,151596.37365838414
Tamil Nadu,3,6,5,Luxury,236867.08083385802
Maharashtra,7,13,5,Moderate,240455.61460216233
Rajasthan,4,10,8,Luxury,500554.5893976395
Karnataka,8,6,7,Luxury,316460.5166136482
Himachal Pradesh,8,3,2,Budget,10654.846359293004
Tamil Nadu,6,14,2,Moderate,90072.4650545862
Kerala,12,7,7,Luxury,539186.8741720942
Maharashtra,3,3,4,Luxury,117223.53871764174
Goa,6,6,6,Budget,58888.00069232898
Maharashtra,6,13,9,Budget,161100.90249382742
Tamil Nadu,3,13,4,Moderate,132156.8363874447
Goa,11,14,7,Moderate,516049.3773613716
Agra,4,10,9,Moderate,154183.37086252292
Uttarakhand,2,1,1,Budget,1481.8428869443896
Maharashtra,1,14,2,Budget,65209.71426138925
Kerala,2,8,9,Budget,87792.10466374806
Kerala,7,7,5,Budget,59930.765787584794
Karnataka,10,12,4,Moderate,149915.75057059925
Rajasthan,5,9,7,Moderate,169075.12752420685
Maharashtra,9,14,5,Moderate,257690.49993289707
Tamil Nadu,3,3,1,Budget,4210.083824691926
Uttarakhand,2,12,9,Budget,112749.4006282732
Himachal Pradesh,4,8,8,Budget,77682.57261794693
Tamil Nadu,2,2,3,Budget,10158.524147568573
Kerala,11,9,3,Luxury,479420.11916900304
Agra,7,1,3,Moderate,7818.137360877759
Tamil Nadu,10,12,7,Moderate,201877.24699328313
Delhi,6,10,2,Luxury,181200.48992236974
Kerala,8,7,9,Moderate,141690.25112505513
Maharashtra,5,14,4,Budget,91026.7376668322
Agra,2,10,7,Moderate,158075.99341495842
Delhi,4,14,8,Budget,108604.01624635282
Goa,1,1,5,Budget,13124.456080143775
Uttarakhand,2,6,8,Budget,54975.388390327775
Kerala,4,1,4,Luxury,43359.13953514562
Maharashtra,6,13,2,Moderate,101304.84082044095
Delhi,4,4,3,Budget,19654.35578667491
Delhi,4,7,6,Moderate,107994.21541895698
Rajasthan,11,2,6,Luxury,156378.91961682134
Delhi,10,3,7,Moderate,52570.60574629329
Uttarakhand,10,4,4,Moderate,45251.46244347602
Agra,2,6,8,Moderate,107320.48422897588
Agra,9,13,8,Moderate,219233.3281117104
Delhi,12,12,7,Luxury,693306.5011449185
Maharashtra,10,9,3,Moderate,110417.92181464318
Kerala,8,4,3,Budget,24376.594129427056
Maharashtra,8,6,2,Luxury,134809.42694340675
Karnataka,5,12,7,Moderate,238269.4940423321
Kerala,3,7,6,Moderate,116089.65026484973
Goa,6,4,7,Budget,43227.26194834959
Uttarakhand,9,6,2,Luxury,115683.75752755349
Maharashtra,8,3,4,Luxury,118631.44737783525
Rajasthan,7,5,1,Budget,7929.150152395795
Agra,11,12,2,Moderate,81157.67503965436
Delhi,8,12,7,Moderate,223284.8626035778
Kerala,4,11,5,Luxury,543184.7331961548
Delhi,6,10,3,Luxury,300613.30163588305
Goa,5,4,2,Moderate,36141.98326749115
Karnataka,12,7,3,Budget,42518.125739687246
Delhi,2,6,4,Budget,33725.184981062295
Maharashtra,8,7,5,Moderate,114837.9720268369
Kerala,3,6,8,Budget,60165.21525332244
Rajasthan,5,12,9,Luxury,594479.7096724546
Goa,8,2,2,Moderate,19144.11139944089
Tamil Nadu,11,14,3,Budget,78029.09743686754
Uttarakhand,9,7,4,Budget,42160.52711941469
Karnataka,9,8,7,Luxury,471155.8290239247
Maharashtra,5,7,6,Luxury,345496.9197631788
Uttarakhand,2,4,6,Moderate,52697.78572447424
Rajasthan,7,4,7,Luxury,233628.3565773062
Uttarakhand,11,12,1,Luxury,113884.3194953071
Agra,11,5,8,Moderate,102359.28352137274
Kerala,7,14,9,Budget,154623.62466376962
Uttarakhand,12,9,2,Luxury,252132.68585249555
Maharashtra,8,5,1,Moderate,22478.03173917572
Tamil Nadu,8,2,4,Luxury,62871.456261870124
Agra,5,5,2,Luxury,98099.6528682588
Agra,1,13,6,Budget,105000.55713428855
Uttarakhand,11,3,3,Luxury,79742.74359907623
Karnataka,4,10,9,Luxury,606671.0276429913
Himachal Pradesh,4,8,8,Luxury,529040.6194283033
Karnataka,11,10,7,Budget,101596.92835459652
Delhi,3,10,7,Luxury,446850.31385824335
Maharashtra,8,13,7,Moderate,261768.58452945112
Himachal Pradesh,3,2,5,Moderate,34215.06764160252
Kerala,5,14,8,Budget,142949.16612269595
Agra,2,11,4,Budget,52356.359566025705
Maharashtra,6,4,5,Budget,34794.439239976775
Rajasthan,6,5,3,Luxury,151851.71727012677
Delhi,8,12,3,Budget,56066.49154775689
Tamil Nadu,8,4,2,Moderate,24177.328306247346
Delhi,1,13,5,Moderate,209522.33002913411
Maharashtra,5,14,2,Luxury,327248.1381720754
Kerala,2,5,4,Luxury,224971.49580722288
Agra,10,10,1,Luxury,89529.1324434974
Goa,12,11,2,Luxury,399654.25083392934
Goa,5,13,1,Moderate,52924.62738988125
Maharashtra,10,4,2,Moderate,29838.332191234946
Uttarakhand,12,13,4,Budget,97900.9856292322
Karnataka,9,3,1,Luxury,33777.661410491535
Delhi,4,1,6,Moderate,16324.036949962101
Kerala,8,14,1,Moderate,48799.174205354415
Delhi,1,4,3,Budget,23450.01502695931
Rajasthan,8,9,2,Moderate,57192.53748073928
Goa,6,1,2,Moderate,7926.627501115178
Agra,8,7,4,Luxury,203343.90414617013
Rajasthan,6,3,9,Budget,30769.37932753067
Agra,11,8,3,Luxury,254505.31145776963
Delhi,3,6,6,Luxury,249799.6119791402
Kerala,12,13,3,Budget,105131.74559086126
Goa,11,1,5,Budget,13619.468532208297
Delhi,8,10,9,Luxury,487089.44667348516
Goa,5,5,3,Luxury,194117.9320812716
Maharashtra,12,14,8,Luxury,1056748.614127372
Tamil Nadu,10,12,6,Luxury,521448.47480714385
Tamil Nadu,5,13,8,Budget,115218.42296100681
Agra,12,8,2,Moderate,54210.12622382539
Delhi,7,11,9,Budget,111682.31777899881
Himachal Pradesh,6,3,1,Moderate,16418.97104903658
Goa,9,12,3,Budget,66908.38345249654
Goa,7,12,4,Luxury,612019.4098226042
Himachal Pradesh,3,4,6,Moderate,62568.067782398364
Uttarakhand,11,7,4,Budget,40519.39811462079
Delhi,11,11,2,Budget,47737.52025253901
Himachal Pradesh,12,6,3,Budget,45526.03692127191
Tamil Nadu,5,14,3,Luxury,365441.30409631546
Goa,9,7,6,Budget,78911.22507506344
Tamil Nadu,11,13,5,Budget,97637.98879097665
Delhi,10,9,5,Luxury,399214.44841013476
Kerala,2,9,4,Moderate,136267.7875828358
Kerala,1,2,4,Moderate,36582.43782048474
Agra,11,3,9,Luxury,182971.51699897178
Tamil Nadu,8,4,7,Moderate,72460.21298777888
Tamil Nadu,8,6,8,Budget,45349.98709906641
Tamil Nadu,2,5,4,Budget,25069.013648560544
Uttarakhand,8,6,3,Moderate,49946.63142463244
Tamil Nadu,5,11,1,Moderate,41683.04425549705
Kerala,2,8,9,Moderate,158488.8311082324
Uttarakhand,7,2,9,Luxury,98228.09847584528
Agra,7,6,2,Moderate,37638.09242021246
Maharashtra,3,9,4,Luxury,342848.8226728625
Rajasthan,1,5,4,Moderate,102535.92580629665
Agra,11,1,1,Luxury,11573.911791077295
Karnataka,4,13,2,Luxury,311937.2208644769
Uttarakhand,2,8,8,Budget,59459.339155029076
Kerala,4,4,6,Moderate,66220.64628058976
Kerala,8,8,1,Budget,15379.719215013542
Delhi,2,13,7,Budget,96459.69713042566
Goa,1,4,7,Luxury,344591.55407643365
Tamil Nadu,11,11,6,Luxury,659301.3674888756
Kerala,3,8,8,Luxury,430721.9798458191
Tamil Nadu,10,9,5,Luxury,383125.6910330289
Himachal Pradesh,7,5,2,Budget,19228.533240588746
Goa,12,5,4,Luxury,300132.4286601262
Himachal Pradesh,6,2,8,Budget,25071.626741702596
Tamil Nadu,6,9,8,Budget,76173.29770487302
Uttarakhand,7,11,5,Moderate,146783.59955239328
Karnataka,8,4,6,Moderate,74508.62043226055
Goa,3,3,9,Luxury,220460.440697062
Uttarakhand,3,2,2,Budget,6875.932996017532
Kerala,10,3,5,Budget,21769.839517890625
Karnataka,8,4,9,Budget,41431.88686976717
Maharashtra,12,9,3,Moderate,135134.64100712276
Kerala,7,6,6,Budget,49679.85938472356
Rajasthan,10,10,4,Budget,64650.53430035657
Agra,5,5,4,Budget,24737.212587832677
Goa,4,13,3,Moderate,181624.69150582986
Rajasthan,6,9,1,Luxury,82920.48367875289
Tamil Nadu,9,8,8,Luxury,418421.90027459647
Goa,6,6,5,Luxury,351511.00110989995
Agra,8,3,2,Moderate,18003.888775531435
Goa,1,7,1,Moderate,47329.166361939235
Uttarakhand,12,13,1,Luxury,175407.12024577774
Himachal Pradesh,6,10,4,Luxury,527244.6883763217
Delhi,2,6,4,Moderate,68022.07510689898
Uttarakhand,3,12,6,Luxury,532967.0210497559
Agra,6,11,7,Budget,86874.15266572482
Goa,2,14,1,Moderate,58828.2131737727
Uttarakhand,4,8,2,Luxury,165471.18861508303
Himachal Pradesh,6,12,3,Luxury,496133.1160011356
Rajasthan,5,6,9,Moderate,111153.81963696069
Uttarakhand,6,14,4,Moderate,207563.23687596357
Tamil Nadu,6,11,6,Budget,72151.85284838015
Rajasthan,8,10,2,Moderate,58837.4259342238
Agra,9,4,2,Moderate,24819.653253763947
Rajasthan,5,10,2,Budget,32066.20015080082
Goa,6,12,5,Luxury,592787.988614464
Karnataka,6,7,9,Moderate,148574.69494720147
Karnataka,6,7,6,Luxury,397874.5026680141
Maharashtra,2,11,9,Budget,141086.01952258308
Tamil Nadu,4,8,6,Moderate,126762.22782714036
Goa,1,2,9,Budget,33077.89202749255
Agra,12,11,5,Luxury,425887.4616182733
Kerala,1,6,1,Budget,20003.434927826096
Karnataka,1,14,6,Moderate,318557.52164347185
Agra,7,3,4,Moderate,31722.885715750537
Rajasthan,1,8,9,Luxury,762304.0911218987
Uttarakhand,6,4,6,Luxury,264773.4526753859
Karnataka,2,14,1,Luxury,139270.0757621401
Goa,6,4,6,Luxury,222804.4880058629
Karnataka,6,2,3,Moderate,17389.14855830902
Himachal Pradesh,12,13,3,Moderate,185278.67854638415
Himachal Pradesh,11,6,7,Moderate,105819.44804535386
Himachal Pradesh,3,6,2,Budget,21179.447070602742
Tamil Nadu,8,1,9,Budget,7596.658744609127
Karnataka,11,12,9,Luxury,920425.1020690955
Maharashtra,4,8,7,Luxury,449551.9101416024
Agra,7,3,9,Luxury,140037.95089015662
Himachal Pradesh,4,1,6,Moderate,16599.18780614312
Rajasthan,1,10,9,Budget,123304.54090241592
Goa,6,1,2,Luxury,24615.136150296134
Tamil Nadu,5,1,5,Luxury,44350.181143545014
Delhi,9,5,6,Moderate,88039.43187142529
Himachal Pradesh,9,5,6,Budget,36652.86560218889
Agra,12,1,4,Luxury,31540.16374941239
Rajasthan,11,5,4,Luxury,275297.7930229262
Goa,8,7,5,Luxury,344526.9255260858
Uttarakhand,7,5,6,Luxury,241823.53296826297
Kerala,2,9,8,Budget,93118.54632030168
Rajasthan,8,4,1,Budget,6634.165316630836
Maharashtra,3,13,8,Luxury,967584.9446266143
Rajasthan,6,9,2,Moderate,56580.89960956946
Rajasthan,10,12,7,Luxury,584213.8604394491
Maharashtra,7,8,4,Moderate,101665.50512855873
Uttarakhand,12,14,8,Luxury,896904.7576677607
Tamil Nadu,6,13,6,Luxury,624408.954951695
Karnataka,5,1,5,Moderate,15953.271336403566
Goa,4,13,5,Luxury,678117.7233213363
Rajasthan,2,4,4,Budget,22724.53839743517
Rajasthan,9,7,3,Moderate,64530.541300767836
Maharashtra,7,1,3,Budget,5331.223540955219
Agra,7,12,3,Moderate,100343.28245796403
Rajasthan,4,8,7,Budget,75526.86719758072
Rajasthan,5,14,8,Luxury,651889.5566021316
Maharashtra,6,11,8,Luxury,814991.7050157224
Agra,12,2,2,Moderate,12112.080664847892
Maharashtra,11,8,3,Budget,60959.04111409901
Tamil Nadu,12,11,2,Luxury,228445.3227174272
Rajasthan,2,13,6,Budget,115183.11348317683
Himachal Pradesh,4,4,3,Budget,22288.81015460416
Goa,4,8,6,Moderate,150781.6295571347
Agra,12,1,4,Luxury,31523.491849255235
Himachal Pradesh,4,12,6,Moderate,218487.30788061713
Maharashtra,7,5,3,Moderate,62173.18428976353
Rajasthan,7,9,5,Luxury,398385.2476820743
Maharashtra,7,7,8,Budget,73726.37176510548
Karnataka,7,3,3,Moderate,26619.88278445564
Karnataka,2,4,9,Luxury,228758.52047967745
Tamil Nadu,5,10,9,Budget,82914.24946684597
Rajasthan,10,7,7,Budget,64042.287919667986
Rajasthan,2,14,8,Budget,114380.77424772733
Himachal Pradesh,5,6,9,Moderate,188891.6749344835
Delhi,12,13,1,Moderate,56433.61840436657
Rajasthan,6,13,7,Luxury,665352.3166859263
Tamil Nadu,3,4,3,Budget,17072.801023380995
Agra,6,3,6,Budget,20295.52398538765
Agra,5,11,9,Luxury,541039.0826900945
Maharashtra,4,2,8,Budget,20116.725119121966
Himachal Pradesh,10,10,2,Budget,41393.211910181366
Uttarakhand,9,12,4,Luxury,439803.4880301328
Kerala,11,9,5,Luxury,626771.1234743274
Maharashtra,8,3,6,Moderate,52515.9071550296
Rajasthan,12,7,7,Moderate,169651.10896454589
Maharashtra,7,1,4,Moderate,16337.038868240099
Uttarakhand,11,8,4,Luxury,253839.80884279226
Kerala,1,1,5,Moderate,26965.896721882145
Uttarakhand,9,12,9,Budget,89963.8726953872
Uttarakhand,9,2,9,Moderate,37429.824550501355
Karnataka,6,1,1,Moderate,3990.9597890667965
Agra,7,4,5,Moderate,50174.20703010115
Delhi,3,2,5,Luxury,74452.1801034594
Rajasthan,5,1,7,Budget,9813.399639921057
Tamil Nadu,7,1,8,Luxury,47044.16758408686
Himachal Pradesh,1,2,3,Budget,10905.493784004071
Maharashtra,12,6,1,Moderate,32521.392060949674
Rajasthan,1,2,2,Moderate,21505.61472623785
Karnataka,5,13,6,Budget,118809.56766158571
Agra,9,13,6,Luxury,603757.1485673288
Maharashtra,7,12,5,Luxury,531496.4442036967
Himachal Pradesh,1,12,5,Moderate,180878.1901525606
Delhi,12,11,9,Budget,142509.4825357553
Rajasthan,5,13,7,Budget,124252.88810066295
Tamil Nadu,8,2,6,Budget,17035.71380690473
Agra,8,8,7,Budget,60254.14556317784
Goa,12,5,3,Moderate,95850.26950879568
Rajasthan,2,14,7,Luxury,669260.2668219961
Uttarakhand,7,8,3,Moderate,68255.93451281021
Uttarakhand,10,12,8,Budget,85491.4585670419
Tamil Nadu,5,14,9,Luxury,797774.3497509456
Kerala,9,12,3,Moderate,146158.1124249757
Tamil Nadu,3,14,7,Budget,100019.75336805046
Agra,1,8,8,Moderate,147710.29143220608
Uttarakhand,4,12,3,Budget,53755.49859079068
Delhi,7,2,6,Moderate,32749.084317018318
Delhi,1,14,7,Moderate,271397.3707768461
Uttarakhand,2,7,4,Moderate,65188.03990410157
Agra,5,9,6,Budget,67817.93222566944
Karnataka,9,12,7,Luxury,572748.3164305636
Himachal Pradesh,1,8,7,Luxury,403668.45621695847
Himachal Pradesh,12,13,1,Budget,39380.95511565268
Agra,4,9,2,Luxury,153917.2338727181
Goa,12,13,1,Luxury,292789.5666783359
Himachal Pradesh,3,8,9,Moderate,183708.77465628067
Maharashtra,5,4,7,Moderate,94407.29139968516
Himachal Pradesh,5,10,7,Budget,112380.50585835116
Maharashtra,10,7,3,Budget,34367.57328516155
Uttarakhand,2,9,5,Moderate,104511.35518077495
Karnataka,5,9,2,Budget,33119.298075328115
Tamil Nadu,9,4,5,Budget,24514.769938570877
Karnataka,5,7,8,Luxury,403509.69641311077
Himachal Pradesh,11,6,3,Budget,33424.22484187285
Himachal Pradesh,10,12,4,Budget,70212.77411627318
Agra,2,12,8,Moderate,175175.2769759951
Tamil Nadu,7,3,2,Budget,10046.963592906155
Himachal Pradesh,6,10,1,Moderate,45342.66651863912
Kerala,7,6,3,Budget,34901.737837623245
Kerala,8,8,2,Luxury,192045.9411771075
Goa,10,2,2,Moderate,15199.77652436111
Uttarakhand,5,12,4,Budget,84369.20583149503
Maharashtra,2,3,6,Budget,24228.513685632533
Karnataka,7,8,5,Luxury,363875.39550555166
Uttarakhand,7,4,4,Budget,21088.225438060057
Maharashtra,8,4,8,Luxury,256060.00922748577
Maharashtra,7,2,5,Moderate,29600.104219565736
Rajasthan,10,11,2,Moderate,69908.9262891287
Himachal Pradesh,7,10,4,Budget,72720.18542195723
Goa,9,12,7,Moderate,230048.76876414235
Himachal Pradesh,8,13,4,Luxury,575676.5701369062
Goa,2,1,6,Luxury,67092.47566746238
Uttarakhand,2,7,2,Budget,19383.887457349396
Agra,7,14,9,Luxury,722330.7180250569
Agra,10,4,4,Luxury,107379.55768295418
Uttarakhand,11,6,1,Luxury,51719.023773314264
Tamil Nadu,10,8,3,Budget,35511.28106611649
Kerala,3,11,7,Moderate,209161.49843962188
Maharashtra,1,7,9,Luxury,625551.0770778478
Goa,9,13,6,Moderate,297940.1611153036
Delhi,3,14,4,Moderate,188731.91400968752
Himachal Pradesh,1,7,2,Budget,22593.929058297384
Uttarakhand,6,6,9,Budget,76630.70675741945
Maharashtra,4,11,8,Moderate,245341.75585615574
Goa,1,4,7,Budget,63574.7207159897
Karnataka,4,4,2,Moderate,32294.373328437097
Tamil Nadu,8,9,2,Luxury,167057.664481485
Himachal Pradesh,11,11,8,Moderate,228140.92628079173
Agra,7,5,9,Moderate,81069.05341767652
Uttarakhand,12,9,9,Luxury,575370.9615694985
Agra,1,11,8,Budget,91874.30411175804
Goa,10,12,1,Moderate,58052.32082485952
Agra,12,9,5,Budget,70664.73422662207
Himachal Pradesh,9,4,7,Luxury,214311.45582871302
Kerala,6,2,6,Moderate,31323.158832596833
Maharashtra,2,2,1,Moderate,9551.653673798699
Kerala,3,9,6,Moderate,161857.718487569
Uttarakhand,7,9,4,Moderate,87172.74119437466
Kerala,3,3,3,Budget,14734.514669204906
Rajasthan,3,5,4,Budget,25692.339653470128
Maharashtra,5,5,8,Luxury,348224.63619649847
Goa,3,2,6,Budget,21489.871606399196
Maharashtra,3,2,9,Moderate,46754.87991513456
Rajasthan,11,10,5,Luxury,638750.7534420823
Delhi,5,12,9,Moderate,218736.64006490062
Kerala,5,13,4,Moderate,200701.60559670912
Maharashtra,12,1,4,Luxury,56042.758633370635
Agra,9,2,6,Moderate,30301.736030616194
Goa,1,14,7,Moderate,436886.6508115953
Karnataka,1,11,2,Luxury,318332.53175435966
Uttarakhand,11,7,4,Budget,34256.96181006895
Uttarakhand,9,1,8,Luxury,43274.737451079156
Uttarakhand,5,1,9,Luxury,68653.4223267357
Maharashtra,4,9,5,Luxury,412951.1230520835
Kerala,2,13,6,Budget,117615.07569745518
Maharashtra,12,2,7,Luxury,141516.93784805993
Himachal Pradesh,9,11,7,Budget,92325.0557824997
Agra,6,4,3,Moderate,35746.190855783316
Karnataka,9,11,2,Luxury,232544.724361752
Karnataka,5,3,8,Moderate,50958.6204128811
Agra,4,14,9,Moderate,197905.66572700476
Rajasthan,7,11,8,Budget,96591.90894680977
Tamil Nadu,5,4,8,Moderate,77041.18406663797
Himachal Pradesh,8,11,2,Moderate,79610.60560775448
Goa,8,14,4,Luxury,573032.520676081
Karnataka,2,11,6,Moderate,169228.71040610434
Uttarakhand,5,7,8,Luxury,423095.50557535974
Maharashtra,10,10,2,Moderate,87744.25641114572
Rajasthan,8,14,8,Budget,144448.11783821756
Tamil Nadu,3,2,1,Moderate,5764.071340565684
Agra,7,2,6,Budget,12175.57300871054
Delhi,3,9,8,Luxury,442908.977691926
Goa,6,6,8,Luxury,459576.3159656573
Tamil Nadu,2,11,7,Moderate,195973.90928155987
Uttarakhand,6,7,7,Moderate,149942.58163429517
Tamil Nadu,6,5,9,Luxury,304935.5979479303
Karnataka,8,13,2,Luxury,254386.7229106452
Maharashtra,5,5,1,Luxury,63474.77203099307
Agra,1,4,2,Budget,15716.767919737928
Tamil Nadu,8,8,3,Moderate,78274.78844439155
Goa,12,7,9,Luxury,762507.1499897985
Tamil Nadu,9,10,7,Luxury,428128.7308705753
Delhi,1,2,5,Moderate,37675.868442471125
Rajasthan,5,2,5,Moderate,28353.85683845989
Karnataka,12,6,6,Budget,56493.70400685011
Maharashtra,6,12,2,Luxury,283075.83813998994
Uttarakhand,4,11,1,Moderate,33203.40203226355
Agra,11,1,1,Budget,1827.5699650156794
Agra,2,7,3,Luxury,158512.91373730265
Rajasthan,5,8,1,Budget,13773.130956314833
Kerala,4,14,9,Moderate,295710.3310640123
Kerala,7,10,5,Budget,82785.66088469299
Uttarakhand,6,8,9,Luxury,495984.2711934533
Tamil Nadu,3,3,5,Moderate,40773.16424824312
Delhi,9,13,1,Luxury,140313.0091339598
Agra,4,7,7,Budget,49787.469624611185
Tamil Nadu,11,1,7,Budget,8965.32536605135
Agra,5,13,4,Budget,73047.70890407846
Agra,3,11,3,Moderate,84951.06086104854
Tamil Nadu,8,3,1,Budget,4670.418194743383
Rajasthan,11,13,7,Moderate,330729.63365235104
Kerala,7,6,5,Budget,44803.053959572775
Himachal Pradesh,11,9,1,Budget,18796.81594691482
Goa,11,5,1,Moderate,34407.5994366537
Rajasthan,7,13,3,Moderate,132225.14222087187
Karnataka,8,14,3,Moderate,150155.74906414433
Delhi,7,5,2,Luxury,108374.60375167642
Delhi,3,9,8,Budget,90971.38772041399
Goa,3,12,8,Luxury,948406.9325594896
Delhi,2,9,6,Budget,68400.23767282278
Tamil Nadu,1,6,5,Budget,46717.636840607884
Delhi,5,5,6,Budget,34060.07069836224
Himachal Pradesh,12,10,1,Budget,29997.136893330233
Delhi,4,2,2,Luxury,40943.12815896573
Agra,11,11,7,Budget,103199.62520568358
Rajasthan,2,8,1,Luxury,82387.33241937995
Tamil Nadu,1,12,8,Moderate,245165.31488944704
Kerala,3,8,3,Luxury,262557.4009420276
Delhi,6,7,4,Budget,45340.48296507477
Uttarakhand,2,14,7,Luxury,680878.978585898
Uttarakhand,10,8,7,Luxury,411454.4007309808
Uttarakhand,7,3,2,Moderate,16689.70599762801
Delhi,11,3,5,Moderate,45952.28348878469
Karnataka,7,2,8,Moderate,35095.45616879575
Agra,11,1,9,Budget,8276.124658107745
Maharashtra,3,3,5,Luxury,136642.3269669444
Delhi,1,3,2,Luxury,63605.52098975628
Karnataka,9,7,4,Moderate,86838.28268856533
Maharashtra,11,12,5,Budget,107433.31101914874
Goa,5,10,6,Budget,98693.99485188889
Himachal Pradesh,2,9,6,Budget,88481.02941544031
Agra,8,12,1,Moderate,36036.36418740682
Delhi,12,1,6,Budget,10653.874727044877
Rajasthan,10,8,1,Budget,14848.01475805685
Tamil Nadu,10,1,5,Budget,7380.7550457778825
Rajasthan,4,3,7,Moderate,53388.33775651413
Rajasthan,11,4,8,Moderate,119358.69725356142
Goa,10,11,5,Luxury,558859.0246215174
Tamil Nadu,12,8,2,Luxury,173636.94693612
Goa,7,13,3,Luxury,539278.2331856741
Maharashtra,5,1,7,Moderate,19144.753641406693
Goa,3,12,4,Luxury,537807.5122177933
Uttarakhand,10,2,1,Budget,3345.1124438464253
Himachal Pradesh,8,11,3,Moderate,109216.98735885043
Uttarakhand,2,5,2,Moderate,26031.018726803173
Delhi,1,6,9,Luxury,444030.0415606562
Maharashtra,5,5,1,Budget,9982.294583252267
Karnataka,11,13,9,Budget,143111.45703969005
Maharashtra,4,3,5,Moderate,50484.15350881769
Karnataka,11,10,6,Moderate,170335.4463580701
Himachal Pradesh,10,7,6,Luxury,398302.2120946078
Goa,7,12,6,Budget,112801.20609058412
Goa,9,1,9,Moderate,27381.824249078032
Tamil Nadu,6,2,9,Budget,18770.287552188503
Delhi,11,11,7,Moderate,229683.93642103503
Rajasthan,1,14,3,Luxury,650048.7509693871
Kerala,8,12,7,Moderate,270004.17674550577
Maharashtra,2,9,5,Moderate,139914.84080919577
Maharashtra,4,14,9,Moderate,303717.03527626576
Delhi,3,4,8,Luxury,217379.49655906842
Uttarakhand,6,8,6,Luxury,489570.25990036846
Agra,2,9,5,Luxury,329148.74459640984
Delhi,5,7,2,Moderate,47233.90103018039
Kerala,11,1,3,Moderate,17795.254258652458
Goa,9,5,3,Budget,29505.673316349275
Karnataka,3,6,4,Luxury,193219.29606811216
Uttarakhand,2,14,3,Luxury,403779.5138606589
Uttarakhand,2,11,7,Moderate,180875.57712188488
Tamil Nadu,9,8,6,Luxury,323199.36486071814
Himachal Pradesh,6,10,8,Budget,118800.31877429754
Kerala,2,13,2,Luxury,280019.1449081975
Uttarakhand,3,8,2,Luxury,129479.82399927496
Kerala,1,13,1,Luxury,261857.15026818233
Delhi,2,12,5,Budget,78402.2319084095
Karnataka,2,14,7,Budget,134740.3250578689
Karnataka,11,9,9,Luxury,678034.3801666277
Maharashtra,2,9,5,Budget,80452.95147532264
Goa,7,4,1,Moderate,18162.228197198507
Maharashtra,3,6,3,Luxury,218184.73220171747
Uttarakhand,11,3,8,Budget,25052.792096279474
Himachal Pradesh,4,1,3,Budget,4941.637424791768
Maharashtra,2,13,7,Budget,148154.6021478028
Maharashtra,5,13,3,Moderate,145594.62502128218
Maharashtra,9,6,2,Budget,24428.642351344883
Kerala,12,1,6,Moderate,26716.54319825094
Delhi,9,9,2,Moderate,64796.57846805434
Himachal Pradesh,7,11,5,Budget,84597.03128817349
Karnataka,12,6,5,Moderate,105625.86561499325
Tamil Nadu,8,1,5,Budget,6120.494207181233
Kerala,5,11,6,Budget,111222.78979296233
Uttarakhand,5,13,3,Budget,87190.16831419639
Himachal Pradesh,12,3,5,Luxury,187583.8997606958
Karnataka,3,1,8,Moderate,20161.900409486043
Himachal Pradesh,6,2,4,Moderate,36264.050253607136
Agra,1,6,5,Budget,39003.33650641606
Agra,3,7,1,Moderate,20218.98351051261
Maharashtra,11,1,1,Budget,2787.0325882162115
Maharashtra,2,10,8,Moderate,237888.1410218099
Agra,7,5,2,Moderate,25101.3005450126
Tamil Nadu,9,6,7,Budget,42329.651591688074
Karnataka,4,4,7,Budget,40105.55511530796
Uttarakhand,7,6,9,Budget,58050.041206018584
Goa,8,5,1,Moderate,21111.07372766894
Goa,10,13,2,Luxury,318373.37738232454
Kerala,2,13,1,Luxury,148315.57135143215
Tamil Nadu,7,11,1,Moderate,32237.685674909026
Tamil Nadu,12,7,4,Moderate,101175.52791480496
Uttarakhand,3,13,8,Budget,103944.55061725316
Himachal Pradesh,8,4,8,Budget,43506.30909212766
Goa,6,1,9,Budget,13529.702673008876
Himachal Pradesh,3,2,2,Moderate,16228.221193337436
Himachal Pradesh,8,6,7,Budget,61188.073930717685
Tamil Nadu,11,14,4,Budget,102416.77752162439
Himachal Pradesh,3,13,3,Moderate,131358.81035450086
Goa,9,10,4,Luxury,393860.6667483016
Karnataka,11,13,4,Budget,86704.20963541206
Rajasthan,3,11,3,Luxury,314738.5439683298
Himachal Pradesh,1,2,9,Budget,19658.31718420771
Uttarakhand,2,13,8,Budget,118838.04561859508
Delhi,4,5,2,Budget,16939.910203625608
Maharashtra,11,12,3,Moderate,143643.34003850567
Uttarakhand,2,4,7,Moderate,62316.04110937961
Agra,4,7,5,Budget,46056.73481337383
Goa,4,4,1,Budget,9980.31913203723
Delhi,4,7,1,Moderate,22045.521174596088
Maharashtra,1,11,8,Moderate,253719.36458942405
Uttarakhand,9,8,6,Luxury,333883.18395406136
Delhi,10,7,4,Moderate,72442.23098478936
Rajasthan,11,2,3,Budget,15137.593820064436
Goa,7,11,9,Moderate,263092.6465551232
Karnataka,2,1,9,Luxury,54513.441584994536
Kerala,3,5,4,Luxury,179671.0986000467
Tamil Nadu,8,13,8,Budget,125840.05495092689
Rajasthan,7,13,4,Moderate,133493.40698844503
Agra,4,12,8,Luxury,493850.5515629719
Tamil Nadu,4,13,7,Luxury,580350.4122775814
Karnataka,9,7,6,Luxury,307132.9506047498
Rajasthan,5,12,7,Budget,107354.05284483153
Maharashtra,11,1,6,Luxury,62288.28474585506
Delhi,5,11,6,Moderate,172206.86390877972
Goa,7,8,7,Budget,97732.03333258406
Delhi,1,3,4,Moderate,47013.97027513253
Himachal Pradesh,3,7,5,Moderate,95108.10565238362
Uttarakhand,2,3,9,Luxury,136331.84709857882
Agra,11,4,2,Budget,14354.087189937725
Himachal Pradesh,10,8,9,Budget,74946.5549396223
Himachal Pradesh,6,14,5,Moderate,323075.08624234423
Agra,11,14,1,Budget,24704.733837660297
Uttarakhand,12,2,7,Budget,19676.8056904738
Maharashtra,6,6,5,Budget,57570.14914921248
Uttarakhand,10,10,3,Budget,37440.760016690714
Goa,1,9,3,Luxury,436612.383033974
Delhi,6,10,1,Moderate,38276.38824775043
Maharashtra,10,9,7,Moderate,182590.9074082193
Kerala,2,5,2,Budget,21496.894902688193
Delhi,11,3,8,Budget,28956.455175037714
Maharashtra,4,6,4,Moderate,76863.10961303112
Uttarakhand,6,12,4,Moderate,155466.4443623635
Agra,3,9,5,Luxury,296503.6499775386
Uttarakhand,3,6,9,Budget,54285.71618422474
Kerala,12,4,7,Moderate,125479.0980096468
Maharashtra,3,12,3,Luxury,399659.55011393165
Goa,4,11,4,Luxury,468147.052115757
Uttarakhand,9,13,9,Budget,119609.4475418988
Maharashtra,4,5,1,Luxury,56812.32418282145
Delhi,4,7,8,Luxury,412824.06951021653
Kerala,4,10,8,Luxury,677649.5880878039
Goa,7,14,7,Luxury,909728.635447418
Maharashtra,5,13,6,Luxury,669347.4255507564
Rajasthan,12,3,7,Budget,40090.95269057849
Uttarakhand,2,14,4,Budget,84235.7269614205
Kerala,7,12,4,Budget,82322.3390641617
Goa,3,9,5,Budget,80053.95088401256
Goa,11,1,4,Moderate,26249.45648753142
Himachal Pradesh,1,8,4,Budget,52260.245896772474
Tamil Nadu,9,5,9,Budget,38324.802388248616
Kerala,5,10,6,Budget,90055.34981035444
Goa,10,9,3,Luxury,322663.8822362652
Maharashtra,1,2,3,Luxury,76555.71223037293
Himachal Pradesh,11,1,8,Luxury,56031.81376509088
Tamil Nadu,1,10,3,Budget,60369.57770141415
Delhi,1,7,4,Moderate,88972.30498193222
Maharashtra,12,10,6,Moderate,244765.08711122998
Uttarakhand,9,12,9,Budget,116196.86308612413
Tamil Nadu,8,11,6,Moderate,151563.52385923077
Kerala,11,9,3,Moderate,126852.47123715497
Uttarakhand,6,14,6,Budget,132955.3414092234
Karnataka,10,5,4,Luxury,184900.41108249623
Karnataka,6,11,5,Moderate,184847.56175129733
Kerala,6,4,5,Luxury,187976.10951037498
Delhi,4,4,3,Budget,16586.962342802286
Tamil Nadu,5,12,5,Luxury,424860.44968365633
Himachal Pradesh,10,13,5,Moderate,188870.00087750415
Rajasthan,3,8,7,Luxury,372603.5127198664
Goa,3,1,9,Luxury,63289.60544254311
Rajasthan,10,1,5,Luxury,37908.274253894146
Karnataka,7,8,9,Budget,70461.24712890133
Karnataka,5,2,5,Budget,13479.980424916599
Delhi,8,10,4,Budget,68361.70948092554
Rajasthan,5,6,6,Budget,46476.1663114124
Rajasthan,12,2,8,Luxury,171593.5777835784
Himachal Pradesh,4,5,4,Moderate,58113.16350637971
Delhi,3,3,5,Luxury,139203.22637739792
Delhi,12,7,1,Luxury,82032.3361995932
Kerala,2,9,1,Luxury,123632.6925615336
Uttarakhand,3,2,8,Moderate,36641.690968985546
Delhi,7,7,7,Moderate,136288.13509578843
Delhi,8,13,5,Moderate,191189.29072586933
Maharashtra,5,13,9,Luxury,926470.6047422994
Tamil Nadu,11,8,1,Budget,17460.893568311294
Tamil Nadu,1,14,3,Budget,79679.57187479029
Agra,3,10,6,Luxury,417901.9321353709
Rajasthan,4,8,1,Budget,13404.729087056003
Goa,10,7,6,Budget,64982.45667788456
Rajasthan,12,14,2,Luxury,454423.8973702207
Kerala,4,12,5,Luxury,556309.420075734
Kerala,12,4,2,Budget,19798.64146699282
Kerala,1,4,1,Luxury,71559.83686235585
Uttarakhand,10,10,4,Budget,56970.59039914937
Goa,9,13,2,Moderate,95245.71766685623
Tamil Nadu,12,13,9,Moderate,295098.6054493403
Himachal Pradesh,10,9,3,Luxury,254139.5068690375
Tamil Nadu,4,12,9,Budget,98014.33091004455
Uttarakhand,2,10,4,Moderate,110852.4524319632
Kerala,9,9,7,Luxury,503368.82864839985
Uttarakhand,4,5,7,Moderate,77237.72950708447
Tamil Nadu,4,7,6,Moderate,104356.73189515549
Himachal Pradesh,11,7,8,Luxury,467372.33256105264
Agra,6,9,6,Moderate,110743.62570780583
Goa,8,12,9,Luxury,865432.7624769629
Uttarakhand,5,7,5,Luxury,408606.79638047534
Tamil Nadu,12,8,3,Moderate,77970.35475685852
Goa,8,7,5,Moderate,110214.02780441187
Tamil Nadu,1,11,4,Budget,63338.84915304123
Tamil Nadu,4,4,3,Moderate,31403.113221811524
Himachal Pradesh,1,12,1,Budget,21258.19928498768
Agra,3,2,8,Luxury,91051.92098118855
Goa,11,3,4,Moderate,70786.90011182676
Kerala,7,7,3,Moderate,68798.05278033619
Goa,1,14,4,Luxury,897302.9132149908
Delhi,5,11,1,Moderate,40799.37907737492
Kerala,1,11,6,Budget,166721.3038768226
Goa,6,13,3,Moderate,140678.86632170595
Maharashtra,9,9,8,Budget,97469.63584574277
Maharashtra,3,13,5,Moderate,204995.78017969624
Tamil Nadu,11,14,9,Moderate,301888.086962098
Kerala,11,11,9,Luxury,947032.5027132394
Goa,12,2,2,Budget,11944.072842258327
Tamil Nadu,6,14,5,Luxury,589137.8890200818
Rajasthan,4,7,7,Luxury,394649.84450161655
Tamil Nadu,6,4,7,Luxury,201121.22464392512
Uttarakhand,2,7,3,Budget,34272.131809241626
Maharashtra,4,12,7,Luxury,774864.2802948072
Rajasthan,7,5,7,Budget,46046.80362361616
Karnataka,11,7,4,Budget,50576.10715813891
Uttarakhand,6,6,7,Moderate,118667.30705944018
Kerala,9,13,8,Budget,141603.50366932765
Tamil Nadu,11,2,3,Budget,12036.263029047888
Maharashtra,7,12,2,Moderate,109604.05191454668
Agra,1,7,9,Luxury,402122.16700401966
Maharashtra,6,5,7,Moderate,104125.75021132504
Himachal Pradesh,11,9,1,Moderate,32263.06646542469
Maharashtra,3,13,9,Moderate,310099.2782998656
Agra,8,13,5,Budget,84206.16628538548
Agra,1,11,2,Moderate,64883.88832469576
Tamil Nadu,10,1,7,Budget,8925.748202654457
Kerala,2,1,9,Budget,10844.706570026292
Agra,3,2,3,Budget,8293.707262969687
Maharashtra,3,8,4,Budget,52085.891099555374
Kerala,7,11,9,Luxury,608082.6570329763
Goa,8,9,2,Budget,43694.55678495514
Maharashtra,9,11,4,Budget,88633.97021113196
Delhi,7,11,5,Moderate,166674.51632245595
Tamil Nadu,8,12,4,Moderate,133573.54338497762
Uttarakhand,11,7,7,Budget,51877.3121939808
Tamil Nadu,6,1,6,Luxury,39953.48390771104
Agra,2,12,9,Luxury,509877.83464298735
Karnataka,1,7,4,Moderate,104318.5025455721
Himachal Pradesh,3,13,9,Luxury,870443.8841078827
Delhi,9,8,1,Moderate,29897.74646189266
Agra,7,7,6,Luxury,305267.18564896146
Maharashtra,2,13,7,Luxury,710796.2978309095
Kerala,1,12,9,Luxury,1293333.1635168346
Delhi,2,5,1,Moderate,19095.854938658857
Karnataka,3,12,1,Moderate,38993.2627268012
Uttarakhand,6,7,2,Budget,28509.747632497794
Kerala,12,10,6,Budget,129946.58022951346
Himachal Pradesh,9,11,3,Luxury,362461.22498195834
Rajasthan,8,2,6,Luxury,104719.70438823996
Himachal Pradesh,10,9,2,Luxury,187672.18676528384
Tamil Nadu,9,2,6,Moderate,26410.77445807941
Delhi,11,2,7,Luxury,108016.41500735129
Tamil Nadu,11,5,6,Budget,46405.62438050627
Agra,8,14,2,Luxury,239254.7903897316
Goa,7,8,5,Budget,80684.2409281855
Agra,6,6,6,Luxury,276062.1991764423
Uttarakhand,8,12,8,Luxury,670575.7237091204
Delhi,6,9,9,Luxury,445333.7455692789
Goa,2,6,5,Budget,50505.0739005831
Kerala,9,5,7,Budget,45160.46898847543
Goa,9,1,4,Moderate,13320.163979787589
Uttarakhand,3,8,5,Budget,57624.66619889436
Maharashtra,9,3,1,Luxury,42276.873892663185
Tamil Nadu,2,12,3,Budget,51708.123737790585
Karnataka,12,13,2,Luxury,374279.2235310537
Agra,3,2,6,Luxury,82539.29878222806
Delhi,6,7,9,Budget,64840.85750536608
Uttarakhand,4,11,3,Moderate,96455.6214080678
Rajasthan,8,2,2,Budget,6494.5008522503995
Karnataka,1,14,2,Budget,55365.15735539809
Uttarakhand,6,1,6,Luxury,54693.91728058923
Rajasthan,2,11,6,Budget,85601.7469476573
Rajasthan,6,13,5,Moderate,183680.41402766065
Rajasthan,1,2,9,Luxury,186512.3559631975
Maharashtra,2,6,7,Budget,61246.91692764008
Goa,9,2,7,Moderate,48458.11681581458
Himachal Pradesh,6,1,1,Luxury,18136.874738253515
Agra,8,1,2,Moderate,6078.7437883859775
Rajasthan,7,14,3,Moderate,117206.46745720963
Uttarakhand,9,4,5,Luxury,151815.10591276072
Kerala,9,8,4,Budget,60221.502791506115
Kerala,11,6,8,Moderate,186730.61501385752
Delhi,4,4,4,Luxury,156111.57419514947
Tamil Nadu,7,6,6,Budget,48237.33163680025
Rajasthan,5,6,9,Moderate,101827.9193489625
Uttarakhand,7,9,2,Luxury,155762.63910389153
Rajasthan,4,4,8,Moderate,78563.81638983864
Maharashtra,12,6,5,Budget,54296.1246575414
Tamil Nadu,10,10,6,Budget,72530.14071854007
Rajasthan,11,1,3,Budget,6316.429015719057
Agra,11,7,8,Luxury,361949.9971630871
Kerala,1,7,2,Budget,37333.883823009186
Rajasthan,4,11,1,Budget,19424.781654901974
Agra,10,1,1,Luxury,10112.142464178136
Agra,3,8,8,Budget,60257.64034150535
Goa,9,14,2,Budget,66133.63320453042
Agra,5,5,5,Budget,31756.599129901864
Tamil Nadu,4,13,2,Luxury,265103.8023972886
Kerala,8,9,4,Budget,66014.10700498964
Delhi,5,8,9,Moderate,142224.07334669988
Maharashtra,3,3,2,Luxury,66137.2527169121
Kerala,2,1,4,Moderate,15548.539606401913
Uttarakhand,8,3,5,Luxury,123419.31638884585
Delhi,12,14,5,Luxury,677187.9459132587
Agra,2,2,5,Luxury,73174.65819691462
Rajasthan,8,2,2,Moderate,14400.728963340312
Goa,5,11,8,Budget,111548.21049399528
Delhi,8,4,5,Budget,24631.87313723496
Uttarakhand,5,2,6,Budget,17287.680657792473
Uttarakhand,1,8,8,Budget,59852.088761947154
Delhi,12,5,8,Luxury,290190.1518563559
Goa,11,1,7,Luxury,98125.1795167122
Agra,11,6,8,Moderate,105149.47361299512
Tamil Nadu,2,12,7,Budget,83793.92949174464
Uttarakhand,6,7,6,Luxury,416938.9605174721
Agra,3,13,5,Budget,79838.69615234513
Tamil Nadu,8,1,5,Budget,6343.055928382937
Tamil Nadu,5,13,8,Moderate,207041.59820746363
Uttarakhand,3,12,1,Luxury,111414.14519519426
Delhi,12,3,2,Budget,12041.45447185822
Tamil Nadu,10,9,1,Moderate,29130.00723601348
Rajasthan,7,13,7,Moderate,195746.23274470583
Kerala,8,14,9,Budget,149242.18303246205
Maharashtra,4,7,7,Budget,76791.18106167359
Uttarakhand,11,14,9,Moderate,265144.1055892987
Karnataka,9,13,4,Moderate,160573.63258820894
Tamil Nadu,6,12,7,Budget,111392.34317479694
Himachal Pradesh,1,4,7,Budget,41070.41271627659
Rajasthan,5,6,2,Moderate,36493.158703474546
Karnataka,5,6,2,Luxury,124898.90702031879
Agra,7,12,8,Moderate,175713.2571417909
Maharashtra,7,3,2,Moderate,24300.822973894243
Goa,6,2,1,Luxury,24765.363162204976
Tamil Nadu,8,5,1,Budget,7099.692519200773
Goa,2,8,1,Moderate,40367.32360025948
Maharashtra,7,3,6,Budget,28518.06510399854
Rajasthan,10,5,5,Luxury,236142.61720304747
Rajasthan,7,14,7,Moderate,212595.45710383446
Maharashtra,4,3,3,Budget,15231.515574424004
Rajasthan,12,14,5,Budget,134937.9471053214
Tamil Nadu,10,7,2,Budget,21662.69263007169
Maharashtra,2,6,9,Budget,75796.60274362333
Uttarakhand,4,6,9,Budget,54179.20602995563
Himachal Pradesh,4,1,4,Budget,5597.599216305907
Agra,12,2,2,Moderate,13299.130231077512
Kerala,12,6,8,Moderate,199737.97701138942
Delhi,6,8,4,Luxury,270382.0630652741
Himachal Pradesh,7,5,5,Budget,37915.20211080208
Kerala,3,12,4,Luxury,520654.94193719415
Delhi,10,2,2,Moderate,15155.290590563169
Goa,1,5,6,Luxury,432827.3653452492
Himachal Pradesh,3,9,1,Moderate,36707.312738613204
Karnataka,9,6,8,Moderate,124008.0683973781
Himachal Pradesh,1,13,1,Luxury,150098.54176538403
Rajasthan,8,13,5,Moderate,199109.70456286214
Tamil Nadu,2,5,9,Moderate,90065.39014175697
Tamil Nadu,6,10,1,Luxury,102712.47156814874
Kerala,3,6,7,Luxury,388491.58469392627
Rajasthan,7,13,7,Budget,110681.26140438882
Goa,2,12,5,Luxury,643714.5357977801
Tamil Nadu,4,14,4,Moderate,161370.12311738828
Agra,10,11,9,Budget,97231.12181408667
Goa,9,12,5,Moderate,191841.66143218422
Rajasthan,6,9,1,Luxury,102189.0017034827
Rajasthan,4,7,9,Moderate,124153.98899396413
Kerala,2,10,5,Luxury,418228.7872755809
Uttarakhand,10,3,9,Luxury,169151.74384598905
Tamil Nadu,9,10,8,Luxury,459995.9133521737
Rajasthan,4,10,7,Budget,78373.67953039418
Rajasthan,9,5,6,Luxury,250862.14365722903
Agra,2,4,9,Moderate,66054.32174283444
Himachal Pradesh,7,11,4,Budget,80024.13945540426
Himachal Pradesh,11,5,5,Budget,43179.41365766274
Rajasthan,11,8,1,Budget,19827.95801286222
Goa,5,11,7,Moderate,229757.7268710203
Agra,8,14,6,Luxury,517627.0746468195
Goa,11,6,7,Budget,99749.40095156118
Delhi,8,4,1,Luxury,40462.64431713472
Uttarakhand,4,5,7,Luxury,200953.9032883832
Himachal Pradesh,4,11,7,Moderate,198365.4218972554
Himachal Pradesh,8,7,8,Budget,60066.18647897195
Agra,3,14,2,Moderate,86959.11418291806
Maharashtra,7,8,1,Budget,18961.62103653569
Goa,8,5,1,Budget,10560.905446800658
Tamil Nadu,8,2,8,Luxury,107615.23026831615
Agra,11,6,7,Luxury,278324.1527136968
Kerala,10,9,9,Budget,93220.35593774823
Maharashtra,4,3,2,Budget,12242.603884608312
Karnataka,9,7,4,Luxury,232809.0981722121
Goa,10,8,8,Budget,90150.0883310678
Maharashtra,4,6,6,Budget,64443.652528107006
Agra,8,12,2,Budget,30774.008803280747
Tamil Nadu,6,3,2,Moderate,19488.455436615175
Kerala,5,1,7,Budget,10780.042539422755
Uttarakhand,4,3,9,Budget,28028.62469136019
Maharashtra,5,11,8,Luxury,779397.1134209733
Uttarakhand,11,6,2,Luxury,94965.11500263904
Rajasthan,1,11,3,Moderate,178078.90772833486
Himachal Pradesh,7,4,8,Luxury,253278.14847554316
Delhi,8,1,4,Budget,6760.998562603778
Himachal Pradesh,12,6,6,Moderate,164292.2195392031
Karnataka,9,1,2,Budget,3364.2094692680334
Tamil Nadu,3,12,1,Budget,20057.691203300183
Kerala,9,8,6,Budget,76956.44966429836
Uttarakhand,10,3,8,Moderate,55147.87879672362
Agra,5,3,5,Luxury,123258.69795622883
Uttarakhand,10,14,1,Luxury,153530.06700509271
Tamil Nadu,6,1,2,Luxury,17838.015747116006
Agra,1,3,3,Budget,15369.411378616423
Agra,9,7,2,Moderate,35673.78426641266
Karnataka,9,10,9,Luxury,655238.4691125714
Tamil Nadu,6,8,2,Moderate,45036.17227280214
Maharashtra,8,11,3,Moderate,139360.03875789282
Himachal Pradesh,4,8,9,Budget,93877.3571520139
Rajasthan,5,3,3,Moderate,24831.892393819653
Uttarakhand,5,5,8,Luxury,350735.6275458027
Maharashtra,7,1,8,Luxury,60895.56690352819
Rajasthan,7,9,3,Moderate,84285.42497214933
Kerala,7,8,3,Moderate,81054.63999916142
Delhi,5,10,8,Moderate,158284.33428504254
Uttarakhand,4,2,3,Moderate,16731.16434261467
Karnataka,8,10,4,Luxury,343951.38500065857
Rajasthan,1,1,5,Luxury,63931.57491822085
Agra,1,13,7,Budget,120870.7840626268
Maharashtra,6,13,1,Moderate,53048.93096335178
Himachal Pradesh,2,4,8,Luxury,216038.13304822645
Karnataka,12,9,3,Moderate,97913.2275108795
Uttarakhand,3,12,7,Luxury,480212.24195306894
Tamil Nadu,4,8,3,Budget,37803.90088177816
Maharashtra,2,3,9,Luxury,189002.43151619285
Karnataka,10,10,5,Luxury,506702.54211275285
Delhi,7,12,3,Budget,60902.44241355194
Uttarakhand,10,6,3,Moderate,48657.725859824866
Kerala,1,12,4,Luxury,659258.9264043989
Himachal Pradesh,3,9,5,Budget,70951.53661164675
Kerala,2,10,5,Budget,88749.38317969686
Rajasthan,9,8,8,Budget,74641.60934532293
Tamil Nadu,8,10,6,Luxury,380141.6957697757
Rajasthan,3,5,5,Moderate,76012.22994176703
Himachal Pradesh,5,12,2,Luxury,414565.5364286786
Maharashtra,3,13,5,Luxury,566251.1032047011
Rajasthan,11,12,7,Luxury,1011985.6973069789
Tamil Nadu,12,9,3,Budget,51275.02098063286
Goa,11,9,7,Moderate,288521.1499661467
Goa,12,3,1,Luxury,63193.447621676685
Karnataka,11,12,6,Moderate,215218.54217420504
Karnataka,6,8,1,Luxury,94663.33182641087
Uttarakhand,5,4,7,Moderate,89948.09728267249
Karnataka,11,10,6,Budget,87509.91146803513
Delhi,2,7,1,Moderate,27206.553305082645
Karnataka,10,10,9,Budget,88762.00521708526
Delhi,8,8,5,Budget,54963.501361810864
Karnataka,6,7,7,Moderate,112867.66846985139
Kerala,3,5,1,Luxury,62630.1894298
Agra,1,11,8,Luxury,661841.2396208243
Delhi,5,1,8,Luxury,61925.667206675964
Maharashtra,12,12,9,Luxury,907058.1917184978
Uttarakhand,11,8,2,Moderate,46689.00993621518
Himachal Pradesh,2,5,6,Luxury,247782.95440038448
Delhi,2,3,5,Luxury,110766.63951614012
Rajasthan,9,2,6,Budget,17204.860728771357
Agra,11,3,5,Moderate,37791.903440239475
Kerala,10,13,1,Budget,24740.647773343608
Goa,7,9,2,Budget,34901.256884009905
Kerala,6,2,3,Luxury,67995.54136325936
Karnataka,1,14,7,Luxury,1024929.1292023902
Uttarakhand,10,10,9,Moderate,185577.75937127272
Agra,2,1,2,Budget,3084.713272615754
Rajasthan,11,2,1,Luxury,27516.851338656263
Delhi,7,13,1,Budget,24380.909117285028
Kerala,3,2,4,Luxury,70890.74773130538
Agra,2,12,9,Luxury,580436.8242889494
Delhi,6,11,4,Luxury,415312.99345661275
Uttarakhand,8,5,3,Luxury,120064.08521061436
Himachal Pradesh,8,1,8,Moderate,20842.26416803858
Goa,11,13,9,Budget,263972.17236846325
Uttarakhand,2,12,5,Budget,85508.32612740301
Karnataka,6,10,2,Moderate,63806.469694425556
Tamil Nadu,12,8,4,Moderate,100425.78505339485
Himachal Pradesh,5,2,8,Moderate,58083.96089365857
Karnataka,7,6,2,Luxury,139497.02293957365
Kerala,4,5,9,Luxury,319647.2569020691
Himachal Pradesh,12,2,5,Budget,23975.32475005801
Karnataka,2,10,7,Moderate,185358.28518416645
Himachal Pradesh,10,12,5,Budget,84686.88519458343
Uttarakhand,3,1,3,Moderate,7395.7517546954305
Agra,9,6,2,Budget,18676.75061756103
Goa,10,14,3,Moderate,149320.79566351886
Goa,8,6,2,Moderate,44812.237463321966
Karnataka,9,3,2,Luxury,68530.26735071014
Karnataka,5,13,2,Budget,39274.62045538917
Himachal Pradesh,5,8,2,Luxury,267537.25613849796
Kerala,7,9,8,Luxury,578233.1260132407
Karnataka,7,3,5,Budget,23109.39203890023
Himachal Pradesh,1,9,9,Luxury,626849.3450510239
Maharashtra,12,8,5,Moderate,179021.99676385982
Goa,5,5,1,Moderate,19637.96895679782
Karnataka,8,6,8,Moderate,127664.59587267647
Uttarakhand,7,12,3,Moderate,108878.87909327277
Rajasthan,11,12,2,Luxury,339360.98528881656
Himachal Pradesh,2,12,6,Budget,113476.44444798099
Goa,8,1,4,Luxury,39335.8242177094
Karnataka,2,5,4,Budget,34634.726047516466
Agra,10,10,9,Budget,83920.63930106888
Himachal Pradesh,1,10,8,Luxury,550326.082389226
Kerala,11,12,3,Luxury,496762.2531143737
Karnataka,11,7,9,Moderate,168905.71428231473
Himachal Pradesh,11,1,1,Budget,1855.6861341019471
Karnataka,3,10,7,Budget,100509.48658280337
Tamil Nadu,3,9,7,Budget,79050.04977165496
Rajasthan,6,13,2,Moderate,88775.27755357584
Delhi,12,7,7,Budget,64485.19687971566
Delhi,3,4,7,Budget,36626.816040376296
Tamil Nadu,7,11,9,Moderate,201525.56003859334
Himachal Pradesh,8,4,6,Luxury,175807.76814753428
Kerala,3,11,9,Moderate,256261.60347911378
Karnataka,9,10,3,Moderate,109841.66406973431
Himachal Pradesh,1,7,8,Luxury,449131.22035902593
Agra,3,6,4,Budget,27628.714440447955
Kerala,12,3,1,Luxury,54040.50908460789
Agra,3,14,7,Budget,103742.18367296715
Tamil Nadu,7,9,3,Moderate,90639.26485885047
Uttarakhand,11,6,4,Budget,36807.51314979365
Delhi,11,11,3,Moderate,108359.62117469503
Delhi,5,2,6,Budget,18108.706840909657
Karnataka,4,10,1,Moderate,40182.25884507893
Rajasthan,2,12,7,Budget,99057.66122215049
Tamil Nadu,7,2,8,Budget,18412.418327996467
Himachal Pradesh,3,1,3,Budget,4940.164490442907
Tamil Nadu,7,11,9,Luxury,665027.5102211485
Himachal Pradesh,10,5,2,Moderate,34779.965737573606
Tamil Nadu,12,10,9,Moderate,230910.7391375392
Uttarakhand,7,6,5,Moderate,68857.51817556527
Maharashtra,11,3,6,Luxury,225694.5209732832
Rajasthan,2,4,2,Luxury,82683.42634148669
Himachal Pradesh,7,5,5,Luxury,249039.88075485916
Rajasthan,6,4,6,Luxury,184348.29745325062
Kerala,10,9,5,Budget,68680.4046430858
Tamil Nadu,4,12,4,Moderate,135957.6695611485
Karnataka,11,3,8,Budget,33470.32721727858
Goa,5,5,2,Luxury,128794.33068017535
Kerala,12,7,1,Luxury,123378.44060406301
Agra,8,12,2,Budget,31087.56128395819
Delhi,5,12,4,Moderate,163218.78425860044
Goa,3,7,1,Luxury,80781.0193955367
Uttarakhand,2,14,9,Budget,136405.8933281002
Tamil Nadu,6,6,1,Budget,10872.360075137336
Maharashtra,6,9,5,Budget,73806.09022146979
Uttarakhand,7,7,8,Budget,55131.67892019529
Himachal Pradesh,8,11,9,Moderate,203013.90664711507
Goa,4,4,9,Moderate,86500.02327476234
Delhi,12,11,8,Luxury,731729.4265000104
Karnataka,8,10,6,Luxury,440373.1915265378
Maharashtra,12,9,6,Moderate,202679.2001852494
Rajasthan,1,6,9,Moderate,186159.6706544361
Tamil Nadu,6,1,2,Budget,3376.7256918405706
Himachal Pradesh,6,9,3,Budget,57511.89099119782
Tamil Nadu,3,11,6,Budget,92972.5157700095
Uttarakhand,9,7,8,Luxury,327023.7617059505
Goa,12,6,7,Luxury,632087.3691018724
Uttarakhand,12,6,8,Luxury,394230.79258922394
Goa,5,4,5,Luxury,223609.21501567823
Karnataka,1,4,9,Budget,48994.79283439752
Delhi,7,11,6,Luxury,469591.4196529655
Rajasthan,10,3,2,Luxury,62589.19590992594
Karnataka,3,8,6,Budget,63123.60144291483
Kerala,10,8,4,Budget,56213.9760825699
Delhi,10,2,5,Moderate,28347.56864936467
Karnataka,11,5,5,Budget,48964.131008983466
Maharashtra,4,13,1,Luxury,149725.91849893064
Tamil Nadu,6,9,5,Budget,53188.16783438338
Uttarakhand,8,12,9,Luxury,688312.503358792
Delhi,4,14,8,Moderate,250561.06753275014
Maharashtra,12,9,8,Moderate,255815.66739759297
Uttarakhand,9,7,3,Moderate,68818.48665047326
Kerala,8,14,9,Luxury,919264.0792170187
Agra,10,4,9,Luxury,182775.63730520935
Delhi,10,4,7,Moderate,74655.23967386274
Maharashtra,6,10,6,Moderate,213434.48768793695
Uttarakhand,7,11,9,Luxury,526642.154428161
Uttarakhand,8,7,6,Luxury,319486.63234808354
Karnataka,2,3,3,Luxury,97478.19513371699
Goa,5,3,6,Luxury,156364.79881375868
Karnataka,7,5,2,Moderate,36122.96792139498
Maharashtra,8,11,2,Moderate,91286.77693330999
Himachal Pradesh,5,13,7,Budget,176382.7511925193
Tamil Nadu,3,6,8,Budget,45056.94904092965
Delhi,6,8,7,Luxury,352538.0501038076
Karnataka,5,1,5,Moderate,13883.999484117367
Uttarakhand,8,7,4,Luxury,218735.26757269667
Uttarakhand,9,8,8,Budget,59463.8481540197
Agra,9,5,9,Luxury,243698.85179001666
Delhi,12,12,7,Budget,113387.20797875682
Agra,12,10,1,Budget,17122.669962218104
Tamil Nadu,6,2,4,Moderate,21045.289344990764
Kerala,4,4,4,Luxury,176518.65997103052
Karnataka,4,6,3,Moderate,66720.56516994137
Rajasthan,9,9,4,Budget,50312.46219682518
Maharashtra,4,2,9,Budget,21840.721716321183
Maharashtra,8,4,1,Luxury,55166.93262843184
Kerala,9,10,2,Luxury,245722.41521433272
Delhi,5,5,7,Luxury,273363.6511578921
Karnataka,6,14,9,Luxury,891487.6951661758
Tamil Nadu,3,8,7,Budget,60744.45985858769
Goa,12,8,1,Budget,30535.883860614198
Agra,5,2,7,Budget,16063.545992931367
Kerala,5,6,6,Moderate,98666.5883552
Goa,2,6,1,Moderate,28313.427128203828
Agra,10,13,1,Moderate,34962.2504894552
Kerala,6,14,2,Luxury,326634.3536937033
Maharashtra,9,5,6,Budget,44260.457796317
Maharashtra,11,8,4,Moderate,120853.19959461856
Uttarakhand,7,10,4,Luxury,336502.9740852856
Agra,8,2,6,Luxury,90338.42771788484
Rajasthan,2,14,9,Luxury,708238.8557869985
Tamil Nadu,11,13,1,Budget,28821.576125315336
Himachal Pradesh,9,2,2,Luxury,38483.064780181296
Delhi,3,14,8,Moderate,273289.1349522755
Delhi,10,7,8,Luxury,438337.3307486856
Agra,5,9,6,Budget,53344.81805415459
Kerala,7,3,6,Budget,24672.637784816783
Kerala,4,7,8,Luxury,432024.3070842131
Himachal Pradesh,7,3,2,Budget,11601.952802878348
Tamil Nadu,8,12,2,Budget,42110.789159625456
Karnataka,10,6,1,Moderate,23725.86948211456
Tamil Nadu,10,3,6,Moderate,48174.866901983754
Karnataka,4,1,6,Luxury,49232.76113704259
Himachal Pradesh,5,6,6,Budget,68713.4006750981
Karnataka,11,11,2,Budget,46506.071965920186
Rajasthan,3,3,7,Budget,26878.965738710667
Uttarakhand,5,1,3,Moderate,12104.499288360525
Tamil Nadu,8,5,1,Budget,8968.563806391869
Karnataka,3,8,1,Moderate,26554.820092064187
Maharashtra,5,8,9,Budget,87894.64792260436
Rajasthan,10,8,3,Moderate,65768.43431658654
Tamil Nadu,1,3,8,Luxury,194859.65980063958
Karnataka,2,8,7,Luxury,468671.9267659074
Maharashtra,3,4,2,Budget,16761.44069828535
Himachal Pradesh,1,8,2,Budget,32823.4645885535
Himachal Pradesh,11,3,4,Moderate,43784.95905119742
Agra,12,3,2,Moderate,19106.680008936946
Delhi,11,1,5,Moderate,15505.591251977889
Goa,9,8,7,Budget,75640.05038915614
Maharashtra,9,8,2,Moderate,63889.185863992774
Agra,5,9,9,Budget,80797.69207701905
Rajasthan,4,6,1,Moderate,18842.292601029334
Karnataka,5,12,2,Budget,43361.63658560055
Tamil Nadu,4,2,7,Moderate,34477.990304613
Kerala,12,1,5,Moderate,23047.344658983966
Maharashtra,5,8,1,Moderate,35645.6811160649
Goa,7,10,4,Budget,84241.41691398674
Kerala,11,4,8,Luxury,319420.45261902525
Uttarakhand,8,11,5,Luxury,452208.10181392607
Goa,2,14,2,Budget,61642.610439323806
Agra,4,11,9,Budget,98317.47154432576
Goa,8,7,1,Luxury,84254.47268832206
Karnataka,7,14,1,Luxury,169717.01817833623
Tamil Nadu,9,10,5,Moderate,117790.73847395123
Rajasthan,5,12,9,Moderate,232575.36251305864
Kerala,6,4,6,Budget,33525.55345757972
Goa,11,1,5,Luxury,74682.17675165394
Karnataka,8,8,6,Luxury,399448.98707399855
Himachal Pradesh,12,10,6,Budget,128940.72095602532
Goa,11,14,9,Luxury,1597596.450856673
Goa,5,9,9,Moderate,250754.56565045606
Delhi,9,10,5,Luxury,372001.6772297774
Kerala,4,9,4,Luxury,391629.0073190098
Delhi,8,9,1,Moderate,27299.193894925473
Delhi,12,12,6,Luxury,651303.2432495736
Tamil Nadu,3,12,7,Moderate,184929.9119887298
Karnataka,5,11,7,Moderate,184844.49072376828
Delhi,8,11,1,Moderate,38874.25086998971
Goa,10,12,6,Luxury,672932.6104568879
Agra,12,4,8,Moderate,71905.13836251464
Agra,7,9,3,Budget,40381.08380796451
Himachal Pradesh,1,11,1,Luxury,118768.22192088996
Agra,12,4,7,Moderate,80846.78758320969
Himachal Pradesh,4,2,4,Budget,12051.944577518181
Agra,2,10,5,Budget,67254.06951555633
Uttarakhand,2,3,2,Moderate,17863.94019509581
Himachal Pradesh,7,2,7,Budget,20896.4537816913
Maharashtra,12,14,1,Moderate,69010.35199020653
Kerala,12,1,4,Budget,11027.303082128723
Kerala,3,11,8,Luxury,665807.5066686543
Kerala,3,6,7,Moderate,121865.48147721289
Karnataka,6,4,7,Budget,31381.088211420036
Tamil Nadu,6,7,7,Budget,58275.873126449755
Rajasthan,1,7,5,Moderate,138883.3836961451
Tamil Nadu,1,14,3,Luxury,515923.4247247118
Himachal Pradesh,11,10,7,Moderate,203551.35032627443
Tamil Nadu,6,1,8,Budget,7497.823010647635
Agra,7,12,7,Moderate,160432.42250543233
Himachal Pradesh,9,13,6,Luxury,690122.9154511858
Tamil Nadu,4,9,9,Budget,75388.89559199639
Tamil Nadu,10,8,6,Luxury,325703.6376326932
Delhi,6,10,5,Luxury,401817.4839424592
Uttarakhand,12,1,6,Budget,8889.16719520594
Karnataka,3,13,4,Luxury,498637.56949880347
Himachal Pradesh,11,8,6,Budget,63947.30988820828
Rajasthan,4,5,4,Luxury,198153.37930308338
Kerala,9,1,5,Luxury,41271.6375745558
Goa,1,4,6,Budget,58033.41645703932
Maharashtra,5,7,1,Luxury,89512.42653465689
Tamil Nadu,11,14,6,Luxury,688975.7787697392
Kerala,7,12,6,Luxury,561949.2904524847
Agra,3,5,1,Moderate,13076.050794811536
Maharashtra,2,11,7,Luxury,609729.8450556681
Uttarakhand,11,3,5,Moderate,35772.183420782996
Kerala,2,12,8,Budget,132502.7035602047
Delhi,1,11,5,Budget,91697.15776597946
Kerala,5,4,5,Budget,27516.0764083786
Uttarakhand,3,2,2,Moderate,10901.561220596825
Kerala,11,8,4,Budget,78366.80519530531
Tamil Nadu,12,12,4,Budget,78839.68872662324
Kerala,7,2,8,Luxury,108444.1839822935
Delhi,1,14,3,Moderate,140711.8072829656
Karnataka,9,13,1,Moderate,44668.42459775935
Uttarakhand,2,11,7,Moderate,189899.855703602
Delhi,8,6,9,Budget,51753.47584235549
Himachal Pradesh,10,14,6,Moderate,219778.3920090894
Kerala,4,7,2,Budget,26556.308278517674
Rajasthan,6,7,2,Budget,26008.43613292028
Kerala,9,13,1,Budget,26219.86271031752
Uttarakhand,7,1,6,Budget,6291.413250646996
Maharashtra,8,8,8,Luxury,474853.18271924305
Delhi,7,9,1,Moderate,34862.31610178617
Rajasthan,2,14,1,Moderate,54538.34035769499
Himachal Pradesh,9,14,1,Budget,28957.718767741342
Agra,1,7,5,Budget,51032.544463609025
Himachal Pradesh,2,13,7,Budget,118820.62680869039
Delhi,3,8,4,Luxury,265741.34731819486
Maharashtra,3,4,1,Budget,8520.441422029031
Delhi,10,12,1,Moderate,44303.540551028775
Goa,4,8,3,Moderate,100094.25581582534
Rajasthan,5,3,5,Luxury,115626.05549127847
Maharashtra,6,13,5,Budget,122405.70510151853
Rajasthan,1,1,9,Moderate,27418.139992530916
Delhi,8,13,9,Luxury,822211.2729799579
Karnataka,6,13,9,Moderate,251748.9758379873
Rajasthan,10,8,8,Luxury,376319.08771082904
Goa,9,11,9,Budget,143190.76930055988
Tamil Nadu,5,12,8,Moderate,231874.51869878964
Maharashtra,7,6,8,Moderate,121399.13040334595
Goa,11,9,8,Budget,159963.06346737363
Goa,4,3,8,Budget,38339.22447646026
Agra,6,8,5,Luxury,272541.7698089398
Karnataka,6,9,3,Budget,42071.247327446355
Kerala,4,9,4,Moderate,119134.31426438096
Karnataka,6,12,9,Moderate,243397.74868600784
Uttarakhand,8,14,7,Budget,111489.81582201192
Agra,11,14,9,Budget,135522.9718635399
Delhi,5,7,7,Budget,65793.49728947697
Delhi,2,12,8,Budget,97829.62250660193
Himachal Pradesh,9,11,3,Moderate,98814.39500029784
Kerala,11,10,8,Luxury,842932.1537931374
Uttarakhand,4,3,4,Moderate,34637.61494180001
Rajasthan,4,3,6,Moderate,42221.342685310985
Karnataka,11,2,1,Luxury,25224.024702866627
Maharashtra,7,1,2,Budget,4444.477816771058
Goa,10,13,7,Luxury,767134.4684810541
Rajasthan,10,2,6,Moderate,31766.244257406324
Himachal Pradesh,6,5,5,Budget,53296.41282819601
Karnataka,4,1,7,Budget,7797.838595792311
Maharashtra,6,10,2,Budget,35296.51616457136
Himachal Pradesh,3,4,4,Budget,29331.44207367504
Goa,7,11,5,Budget,112692.45936385969
Agra,6,10,8,Budget,86767.00606746881
Kerala,3,10,6,Luxury,528961.393190922
Agra,1,1,6,Budget,8325.84764981268
Maharashtra,12,12,5,Luxury,796336.8999320706
Agra,10,10,5,Luxury,379023.61330341734
Maharashtra,5,8,1,Luxury,112748.81106803122
Uttarakhand,10,12,4,Budget,61671.46912717013
Uttarakhand,2,5,9,Budget,44808.98770287879
Tamil Nadu,7,10,2,Budget,31980.499798423083
Tamil Nadu,7,4,6,Budget,34017.740598319695
Agra,4,3,2,Moderate,19039.535792687817
Delhi,6,9,9,Moderate,153014.6946600186
Agra,1,6,5,Budget,37483.25126785365
Agra,2,12,9,Moderate,191274.2139743284
Delhi,6,1,5,Budget,7095.583423733032
Kerala,2,14,9,Budget,164348.3294340588
Karnataka,12,8,2,Budget,30299.34917758709
Delhi,12,10,7,Budget,115863.16226173483
Maharashtra,11,2,8,Budget,26770.839664458912
Karnataka,4,13,3,Budget,71611.89474976574
Goa,4,9,1,Budget,22294.09688860477
Kerala,10,11,2,Luxury,284798.28393222665
Goa,9,7,5,Luxury,396000.5927757571
Tamil Nadu,10,3,9,Moderate,58011.986917890856
Rajasthan,7,4,5,Moderate,61384.85767849629
Uttarakhand,7,3,1,Luxury,28524.533332271018
Goa,12,6,1,Luxury,119031.60174710178
Himachal Pradesh,11,9,2,Luxury,221058.9600393337
Agra,1,10,1,Moderate,31323.293772303616
Maharashtra,11,9,8,Budget,133961.52804071456
Goa,5,1,2,Moderate,8751.309322159497
Goa,3,10,8,Budget,109793.31978324206
Rajasthan,3,6,5,Budget,42720.7547120843
Tamil Nadu,6,1,1,Moderate,3436.41350693776
Agra,4,11,4,Budget,49549.53628457957
Agra,8,4,2,Moderate,23962.283849107283
Rajasthan,4,7,6,Luxury,370695.8919229412
Delhi,8,4,5,Luxury,191753.259216223
Rajasthan,12,9,9,Moderate,262788.32256681565
Himachal Pradesh,12,14,3,Moderate,190661.8234749519
Karnataka,4,10,5,Moderate,150818.17819903226
Himachal Pradesh,3,5,7,Moderate,79214.53312421494
Rajasthan,5,14,9,Budget,148939.59890236176
Uttarakhand,12,9,3,Luxury,354480.24541603937
Delhi,5,1,4,Moderate,10709.188997901723
Uttarakhand,10,13,1,Moderate,42964.898069742456
Himachal Pradesh,10,12,2,Luxury,222538.39500013654
Agra,1,14,3,Moderate,124487.69068799209
Himachal Pradesh,8,4,7,Luxury,201320.2463444826
Kerala,8,7,7,Luxury,369141.3881176261
Tamil Nadu,8,13,1,Moderate,43570.54736401956
Maharashtra,10,2,9,Budget,25839.958032440638
Kerala,4,9,3,Moderate,86420.63024427705
Rajasthan,9,3,3,Budget,15760.398880320052
Goa,10,4,2,Moderate,29913.959991793286
Uttarakhand,3,12,3,Budget,45352.3572135426
Karnataka,7,14,6,Luxury,726169.373907298
Kerala,6,4,4,Luxury,166847.8072687033
Delhi,9,8,2,Moderate,50713.88240323073
Uttarakhand,12,2,8,Moderate,47058.69093812972
Kerala,4,5,1,Budget,10764.748653788982
Agra,4,2,8,Budget,16879.019252857204
Maharashtra,6,12,2,Budget,40870.15095925737
Himachal Pradesh,8,6,9,Budget,53768.04105137745
Himachal Pradesh,3,9,4,Budget,49478.83535059641
Kerala,11,12,4,Moderate,209228.7172062607
Rajasthan,8,9,7,Luxury,510230.9022323011
Delhi,8,14,3,Budget,57885.60676949025
Rajasthan,7,1,3,Luxury,30144.60785727786
Uttarakhand,7,4,4,Luxury,149361.92580867792
Tamil Nadu,5,4,3,Moderate,39071.16424522162
Maharashtra,2,1,8,Budget,9499.512628363673
Maharashtra,12,10,9,Budget,152159.72729072816
Himachal Pradesh,2,2,5,Budget,17289.246395369533
Maharashtra,12,6,3,Budget,43351.490915244234
Rajasthan,10,10,7,Moderate,177484.18924824713
Delhi,12,3,3,Moderate,35058.926880197905
Delhi,8,9,6,Budget,77684.3648489854
Himachal Pradesh,11,3,4,Budget,19690.769968764056
Kerala,6,3,7,Luxury,167603.5619115554
Delhi,8,9,6,Luxury,485265.7078573017
Rajasthan,3,3,7,Budget,22240.225786445128
Goa,1,6,4,Budget,72265.2678133141
Kerala,6,6,6,Luxury,332322.91748572665
Tamil Nadu,2,1,7,Luxury,50535.04531885669
Karnataka,12,13,8,Budget,156474.37537629862
Agra,9,13,9,Luxury,560443.7079662137
Maharashtra,5,7,3,Moderate,70652.44064728962
Maharashtra,5,9,5,Luxury,394728.0134338312
Goa,10,9,3,Budget,61865.57312842997
Kerala,8,9,5,Moderate,148747.83740932887
Himachal Pradesh,6,2,2,Moderate,17651.252601804346
Rajasthan,3,1,3,Luxury,27785.756427615128
Goa,9,6,7,Budget,63358.26359685347
Agra,10,6,8,Luxury,251164.67397267217
Delhi,4,4,5,Luxury,184229.70798563893
Himachal Pradesh,10,13,3,Luxury,433224.3128018391
Karnataka,4,8,4,Moderate,99555.33754053594
Himachal Pradesh,12,5,3,Luxury,216912.27190244923
Goa,2,7,3,Luxury,250284.09503132774
Tamil Nadu,3,9,9,Luxury,488504.32467696094
Goa,4,13,4,Luxury,638331.1758530678
Goa,7,1,6,Budget,11267.009916989557
Goa,3,9,3,Budget,56189.27728323022
Himachal Pradesh,8,13,8,Budget,114021.21907724728
Goa,8,13,4,Moderate,215133.54661732927
Kerala,10,4,8,Budget,40006.04043788949
Himachal Pradesh,11,7,2,Luxury,157527.62443910362
Delhi,2,11,9,Luxury,567302.9963569274
Kerala,4,4,2,Budget,13665.146217316173
Agra,8,4,3,Moderate,28051.992523014007
Delhi,1,13,3,Moderate,139214.11492521645
Karnataka,1,14,5,Moderate,255886.15328326577
Maharashtra,4,4,3,Luxury,128681.68677106971
Himachal Pradesh,11,6,8,Budget,54671.80062399763
Maharashtra,2,5,7,Moderate,118176.50203186853
Himachal Pradesh,1,2,1,Luxury,26212.077276537944
Delhi,8,9,6,Moderate,146212.90225267122
Karnataka,2,11,2,Moderate,73237.49119781487
Rajasthan,4,6,8,Budget,60523.48076587501
Rajasthan,3,10,8,Luxury,584786.2077967052
Kerala,2,6,7,Moderate,121690.30237510835
Goa,8,9,8,Luxury,709180.5399777065
Goa,3,1,1,Moderate,4426.171705302442
Rajasthan,9,7,8,Budget,59026.77019967016
Delhi,10,3,1,Moderate,11971.191715380977
Karnataka,5,4,3,Budget,22139.304753361652
Kerala,9,1,4,Moderate,15281.225854259315
Delhi,3,3,3,Budget,15953.422017916728
Goa,12,14,2,Moderate,173226.9454777501
Kerala,5,14,3,Moderate,167566.24983361707
Maharashtra,10,14,9,Moderate,354601.200253207
Uttarakhand,6,7,2,Luxury,181303.84361156277
Agra,9,14,5,Luxury,522938.9666120658
Kerala,8,6,3,Moderate,66306.52776347393
Goa,2,13,9,Luxury,810101.7665074053
Delhi,2,1,7,Luxury,51998.449618194805
Maharashtra,5,9,3,Moderate,87909.485047013
Agra,5,4,2,Moderate,22465.34496162807
Agra,5,7,2,Moderate,34461.86227515928
Kerala,4,4,5,Luxury,189428.59686196706
Agra,8,7,9,Luxury,320272.67737268086
Maharashtra,11,5,2,Luxury,155443.98176435303
Karnataka,5,1,2,Moderate,6985.924225689175
Delhi,1,4,8,Luxury,263030.94843617734
Kerala,10,3,3,Luxury,108971.48193835827
Agra,5,6,3,Budget,24170.956641685018
Karnataka,1,6,6,Budget,53760.87487158379
Delhi,4,1,6,Moderate,13919.428354617332
Himachal Pradesh,1,14,6,Moderate,225454.14500790657
Karnataka,6,14,5,Luxury,577847.5040209376
Himachal Pradesh,6,11,4,Budget,108989.55530152055
Himachal Pradesh,1,2,9,Budget,22113.688686824855
Karnataka,12,13,4,Moderate,170262.24080282883
Agra,8,12,1,Luxury,98312.38178405135
Himachal Pradesh,4,2,8,Moderate,38913.274922975725
Agra,2,12,8,Luxury,492051.1718552696
Agra,1,10,3,Budget,43733.45511469912
Delhi,11,14,9,Luxury,1069280.5858185824
Tamil Nadu,3,4,7,Budget,32739.689031794554
Maharashtra,7,13,7,Budget,145674.68412000587
Agra,10,9,5,Budget,51254.88915591993
Delhi,11,11,3,Moderate,120054.38115692527
Uttarakhand,10,2,5,Moderate,28352.146779973362
Himachal Pradesh,8,11,3,Moderate,118181.82977269017
Kerala,5,8,3,Luxury,273070.9361195549
Agra,7,11,1,Moderate,34375.51312125606
Karnataka,2,12,4,Budget,76411.44084681517
Himachal Pradesh,12,1,9,Moderate,32960.748631288145
Himachal Pradesh,12,12,6,Budget,160627.2532387436
Uttarakhand,4,8,6,Moderate,122488.81803025615
Kerala,6,3,6,Luxury,170658.45222493028
Delhi,12,14,5,Luxury,617597.1738850665
Uttarakhand,12,5,2,Budget,21185.413605218488
Maharashtra,12,1,5,Moderate,20135.84980111355
Himachal Pradesh,12,1,3,Moderate,12433.216509065702
Agra,12,6,2,Budget,22093.482415310784
Agra,12,3,4,Luxury,93700.98501312762
Uttarakhand,5,8,9,Moderate,189193.5727334769
Maharashtra,6,4,7,Moderate,92278.69090851374
Rajasthan,12,6,9,Moderate,161953.50915119896
Goa,2,13,3,Luxury,485598.68336630723
Karnataka,7,10,2,Moderate,66249.76364322784
Karnataka,8,12,9,Luxury,650009.3553540916
Rajasthan,11,9,6,Moderate,227297.33033427916
Himachal Pradesh,9,14,4,Luxury,494546.39227196993
Delhi,6,8,4,Budget,41490.93525041736
Kerala,7,4,6,Luxury,211796.43000723165
Rajasthan,12,10,7,Budget,136685.022270806
Maharashtra,1,8,5,Moderate,165151.0551986088
Agra,9,7,8,Moderate,100826.70152385012
Goa,6,5,1,Moderate,24644.840433855676
Himachal Pradesh,12,7,1,Budget,16369.357015909422
Goa,4,7,4,Moderate,112572.28958914628
Kerala,10,14,8,Luxury,901558.1647282775
Agra,9,13,8,Luxury,681211.250867938
Maharashtra,12,10,6,Budget,114316.04451630947
Karnataka,1,2,5,Luxury,116757.28671457278
Kerala,2,7,2,Budget,24328.058566472984
Rajasthan,3,3,5,Budget,21285.486242383024
Karnataka,1,8,5,Moderate,143470.78769826042
Karnataka,2,8,2,Budget,26393.42012875552
Maharashtra,2,9,8,Luxury,502127.8257116677
Rajasthan,7,11,5,Luxury,495852.9846672336
Uttarakhand,10,4,5,Moderate,49612.904668931864
Kerala,6,10,1,Budget,18800.55952192132
Delhi,12,3,1,Moderate,11443.663317980328
Tamil Nadu,9,9,1,Moderate,32833.804162863606
Agra,5,9,8,Moderate,133402.85083424384
Maharashtra,9,2,2,Moderate,14542.522257063938
Agra,12,6,8,Moderate,113110.37960522245
Kerala,10,3,6,Budget,29282.983743193174
Rajasthan,9,5,5,Luxury,216455.23563613906
Delhi,2,2,6,Budget,17924.4127078936
Tamil Nadu,12,4,4,Budget,30617.96313229257
Goa,9,11,3,Moderate,149783.11928623327
Delhi,3,3,4,Luxury,109193.40946114495
Maharashtra,11,2,9,Budget,29406.377263466522
Agra,3,6,8,Budget,43830.57359155286
Delhi,12,11,8,Luxury,737014.240853146
Himachal Pradesh,11,3,1,Budget,4958.704998956723
Rajasthan,9,4,5,Luxury,156076.97636676478
Rajasthan,7,6,6,Budget,44774.21397279099
Himachal Pradesh,11,12,9,Moderate,235989.64300598484
Karnataka,8,13,6,Luxury,583314.2963400332
Karnataka,7,12,1,Budget,19424.538595699265
Kerala,9,5,1,Budget,10235.11215763912
Uttarakhand,8,4,7,Luxury,187670.18488422228
Goa,4,13,3,Luxury,485866.7143780334
Himachal Pradesh,2,14,7,Luxury,695070.5753837808
Kerala,11,12,5,Luxury,980041.624965214
Agra,5,4,1,Luxury,35064.22256049197
Himachal Pradesh,2,2,8,Luxury,116762.84755060756
Uttarakhand,4,12,9,Moderate,210281.67254600863
Himachal Pradesh,12,13,6,Moderate,328971.3502489601
Uttarakhand,2,10,2,Luxury,176099.45339793715
Uttarakhand,5,13,9,Budget,140413.81982374776
Uttarakhand,6,4,2,Moderate,36939.91051064041
Rajasthan,11,12,6,Moderate,263135.4159557497
Delhi,1,8,4,Budget,56140.95869983424
Rajasthan,12,5,6,Moderate,122814.40055815851
Kerala,8,14,4,Moderate,216981.71843759302
Rajasthan,2,14,3,Luxury,341363.96595236484
Rajasthan,5,14,8,Moderate,256242.26519198503
Agra,11,11,5,Moderate,179124.61953578613
Himachal Pradesh,8,10,1,Moderate,35208.67298748122
Rajasthan,5,10,8,Luxury,482494.6035600148
Tamil Nadu,3,8,3,Budget,36675.4075876321
Uttarakhand,6,6,4,Budget,40927.98266817127
Himachal Pradesh,1,12,9,Budget,137114.00013700567
Karnataka,1,10,3,Budget,63953.079346901235
Agra,8,5,5,Moderate,53178.428309778574
Delhi,7,4,8,Luxury,223474.3872494877
Agra,10,10,6,Luxury,347544.4784622342
Uttarakhand,10,9,3,Moderate,85812.12377713624
Himachal Pradesh,11,10,8,Budget,90069.17493869012
Delhi,11,14,5,Luxury,754670.9129041185
Goa,3,5,6,Moderate,89292.03810992221
Maharashtra,8,10,3,Moderate,112461.87802887295
Agra,11,11,8,Moderate,232436.18089265167
Delhi,8,6,4,Moderate,62285.317099288855
Kerala,1,7,9,Luxury,638631.212632508
Delhi,10,11,5,Moderate,167057.31827918233
Maharashtra,7,12,1,Luxury,149538.1679617206
Uttarakhand,2,11,9,Moderate,198650.83095829742
Himachal Pradesh,12,13,8,Moderate,393294.4330988647
Goa,2,1,5,Luxury,58601.62022637105
Kerala,2,9,3,Moderate,94149.09347725208
Delhi,5,12,9,Budget,111039.81027951074
Tamil Nadu,7,8,7,Luxury,396360.00444426824
Rajasthan,4,12,8,Luxury,581049.6078645157
Uttarakhand,11,11,3,Moderate,105575.83888138055
Agra,12,5,6,Luxury,213365.05277979796
Agra,4,3,4,Luxury,83119.79422249619
Maharashtra,9,5,3,Budget,32133.026108901387
Uttarakhand,10,5,4,Luxury,152518.82927632242
Kerala,9,9,2,Budget,31575.6491351869
Karnataka,7,7,5,Luxury,303839.3890512807
Goa,10,13,8,Budget,162334.16227819485
Kerala,4,2,5,Luxury,92147.2169128511
Goa,8,5,2,Luxury,142667.53455026416
Himachal Pradesh,10,9,7,Budget,74975.98205666109
Himachal Pradesh,3,14,8,Budget,122466.16408384586
Uttarakhand,3,11,4,Budget,52253.488272599614
Uttarakhand,12,13,3,Luxury,443207.04763543897
Agra,7,2,8,Moderate,28387.852039259727
Rajasthan,11,8,2,Moderate,78874.24549816345
Maharashtra,12,12,7,Luxury,1021267.5370242172
Rajasthan,9,3,8,Luxury,181910.11046288552
Kerala,11,4,5,Budget,53687.486795529454
Agra,4,2,7,Budget,16158.558283281398
Goa,4,9,9,Budget,101860.95072677943
Karnataka,1,6,8,Moderate,127154.48115226903
Delhi,1,9,5,Luxury,485185.6225911626
Tamil Nadu,3,14,4,Luxury,485231.0256100308
Himachal Pradesh,12,11,3,Moderate,144073.90240864852
Rajasthan,7,13,6,Budget,116728.13068433665
Maharashtra,9,13,4,Budget,90709.59752609217
Karnataka,4,8,4,Budget,55066.56061358981
Karnataka,2,12,7,Budget,94871.59961850225
Himachal Pradesh,6,9,5,Moderate,164812.51374715415
Tamil Nadu,6,5,1,Budget,8140.618647773984
Uttarakhand,9,6,5,Budget,34015.38810433937
Karnataka,4,7,6,Moderate,133307.4634178936
Kerala,8,5,1,Budget,10936.062565398392
Kerala,3,1,3,Moderate,10651.200823043113
Uttarakhand,2,9,6,Budget,74121.77854224361
Goa,9,2,7,Luxury,121912.08836559644
Agra,6,7,7,Budget,54212.482631467465
Uttarakhand,11,12,7,Luxury,482776.5056513826
Tamil Nadu,8,8,9,Moderate,137097.03135903715
Kerala,11,8,2,Budget,39845.17195160885
Karnataka,10,1,3,Budget,4796.259565569563
Kerala,9,10,7,Budget,94489.59096292054
Delhi,1,7,6,Luxury,382036.5829870909
Agra,1,9,1,Budget,15784.137890898706
Maharashtra,11,11,7,Moderate,281179.1734099968
Delhi,5,14,2,Budget,42212.838674560946
Goa,9,14,4,Moderate,197132.321295801
Himachal Pradesh,7,11,7,Luxury,641268.4908554563
Delhi,7,3,4,Moderate,35338.40083619853
Goa,2,8,6,Luxury,436707.86270526156
Goa,3,8,9,Luxury,633456.1983615187
Maharashtra,4,9,5,Luxury,512234.31577232026
Himachal Pradesh,2,8,3,Moderate,81226.41573289185
Rajasthan,10,5,6,Moderate,81443.95885401792
Uttarakhand,9,5,4,Moderate,59546.42239116667
Karnataka,5,3,9,Budget,34139.59472019857
Tamil Nadu,7,12,2,Moderate,85829.62402228321
Tamil Nadu,11,6,5,Luxury,321287.83025011286
Tamil Nadu,9,10,9,Moderate,195093.95809869116
Rajasthan,5,3,7,Luxury,150913.16556351818
Uttarakhand,6,14,5,Moderate,263647.9739290763
Tamil Nadu,4,2,8,Moderate,37032.18169260292
Uttarakhand,8,7,2,Luxury,112048.21298752738
Karnataka,1,10,4,Moderate,133585.91974841568
Tamil Nadu,1,3,6,Budget,28377.098597382483
Himachal Pradesh,5,13,7,Budget,177926.67400712395
Goa,10,4,8,Luxury,306396.9735613901
Tamil Nadu,9,14,4,Luxury,426648.2732287923
Uttarakhand,2,11,9,Luxury,644943.713218878
Goa,11,10,7,Budget,152394.18470865017
Maharashtra,3,8,2,Luxury,170554.2860465015
Tamil Nadu,8,14,9,Luxury,708997.6446872483
Tamil Nadu,5,1,7,Budget,8833.422002192157
Delhi,3,9,5,Luxury,324502.2928296612
Goa,6,14,3,Moderate,156160.18017801447
Tamil Nadu,6,6,9,Moderate,121533.85376368288
Himachal Pradesh,5,2,7,Moderate,44581.646084390275
Karnataka,5,3,3,Moderate,27976.315154530756
Goa,6,5,5,Budget,42647.924289904
Karnataka,2,11,3,Moderate,123865.08866516079
Agra,6,12,3,Moderate,107441.24131160953
Uttarakhand,2,6,7,Budget,46476.7716493911
Maharashtra,3,9,9,Budget,96473.95606051754
Delhi,2,2,5,Budget,15866.596639064315
Himachal Pradesh,1,5,4,Moderate,58559.265062358325
Maharashtra,12,7,4,Luxury,357353.65256275155
Delhi,1,11,3,Luxury,365063.3963820058
Maharashtra,9,12,8,Moderate,296297.546666002
Maharashtra,4,11,1,Luxury,149236.60045960773
Kerala,5,7,3,Luxury,224308.1418496706
Uttarakhand,10,4,2,Budget,12550.52896548585
Rajasthan,7,3,7,Moderate,57740.097458163815
Delhi,2,13,6,Moderate,225095.71429818738
Himachal Pradesh,12,8,1,Luxury,132102.33031478536
Goa,11,13,3,Moderate,266444.799565692
Maharashtra,10,2,4,Budget,13767.14935857452
Maharashtra,9,5,7,Luxury,330294.8415695445
Delhi,12,12,3,Budget,58162.94173191912
Agra,4,10,4,Luxury,313616.99260087486
Rajasthan,10,5,7,Moderate,76411.28238450157
Maharashtra,10,1,4,Budget,7192.052262636511
Tamil Nadu,1,7,9,Budget,69152.36782953756
Kerala,8,4,6,Budget,34711.376854559465
Karnataka,4,10,2,Luxury,229385.25394646617
Kerala,7,12,1,Luxury,124931.7278591279
Rajasthan,3,2,8,Budget,18404.211890633673
Tamil Nadu,11,8,3,Budget,38211.586065480304
Kerala,12,4,7,Luxury,360551.8351963075
Karnataka,9,1,4,Moderate,13084.180644993201
Goa,5,8,3,Moderate,87929.6259404354
Uttarakhand,5,13,9,Budget,133942.27585149684
Goa,3,11,6,Moderate,195047.91760786355
Uttarakhand,11,7,6,Luxury,319601.6803514168
Agra,9,3,6,Moderate,39043.20074427362
Agra,3,3,3,Luxury,70120.21358475072
Agra,2,7,6,Budget,49970.04705157541
Kerala,11,2,4,Moderate,40764.900553404615
Agra,9,5,2,Moderate,29672.078540714392
Uttarakhand,12,7,3,Luxury,285970.8723338902
Goa,12,6,4,Luxury,413950.67137581046
Delhi,9,10,1,Budget,18224.684574151626
Maharashtra,10,7,7,Budget,75049.06632728268
Uttarakhand,12,2,5,Luxury,108639.23495488257
Goa,4,7,9,Luxury,535473.1139338353
Goa,4,2,6,Budget,22281.147792974618
Maharashtra,11,7,8,Luxury,601194.1228940908
Tamil Nadu,10,14,9,Moderate,216344.28300346783
Delhi,6,8,6,Budget,71538.78033628716
Tamil Nadu,9,10,7,Moderate,178542.70965540805
Tamil Nadu,8,8,6,Luxury,406716.81459439656
Goa,10,5,6,Budget,45978.830659921754
Karnataka,3,7,2,Budget,24873.74795105659
Himachal Pradesh,6,11,5,Budget,114929.54299962419
Uttarakhand,7,8,6,Luxury,332842.9496450949
Kerala,6,4,5,Budget,31102.55280423334
Tamil Nadu,3,2,4,Budget,12578.587193236192
Agra,9,7,6,Budget,50062.970925090696
Kerala,4,13,6,Budget,110848.7212170921
Rajasthan,2,1,8,Luxury,52616.02686846275
Karnataka,9,12,8,Budget,114349.82804263958
Kerala,3,2,1,Budget,3840.316001598981
Maharashtra,6,10,2,Luxury,218577.45796010614
Himachal Pradesh,5,7,1,Budget,18258.84844702419
Delhi,2,12,7,Moderate,179839.95606680767
Maharashtra,1,12,8,Budget,173967.56813284848
Tamil Nadu,9,10,3,Budget,48891.88639025293
Karnataka,3,13,3,Moderate,145139.62893783566
Karnataka,7,1,7,Luxury,53507.422366436236
Tamil Nadu,9,7,8,Budget,62784.84872247848
Himachal Pradesh,9,5,6,Moderate,93451.33413863067
Goa,12,14,8,Luxury,1392318.6854982877
Kerala,10,11,2,Luxury,260835.86080414336
Agra,6,3,7,Moderate,43282.81238480545
Tamil Nadu,8,11,5,Luxury,419096.50846855325
Agra,9,2,6,Luxury,89735.20604421571
Kerala,3,7,7,Moderate,142307.0520269958
Himachal Pradesh,6,9,9,Luxury,804369.7421766086
Goa,5,9,7,Moderate,178021.385274385
Delhi,7,14,1,Luxury,140249.092816508
Himachal Pradesh,7,10,5,Moderate,167561.37657055896
Agra,9,10,4,Luxury,279698.5782340005
Karnataka,1,8,8,Moderate,210772.95431417268
Karnataka,6,2,7,Budget,19935.074744401707
Rajasthan,5,1,4,Luxury,33211.15194393273
Uttarakhand,4,8,3,Moderate,60996.02853966071
Maharashtra,10,2,6,Luxury,102158.284543102
Maharashtra,12,4,8,Luxury,290173.07060345163
Tamil Nadu,11,12,3,Budget,59104.78883429481
Agra,1,4,5,Luxury,147723.91952827008
Maharashtra,4,2,1,Luxury,26827.680240241734
Maharashtra,10,4,8,Budget,49931.48276006641
Himachal Pradesh,11,7,7,Moderate,121989.15137661806
Delhi,7,6,8,Moderate,93353.29327015419
Agra,4,10,2,Moderate,64153.10283655962
Rajasthan,1,6,7,Moderate,140745.5831522896
Delhi,10,4,4,Moderate,40562.160817821095
Rajasthan,1,2,2,Moderate,18298.87293980385
Agra,1,5,9,Budget,42826.55204865919
Goa,11,11,5,Moderate,317140.77346530603
Goa,10,13,7,Budget,121896.83376421602
Maharashtra,5,3,4,Luxury,126258.74881294975
Tamil Nadu,7,3,4,Budget,16789.366205576523
Karnataka,9,4,3,Budget,21683.511073077632
Himachal Pradesh,8,11,1,Budget,21040.224715822897
Maharashtra,2,11,2,Budget,38948.919134242366
Uttarakhand,9,5,9,Moderate,84494.3669902459
Goa,4,11,1,Luxury,167861.02529713232
Maharashtra,12,2,5,Luxury,111409.15476181482
Karnataka,10,6,2,Luxury,118927.41668437829
Rajasthan,11,6,4,Budget,59546.40284518323
Rajasthan,5,8,7,Budget,74485.15504082936
Kerala,12,2,5,Moderate,45055.44083753621
Himachal Pradesh,11,8,1,Moderate,32300.361363798882
Tamil Nadu,5,8,3,Luxury,187224.3343813079
Rajasthan,4,4,9,Budget,38287.55221317598
Kerala,6,7,1,Budget,15558.09891259806
Goa,1,13,4,Budget,164503.5068366907
Rajasthan,2,7,5,Luxury,267790.95909831167
Tamil Nadu,4,1,3,Luxury,26995.95370949689
Maharashtra,4,14,3,Budget,76961.95041657616
Karnataka,8,13,1,Budget,24489.073209821203
Uttarakhand,9,14,6,Luxury,527701.2176882171
Rajasthan,12,1,4,Luxury,61282.97841770924
Uttarakhand,4,8,8,Moderate,135656.51263070037
Uttarakhand,6,11,6,Moderate,196432.10198893675
Uttarakhand,4,1,3,Moderate,9008.759749681334
Delhi,4,3,7,Budget,21925.778857152058
Uttarakhand,12,6,3,Budget,30915.20313500091
Delhi,11,8,9,Budget,81987.65301138864
Karnataka,12,5,8,Luxury,322520.4211194979
Uttarakhand,9,5,3,Moderate,40130.55941454522
Kerala,4,4,2,Luxury,89645.17676495266
Uttarakhand,6,14,3,Luxury,510042.996225701
Agra,9,4,4,Luxury,119541.41292182483
Himachal Pradesh,3,7,3,Budget,34551.40305273104
Kerala,7,6,9,Budget,68107.51915731256
Tamil Nadu,7,8,2,Luxury,139118.92676110152
Rajasthan,1,11,8,Moderate,311814.08990025544
Karnataka,11,14,7,Budget,173156.0438967786
Karnataka,2,6,1,Budget,11006.004737239005
Agra,5,11,6,Luxury,446996.5619183495
Agra,8,10,6,Budget,72122.64406978633
Agra,6,7,9,Moderate,113651.6047917259
Agra,7,10,8,Luxury,418004.6138270889
Agra,3,14,7,Budget,106317.41221141939
Goa,6,10,7,Luxury,663241.0939740218
Maharashtra,9,5,5,Luxury,286131.62731688673
Karnataka,3,6,2,Moderate,37029.86554998928
Agra,6,1,5,Moderate,12131.286027739805
Rajasthan,7,3,1,Budget,5434.16621815379
Goa,5,12,6,Luxury,755220.8714692689
Kerala,10,8,2,Budget,26384.470588103428
Kerala,8,3,1,Budget,5690.095294393845
Delhi,8,14,1,Budget,22754.690944752325
Maharashtra,6,1,1,Moderate,4426.783572094804
Kerala,7,3,4,Luxury,131044.33524121043
Agra,3,12,5,Luxury,394321.3135674036
Karnataka,7,4,5,Moderate,64991.187841161045
Delhi,7,8,1,Moderate,27874.284408240626
Himachal Pradesh,4,9,6,Budget,71477.9507129824
Goa,10,4,3,Budget,22840.199652184325
Himachal Pradesh,4,13,4,Moderate,156045.11568002796
Himachal Pradesh,3,12,5,Moderate,188115.0548617729
Agra,10,7,4,Luxury,215939.25140567613
Himachal Pradesh,7,1,4,Luxury,43861.55198613376
Himachal Pradesh,5,9,1,Luxury,133887.80696161417
Kerala,3,11,2,Moderate,79064.96789284013
Tamil Nadu,6,12,2,Budget,32050.103254000776
Delhi,12,4,2,Luxury,89966.67384816958
Himachal Pradesh,6,14,1,Moderate,68913.663423906
Maharashtra,6,14,8,Moderate,296770.2652263613
Rajasthan,2,9,1,Budget,15729.40170289159
Delhi,11,14,8,Luxury,964130.40506718
Maharashtra,10,3,1,Luxury,34306.01575190201
Rajasthan,12,11,3,Moderate,158564.13258053944
Himachal Pradesh,7,13,9,Luxury,855173.4936571324
Tamil Nadu,7,5,8,Budget,39569.01376210203
Uttarakhand,10,1,2,Luxury,17425.82986227504
Karnataka,12,11,4,Budget,75682.97657705328
Maharashtra,4,3,8,Moderate,57874.44624927124
Himachal Pradesh,11,5,9,Budget,55242.980551761204
Delhi,6,6,7,Budget,47437.88164915432
Kerala,4,13,1,Budget,24967.0357786476
Himachal Pradesh,4,8,8,Budget,73057.15054788969
Uttarakhand,6,1,1,Moderate,3866.9003536316227
Himachal Pradesh,9,3,9,Budget,32894.49660895212
Himachal Pradesh,12,1,8,Moderate,28853.523853720395
Karnataka,7,5,4,Luxury,187348.4980826145
Kerala,2,8,4,Luxury,343470.9724424675
Maharashtra,6,4,4,Luxury,189172.86667853198
Agra,5,13,6,Luxury,545211.1505130953
Agra,6,11,2,Moderate,70351.63008595274
Delhi,8,9,4,Moderate,97509.0405856739
Tamil Nadu,8,6,4,Luxury,225186.87147363686
Himachal Pradesh,3,6,8,Budget,60018.655278961014
Delhi,9,11,2,Luxury,241940.9306289276
Tamil Nadu,6,5,8,Luxury,276226.9727481266
Maharashtra,7,13,2,Luxury,269918.6032948963
Maharashtra,9,10,9,Moderate,249783.62371290036
Kerala,7,5,9,Luxury,308184.4403327671
Agra,10,11,6,Luxury,435227.02605544013
Agra,9,7,5,Luxury,215037.23494041985
Delhi,1,8,7,Moderate,177418.77368981676
Karnataka,1,7,8,Luxury,480041.79542827455
Agra,3,1,8,Luxury,52972.24108343548
Karnataka,9,1,3,Budget,4666.825422803571
Karnataka,1,10,3,Luxury,359216.1763425123
Maharashtra,1,6,5,Moderate,117735.26096518917
Kerala,5,3,5,Budget,26103.192084591392
Delhi,8,13,2,Luxury,262123.24557221204
Rajasthan,2,12,5,Moderate,165977.84774807116
Delhi,4,9,1,Budget,17861.22333721375
Karnataka,6,11,7,Moderate,192127.47068207845
Tamil Nadu,1,7,7,Budget,67710.64524201756
Tamil Nadu,4,2,1,Moderate,6707.198859596388
Kerala,4,12,3,Budget,56127.13265648401
Maharashtra,9,14,8,Luxury,924575.7236569929
Maharashtra,9,3,9,Luxury,194065.04804257222
Karnataka,6,8,3,Luxury,250566.95258292853
Karnataka,8,13,6,Luxury,677328.8201329436
Uttarakhand,12,14,6,Budget,150065.53653745138
Uttarakhand,10,1,6,Budget,6982.164596671503
Karnataka,4,5,5,Budget,32613.14254902687
Agra,10,10,6,Budget,66267.8522654208
Delhi,8,1,6,Budget,7998.290644123581
Agra,3,12,6,Budget,69453.86110434172
Maharashtra,2,9,8,Luxury,598058.7041138631
Rajasthan,6,7,6,Budget,53459.2822622694
Delhi,5,5,3,Moderate,46944.633760599936
Agra,8,6,7,Moderate,82996.27700311138
Agra,1,11,6,Moderate,177779.77921988186
Goa,11,3,9,Budget,60938.14160012618
Delhi,12,3,4,Luxury,139618.30791255788
Rajasthan,10,7,1,Moderate,25352.924711263804
Kerala,3,7,6,Budget,65392.30730386751
Kerala,7,7,9,Budget,84567.45370944527
Agra,10,2,8,Luxury,93029.8686582181
Karnataka,12,2,2,Budget,8535.5785778945
Rajasthan,4,11,3,Budget,57591.08425739485
Rajasthan,10,12,8,Moderate,235089.07482990826
Maharashtra,5,5,9,Moderate,111122.74056958748
Tamil Nadu,8,4,8,Moderate,64629.96162968083
Goa,1,7,1,Moderate,47502.57993620191
Maharashtra,1,3,3,Moderate,36177.54928271109
Rajasthan,12,5,8,Budget,71944.47295066429
Himachal Pradesh,7,2,1,Budget,3759.470480210826
Karnataka,12,1,7,Luxury,67127.90126516334
Rajasthan,9,9,4,Moderate,118223.36856903459
Goa,4,13,7,Moderate,274294.2829789815
Rajasthan,8,4,4,Moderate,47559.558328994375
Delhi,10,8,8,Moderate,148032.56329932524
Delhi,7,13,6,Moderate,191247.24039161432
Uttarakhand,2,12,8,Budget,93095.87961993727
Goa,5,7,1,Budget,15873.901246527927
Agra,9,14,9,Moderate,210277.38059866717
Tamil Nadu,9,12,9,Budget,118505.92604126259
Agra,3,1,6,Moderate,15504.244410948711
Tamil Nadu,11,10,9,Luxury,585871.7670548817
Tamil Nadu,12,11,6,Moderate,200445.64482681587
Tamil Nadu,3,7,6,Luxury,278673.34290472727
Kerala,2,2,4,Luxury,73902.78560995827
Tamil Nadu,7,3,3,Moderate,28862.80527832052
Rajasthan,6,14,3,Moderate,120380.30345912151
Himachal Pradesh,5,1,2,Moderate,10863.071167897786
Goa,7,7,4,Moderate,104016.44275646073
Himachal Pradesh,4,3,9,Budget,30590.327678094207
Uttarakhand,5,6,7,Budget,61102.74505513087
Rajasthan,9,12,3,Luxury,345199.02963775845
Tamil Nadu,11,13,8,Moderate,254168.3775721459
Kerala,9,7,9,Budget,68219.16015034652
Maharashtra,4,3,1,Budget,5617.848076549691
Agra,6,2,1,Budget,3449.691265756477
Delhi,2,9,9,Luxury,486667.9525938081
Goa,3,9,9,Budget,119353.05585148251
Himachal Pradesh,9,7,7,Moderate,124137.84028540309
Rajasthan,6,14,3,Budget,68590.12656893577
Maharashtra,8,5,4,Moderate,78707.70017666736
Karnataka,11,4,7,Budget,46070.95026563382
Karnataka,5,4,9,Moderate,69588.1710092487
Delhi,2,1,8,Luxury,49567.67009634982
Karnataka,7,4,8,Budget,42792.64808588392
Agra,6,7,1,Budget,10409.35301247934
Uttarakhand,11,14,6,Luxury,622666.3302410556
Karnataka,2,5,6,Luxury,214119.62804264805
Delhi,6,9,5,Luxury,376561.7079733783
Uttarakhand,8,4,1,Moderate,12534.488810606874
Agra,1,11,3,Moderate,112892.42362435289
Delhi,4,3,4,Budget,16642.165874531598
Karnataka,1,6,7,Moderate,140086.96293362894
Tamil Nadu,2,4,5,Budget,27753.495211635258
Goa,1,11,2,Luxury,424458.0696762049
Karnataka,6,13,3,Budget,62512.61770217937
Delhi,11,2,1,Luxury,23703.056145198978
Goa,6,5,6,Luxury,306948.4445264447
Goa,1,14,8,Budget,251362.6910275203
Uttarakhand,4,13,4,Moderate,139239.13980679598
Agra,4,4,2,Moderate,21572.729361353344
Karnataka,8,5,4,Budget,35034.36019369329
Maharashtra,6,12,4,Moderate,161603.42622685185
Tamil Nadu,2,9,5,Luxury,374807.97797473794
Agra,5,4,3,Luxury,109004.71074984386
Maharashtra,4,6,9,Moderate,142074.99267320364
Maharashtra,10,4,7,Moderate,79008.8371246841
Himachal Pradesh,4,1,9,Luxury,57814.835274611185
Uttarakhand,12,2,7,Budget,24279.362533862346
Kerala,8,6,4,Moderate,81354.13244948626
Rajasthan,5,8,5,Moderate,115137.1635101931
Rajasthan,3,9,7,Budget,79404.58125713727
Uttarakhand,10,4,6,Luxury,174552.28174602063
Uttarakhand,12,6,9,Budget,81967.1818246665
Maharashtra,4,3,3,Budget,19209.56739970356
Uttarakhand,1,12,8,Budget,86074.7044673893
Maharashtra,6,9,4,Moderate,128738.46024443675
Agra,11,8,9,Luxury,475737.37650145154
Kerala,10,12,1,Luxury,162384.12574822095
Himachal Pradesh,4,1,5,Moderate,13237.638932052336
Maharashtra,6,13,4,Budget,100869.56908698994
Uttarakhand,2,2,5,Moderate,26693.775541535313
Goa,5,10,6,Budget,108312.16371512525
Karnataka,11,14,1,Budget,29137.860841886948
Rajasthan,9,9,8,Budget,87959.27488474506
Kerala,8,10,3,Budget,50479.29104792417
Karnataka,3,3,7,Moderate,57256.36778758472
Delhi,1,14,7,Budget,156464.53689672067
Uttarakhand,10,3,9,Moderate,56245.985086315755
Maharashtra,3,10,7,Budget,104269.78796762631
Himachal Pradesh,8,9,8,Moderate,173228.63880389454
Goa,11,14,4,Luxury,889743.5194627001
Himachal Pradesh,3,3,4,Moderate,33335.48313031512
Karnataka,5,10,8,Luxury,499086.6695834437
Goa,2,12,4,Moderate,179111.84154078492
Tamil Nadu,1,11,4,Luxury,390319.64099229226
Rajasthan,11,5,3,Moderate,62624.37269833327
Uttarakhand,10,6,3,Budget,23545.997545445756
Delhi,5,3,4,Luxury,106499.40837575158
Karnataka,5,14,2,Budget,50564.51449667183
Maharashtra,6,10,3,Luxury,360026.835574894
Rajasthan,2,8,2,Budget,26490.035662650167
Delhi,9,2,6,Budget,16528.380503535256
Himachal Pradesh,2,6,3,Moderate,68247.4137323069
Rajasthan,2,2,2,Budget,6398.955231819144
Delhi,12,9,9,Luxury,646940.9985182818
Delhi,5,6,8,Luxury,343177.950501342
Himachal Pradesh,9,9,5,Luxury,427205.3455057666
Delhi,4,14,9,Moderate,271227.9092581797
Kerala,6,4,5,Moderate,68342.2300781844
Goa,2,12,5,Luxury,709924.8184152402
Kerala,4,3,4,Budget,19739.83241026921
Himachal Pradesh,12,2,3,Moderate,30061.81113492034
Agra,9,8,9,Budget,59911.05204030787
Rajasthan,2,4,4,Moderate,51255.76905866211
Tamil Nadu,1,2,7,Moderate,43236.69116111517
Maharashtra,4,11,5,Moderate,199296.0410912693
Maharashtra,4,9,7,Moderate,184724.9479175821
Karnataka,1,12,8,Luxury,739765.5109496071
Karnataka,4,8,8,Moderate,171148.4080212421
Himachal Pradesh,3,5,6,Moderate,93570.04461977433
Karnataka,2,8,5,Luxury,376299.28604389576
Maharashtra,10,5,2,Luxury,132321.82186597135
Kerala,4,13,8,Luxury,819237.4016235387
Tamil Nadu,8,7,5,Luxury,318013.4617838574
Maharashtra,7,5,8,Budget,60121.251257700365
Kerala,9,13,6,Luxury,631153.3756524932
Agra,8,5,8,Luxury,227131.19674321066
Himachal Pradesh,1,13,1,Luxury,133534.2032830761
Uttarakhand,12,4,9,Budget,44381.58930152172
Agra,2,13,9,Luxury,631984.3219292604
Agra,12,14,3,Budget,65210.8827523318
Maharashtra,2,14,5,Moderate,264111.2881673551
Himachal Pradesh,12,5,7,Budget,55396.7706489211
Goa,8,7,8,Luxury,419216.58418103575
Delhi,12,3,7,Budget,34763.017344547916
Agra,4,4,3,Budget,14931.628655859411
Karnataka,9,8,7,Budget,61695.77314566741
Kerala,2,6,1,Budget,11775.418464890576
Goa,4,8,5,Budget,65426.00854566191
Himachal Pradesh,1,11,9,Budget,97736.6437122315
Uttarakhand,3,2,2,Budget,6135.577059356454
Tamil Nadu,6,13,3,Budget,51663.272583152735
Goa,9,9,9,Moderate,240802.6009886703
Uttarakhand,11,7,3,Moderate,56890.43578880274
Maharashtra,1,13,8,Luxury,936762.7799697004
Rajasthan,5,5,6,Luxury,253242.769488007
Delhi,12,11,7,Luxury,750174.3116566377
Maharashtra,2,7,5,Luxury,309733.7656112758
Himachal Pradesh,7,2,7,Luxury,100042.08345543567
Rajasthan,4,11,3,Luxury,309469.0369661338
Uttarakhand,5,4,5,Moderate,73620.10820716296
Rajasthan,8,7,6,Moderate,96466.45960632445
Tamil Nadu,2,2,9,Moderate,34303.62153720608
Karnataka,3,8,4,Budget,56322.19772699997
Karnataka,11,14,8,Budget,179850.2294848256
Maharashtra,5,10,8,Luxury,618094.3392834131
Maharashtra,10,10,6,Moderate,173545.28410076373
Himachal Pradesh,4,11,8,Luxury,668271.1020779093
Himachal Pradesh,5,5,5,Moderate,93508.28693698163
Kerala,3,13,1,Moderate,47840.58175038076
Tamil Nadu,12,5,4,Luxury,181769.46504006122
Himachal Pradesh,9,8,6,Luxury,374417.22661959147
Agra,8,13,9,Budget,96290.97958544588
Tamil Nadu,6,13,4,Moderate,151438.45142237103
Kerala,1,12,6,Budget,161422.27243263688
Karnataka,4,1,5,Budget,8204.29014688287
Goa,7,6,9,Budget,78052.93564206842
Kerala,10,2,6,Budget,17993.810673896434
Kerala,5,1,3,Moderate,10176.04216561922
Maharashtra,4,12,2,Moderate,105296.61447202328
Delhi,9,13,3,Budget,53676.9117224904
Rajasthan,8,7,6,Moderate,116236.57171415047
Karnataka,3,12,8,Budget,102037.52959476088
Uttarakhand,6,14,8,Luxury,988058.7182729915
Uttarakhand,12,14,5,Budget,140553.55293309322
Himachal Pradesh,12,4,1,Luxury,58823.466347856054
Karnataka,4,1,1,Budget,1616.084259191017
Agra,7,10,7,Budget,69960.95192549552
Himachal Pradesh,1,11,2,Moderate,78901.95981497887
Himachal Pradesh,1,11,4,Luxury,455114.83440844493
Kerala,12,6,5,Moderate,123684.47291358467
Karnataka,12,10,8,Budget,102656.73564977029
Rajasthan,6,13,9,Luxury,717360.6260857501
Himachal Pradesh,10,12,1,Budget,20029.94528011664
Delhi,11,13,9,Luxury,1005493.2967495376
Tamil Nadu,7,6,5,Luxury,238383.28188880035
Agra,9,12,4,Budget,58940.49949481315
Agra,7,3,5,Budget,20590.52749959191
Himachal Pradesh,9,14,9,Moderate,299871.03503369406
Delhi,10,6,8,Moderate,109718.35793431714
Tamil Nadu,9,10,5,Budget,60874.46374786506
Goa,8,9,5,Moderate,149999.62171060746
Maharashtra,7,6,1,Moderate,24158.741049696844
Maharashtra,12,1,9,Budget,14631.563323280352
Maharashtra,3,10,3,Luxury,372451.46301032894
Kerala,11,6,1,Budget,16337.202775895052
Agra,3,8,5,Moderate,105141.45383296761
Uttarakhand,11,7,3,Budget,28706.27166214236
Uttarakhand,5,14,6,Budget,128431.70642788948
Kerala,7,8,7,Luxury,427327.71673756745
Himachal Pradesh,12,11,4,Luxury,590355.4509669219
Karnataka,10,12,4,Moderate,163057.80717084155
Karnataka,7,8,2,Moderate,57433.111833790506
Maharashtra,1,9,2,Moderate,85269.94063813763
Karnataka,8,3,7,Moderate,46525.473105428166
Himachal Pradesh,1,7,5,Moderate,108428.87704496119
Goa,11,6,5,Budget,85245.3557996538
Kerala,4,2,2,Budget,6683.60243245922
Goa,2,5,7,Moderate,125338.05785966707
Agra,5,3,2,Luxury,45013.82258318354
Karnataka,6,11,5,Luxury,516337.93933811336
Tamil Nadu,4,5,5,Moderate,66486.18583814484
Maharashtra,12,14,3,Budget,106234.89621803176
Kerala,4,11,2,Luxury,244336.42199263617
Maharashtra,7,9,3,Luxury,306964.7231039264
Karnataka,11,14,5,Luxury,757763.043053422
Rajasthan,4,8,6,Luxury,420507.6451121542
Karnataka,2,9,4,Budget,61698.9116096488
Kerala,4,9,7,Budget,82381.70297409515
Uttarakhand,7,11,2,Luxury,228042.75891910403
Kerala,1,8,6,Budget,116199.47771432929
Delhi,4,14,9,Budget,112933.04555878676
Tamil Nadu,6,8,5,Moderate,95581.06131777528
Karnataka,8,11,4,Moderate,153150.93675908723
Delhi,8,11,9,Moderate,216997.4968184305
Uttarakhand,9,6,6,Moderate,80130.70376347078
Himachal Pradesh,5,6,4,Luxury,293490.0924617677
Himachal Pradesh,2,14,1,Moderate,47562.16076857566
Tamil Nadu,3,6,9,Moderate,101085.55032178748
Agra,2,10,3,Budget,45342.139951499616
Tamil Nadu,9,6,6,Luxury,255435.59553566712
Tamil Nadu,6,13,1,Budget,22484.10813316164
Tamil Nadu,11,14,6,Budget,110204.00980073931
Tamil Nadu,12,11,3,Budget,59359.94489885665
Tamil Nadu,1,13,3,Moderate,132444.0521463536
Goa,3,12,7,Luxury,712956.4780108228
Uttarakhand,7,9,9,Moderate,169413.16484743918
Kerala,7,10,6,Luxury,591117.405478077
Karnataka,5,13,1,Budget,22652.246008867885
Delhi,3,1,9,Luxury,59315.559595299404
Tamil Nadu,7,10,5,Budget,63902.630667900135
Agra,5,6,2,Moderate,29526.325515927496
Maharashtra,6,8,3,Budget,44377.19662567108
Karnataka,3,1,5,Moderate,15136.821622457463
Maharashtra,6,11,2,Moderate,82487.83366935351
Delhi,7,11,3,Moderate,117948.8128573367
Delhi,8,6,8,Budget,55550.74791642459
Karnataka,2,9,6,Moderate,144071.92210664757
Agra,2,6,2,Luxury,109833.9182134578
Goa,6,14,2,Luxury,341962.3378318626
Himachal Pradesh,8,2,1,Luxury,19548.990124286
Delhi,5,1,7,Luxury,43860.00459049599
Agra,1,4,6,Moderate,60950.289464475674
Delhi,11,6,6,Luxury,305089.7319942335
Rajasthan,1,10,5,Budget,100352.59231777422
Himachal Pradesh,10,10,3,Luxury,332700.46510130516
Delhi,9,9,8,Luxury,463250.2328731351
Agra,4,5,3,Budget,20612.357686833686
Delhi,12,7,5,Budget,66202.54935593631
Maharashtra,10,6,8,Luxury,416505.8667097684
Karnataka,1,6,3,Moderate,73260.6419968718
Karnataka,11,9,5,Budget,88720.52827657737
Delhi,8,5,6,Moderate,74748.96297820026
Agra,2,2,1,Moderate,5456.120544994125
Maharashtra,12,8,2,Luxury,246865.64474733113
Goa,2,11,7,Moderate,210445.63523750927
Goa,1,14,9,Moderate,498693.08431412146
Maharashtra,1,3,4,Moderate,48124.208599293925
Kerala,9,14,5,Luxury,767019.1205274232
Agra,1,9,4,Budget,53049.12819924803
Goa,6,14,3,Luxury,535319.3650836307
Kerala,12,5,2,Budget,26520.543308329776
Agra,7,14,3,Moderate,129837.53051884589
Maharashtra,4,1,2,Budget,3607.4288689484374
Tamil Nadu,5,4,8,Budget,38507.41188058471
Kerala,4,9,1,Budget,17705.006756134866
Kerala,4,1,5,Budget,7825.4613061720465
Delhi,10,8,1,Moderate,29690.89674295329
Uttarakhand,1,8,5,Budget,44953.35692459509
Uttarakhand,6,9,3,Budget,55194.46606871357
Agra,10,9,9,Moderate,133551.51653235892
Delhi,10,13,1,Budget,20409.855524888484
Karnataka,7,6,1,Luxury,74141.94089095612
Himachal Pradesh,7,13,8,Budget,147601.45445313933
Tamil Nadu,8,5,3,Luxury,152542.63800278734
Himachal Pradesh,7,12,7,Luxury,734904.2568171008
Kerala,6,12,5,Luxury,648570.9255920979
Rajasthan,12,14,2,Moderate,157422.3844750778
Goa,8,14,7,Luxury,836183.504350115
Goa,3,7,7,Luxury,405497.3025765252
Delhi,9,9,3,Moderate,75527.43446463706
Uttarakhand,3,5,6,Moderate,64712.254724143604
Rajasthan,4,12,5,Luxury,552753.9842665616
Delhi,10,3,1,Moderate,11890.015802767086
Kerala,6,9,1,Budget,17199.929594249403
Rajasthan,12,10,2,Luxury,257447.49760698
Goa,12,13,7,Luxury,1215424.1679880319
Agra,8,1,3,Budget,4300.458335667403
Kerala,3,14,9,Moderate,342580.3275425774
Delhi,10,1,3,Budget,4653.691242714378
Karnataka,6,10,4,Budget,59806.589585581074
Maharashtra,5,14,8,Moderate,319814.8736553427
Kerala,5,11,4,Moderate,136635.36760092308
Kerala,5,12,7,Luxury,761867.5086245022
Karnataka,9,4,5,Luxury,173019.70363208232
Tamil Nadu,7,2,6,Luxury,101857.46438803953
Agra,12,7,8,Moderate,148106.07802817842
Karnataka,9,2,4,Luxury,79224.61057931003
Himachal Pradesh,9,7,6,Budget,62507.0057979364
Himachal Pradesh,6,8,2,Luxury,215165.78771058182
Kerala,6,12,9,Moderate,242166.30707454178
Tamil Nadu,4,11,9,Moderate,217303.6168658152
Goa,8,8,6,Luxury,466023.06069953553
Tamil Nadu,2,3,6,Moderate,43535.94436872296
Himachal Pradesh,5,9,7,Moderate,258529.97109361994
Tamil Nadu,1,10,4,Luxury,395065.16086566355
Tamil Nadu,10,10,7,Luxury,536037.1982602242
Agra,2,10,1,Budget,13062.430588217034
Kerala,1,6,7,Moderate,186511.70249888411
Agra,6,4,1,Luxury,31280.500459823164
Goa,2,8,8,Budget,101743.55044026159
Goa,12,4,6,Moderate,123403.34705859829
Himachal Pradesh,4,4,1,Moderate,15454.77870115322
Delhi,5,11,1,Budget,18537.87511435229
Karnataka,7,8,4,Moderate,112817.52985832015
Uttarakhand,10,4,7,Luxury,188673.39172669256
Kerala,1,1,5,Budget,11137.573707219974
Delhi,12,6,5,Budget,55300.8436404625
Kerala,11,12,8,Luxury,1274203.0351471426
Karnataka,5,8,2,Budget,25945.96810375119
Karnataka,4,14,4,Luxury,545045.2565273668
Rajasthan,7,14,4,Luxury,513080.4541008151
Agra,10,3,8,Moderate,48339.06685255602
Himachal Pradesh,7,2,6,Moderate,34859.03831240805
Rajasthan,8,6,9,Moderate,99798.0328421229
Goa,4,1,9,Moderate,23662.02730029801
Uttarakhand,4,11,4,Moderate,137119.13552853445
Himachal Pradesh,10,5,7,Luxury,244795.5893783679
Goa,5,6,3,Budget,38304.9570627799
Tamil Nadu,5,8,6,Budget,66426.41357201968
Agra,11,7,1,Moderate,22936.972337294388
Agra,3,6,5,Luxury,235596.78943732913
Agra,5,2,6,Luxury,74725.12506328011
Rajasthan,5,12,5,Luxury,432993.2922810395
Maharashtra,8,8,7,Budget,82841.88021755526
Delhi,7,8,4,Luxury,303667.658592038
Karnataka,8,11,5,Moderate,147998.59512315816
Uttarakhand,5,5,4,Luxury,199035.53737896073
Karnataka,12,3,9,Moderate,73081.54185867493
Maharashtra,11,12,2,Budget,51383.8445501157
Tamil Nadu,2,11,1,Budget,16431.096352861943
Tamil Nadu,8,8,4,Luxury,285715.9919322099
Tamil Nadu,9,5,6,Budget,38373.59171069426
Himachal Pradesh,2,3,8,Budget,33614.48380124226
Goa,1,9,4,Luxury,586823.8810633621
Goa,12,9,1,Budget,27772.382971163384
Tamil Nadu,6,12,9,Moderate,223831.02116237915
Uttarakhand,3,7,3,Luxury,207131.76835256157
Rajasthan,1,13,6,Moderate,312052.4170018167
Uttarakhand,6,8,8,Budget,87420.09840070606
Uttarakhand,12,13,5,Luxury,784940.7290578956
Goa,8,5,7,Moderate,113901.3424140899
Agra,9,5,9,Luxury,222057.9055888917
Uttarakhand,6,5,1,Moderate,25421.416350823994
Uttarakhand,12,2,8,Moderate,43419.23007207694
Karnataka,6,3,2,Luxury,70833.61989284153
Agra,1,8,1,Moderate,29790.02623112434
Goa,5,14,4,Luxury,643110.3616339545
Rajasthan,3,13,6,Budget,97232.71915706735
Delhi,7,6,8,Moderate,96713.58854512131
Goa,12,9,1,Moderate,56099.20795744616
Goa,9,7,1,Moderate,29903.030821178712
Uttarakhand,11,14,2,Moderate,79725.19249613126
Karnataka,6,6,9,Budget,52267.56619879447
Maharashtra,5,11,4,Luxury,482518.8659827403
Tamil Nadu,7,14,7,Luxury,674083.0435973693
Kerala,11,4,3,Luxury,171448.9147194914
Karnataka,9,7,1,Budget,12809.572625219034
Maharashtra,5,4,1,Budget,7338.990674975197
Uttarakhand,5,7,9,Luxury,573801.212845836
Uttarakhand,10,5,4,Luxury,151404.49551068974
Rajasthan,4,2,3,Budget,10087.3770264946
Maharashtra,5,7,5,Budget,54412.03736335835
Himachal Pradesh,7,8,1,Moderate,30167.55804560123
Tamil Nadu,3,10,3,Luxury,302043.62082904694
Kerala,4,11,4,Luxury,498843.9558036613
Rajasthan,9,2,6,Luxury,102406.26791417501
Karnataka,12,6,9,Luxury,469139.1708271814
Karnataka,2,4,3,Luxury,131512.99002992793
Maharashtra,8,5,4,Moderate,76597.26057247978
Tamil Nadu,9,1,5,Budget,7385.774189148575
Tamil Nadu,5,6,8,Moderate,98334.06700689535
Karnataka,7,12,9,Moderate,241639.3102680875
Himachal Pradesh,6,12,3,Luxury,539817.4183549418
Uttarakhand,1,11,3,Moderate,86423.55644547388
Tamil Nadu,8,14,7,Moderate,226601.6154919267
Maharashtra,9,8,9,Luxury,482933.6609519766
Karnataka,10,2,1,Moderate,7647.842308462856
Uttarakhand,11,1,1,Moderate,2813.716436287805
Agra,1,9,2,Budget,30810.96165514096
Goa,8,2,6,Luxury,120102.0148026414
Uttarakhand,3,8,3,Luxury,183210.29125606592
Tamil Nadu,12,5,8,Moderate,101086.2027915077
Goa,6,2,5,Luxury,113760.94075055064
Tamil Nadu,10,5,3,Budget,22907.92726789397
Maharashtra,8,9,8,Moderate,194086.12030294907
Delhi,5,6,8,Budget,52387.80061962829
Uttarakhand,8,3,2,Moderate,15818.028810865622
Goa,7,12,5,Moderate,245542.16054360667
Maharashtra,7,8,3,Luxury,264216.2806880337
Tamil Nadu,7,14,7,Luxury,662122.8961043498
Uttarakhand,9,1,2,Moderate,5402.097302371379
Maharashtra,6,9,9,Budget,103060.2353740873
Tamil Nadu,6,9,2,Moderate,64542.7322603819
Delhi,11,4,2,Moderate,29554.97198673659
Delhi,9,13,6,Moderate,193284.17743616807
Kerala,6,8,3,Budget,39781.340084338146
Rajasthan,7,11,3,Luxury,346145.9143736754
Maharashtra,7,14,2,Luxury,332667.4084409198
Rajasthan,2,14,5,Budget,107511.59055970683
Kerala,12,11,5,Luxury,875180.6340667565
Himachal Pradesh,8,3,7,Moderate,60034.2447088336
Uttarakhand,12,13,8,Luxury,843413.4349328806
Tamil Nadu,11,6,8,Luxury,318978.81074971415
Karnataka,6,10,3,Budget,44604.69144151954
Rajasthan,4,10,6,Budget,83402.93542658738
Rajasthan,11,8,5,Moderate,180123.72691028562
Maharashtra,7,11,4,Moderate,169632.73591604544
Uttarakhand,8,9,6,Luxury,358936.57807712804
Maharashtra,1,8,4,Budget,61409.310120648355
Delhi,10,9,8,Budget,92294.62100737
Rajasthan,4,4,9,Moderate,79324.31890348079
Uttarakhand,4,10,1,Luxury,102968.52868797843
Agra,10,1,1,Luxury,7903.543243096801
Himachal Pradesh,9,7,4,Budget,44032.41652844035
Tamil Nadu,6,11,6,Budget,70974.95174025637
Kerala,4,12,8,Budget,130706.2246329712
Himachal Pradesh,1,10,1,Budget,18939.34219220425
Kerala,8,4,3,Moderate,42570.972400838524
Rajasthan,11,1,4,Moderate,20007.568781074333
Himachal Pradesh,9,3,2,Budget,11610.145345259483
Himachal Pradesh,5,7,9,Luxury,687311.5204303651
Tamil Nadu,5,11,3,Moderate,84668.95787409983
Karnataka,10,3,4,Budget,19524.85062576758
Tamil Nadu,8,1,4,Budget,5829.155531537069
Maharashtra,8,7,1,Luxury,75672.33137475469
Karnataka,5,8,5,Luxury,385791.35537751444
Himachal Pradesh,4,5,5,Budget,34051.20968768413
Karnataka,6,6,2,Moderate,44726.89627696087
Karnataka,10,14,1,Moderate,44617.78404777393
Maharashtra,5,3,5,Luxury,156356.8625281152
Uttarakhand,8,14,5,Moderate,180317.1756318497
Rajasthan,9,5,7,Moderate,85319.79952347999
Uttarakhand,1,3,2,Moderate,17510.392881076754
Rajasthan,9,13,8,Budget,115469.24446878237
Uttarakhand,9,2,5,Budget,12711.274026086758
Uttarakhand,6,14,5,Moderate,235653.3033120246
Kerala,11,7,9,Budget,128208.52704848697
Karnataka,10,10,2,Luxury,240320.64940325514
Delhi,5,11,2,Moderate,68758.86721571618
Maharashtra,7,7,5,Moderate,127432.24455519629
Uttarakhand,11,12,1,Luxury,123895.94633204196
Himachal Pradesh,8,8,5,Moderate,135301.24609695293
Agra,9,12,5,Moderate,122566.13741972567
Kerala,9,1,8,Moderate,19789.856287245722
Agra,10,2,6,Luxury,72373.20376712435
Goa,11,2,6,Budget,29380.4458292157
Tamil Nadu,3,12,5,Budget,80996.92373105692
Goa,8,3,5,Moderate,60623.352438434085
Rajasthan,1,7,8,Budget,105285.0364497478
Uttarakhand,7,7,1,Moderate,22393.430333184755
Maharashtra,12,7,9,Luxury,489835.29300824594
Himachal Pradesh,5,1,6,Luxury,67530.05394224593
Delhi,2,2,9,Moderate,33338.95836033529
Delhi,2,8,2,Moderate,55604.10374372296
Kerala,8,9,3,Moderate,102898.68570402813
Kerala,5,10,1,Budget,20892.81468632487
Kerala,12,13,5,Luxury,872740.5247109896
Kerala,11,7,2,Moderate,89843.03874448378
Karnataka,3,13,1,Budget,24688.572568739302
Uttarakhand,1,1,9,Moderate,17784.137130427844
Agra,11,12,9,Luxury,766091.8894054077
Uttarakhand,7,4,6,Luxury,150469.64326443625
Uttarakhand,11,10,8,Luxury,455710.8651729074
Goa,12,8,9,Moderate,299436.58606226573
Maharashtra,3,14,5,Luxury,728976.4157978896
Himachal Pradesh,7,13,2,Moderate,92924.18141365614
Rajasthan,12,5,4,Budget,48372.675553721325
Maharashtra,2,1,3,Budget,5407.405489025073
Kerala,4,7,7,Budget,58541.193694643276
Agra,2,6,8,Moderate,89106.05654193653
Goa,4,9,5,Luxury,553925.3702172141
Karnataka,5,4,2,Luxury,91421.8332526078
Agra,8,4,9,Moderate,61266.809863975905
Goa,2,8,1,Budget,16501.226648764317
Tamil Nadu,10,14,5,Budget,101000.6294836611
Karnataka,3,14,3,Moderate,127268.3080626052
Kerala,10,4,8,Luxury,255605.24649181624
Rajasthan,12,3,8,Luxury,246286.77075796944
Kerala,5,7,1,Luxury,82051.26186848928
Agra,11,13,4,Luxury,466757.07505739876
Kerala,12,5,8,Budget,82735.24310560393
Tamil Nadu,12,9,9,Luxury,508575.23693270737
Kerala,9,5,9,Moderate,104605.3170302671
Goa,10,9,2,Luxury,263287.7484913448
Delhi,11,6,9,Budget,73717.79049600763
Kerala,5,6,8,Luxury,320602.43430861126
Tamil Nadu,9,11,9,Luxury,578719.798610725
Uttarakhand,4,6,9,Moderate,91773.2077280761
Uttarakhand,10,7,3,Luxury,180607.85817331693
Rajasthan,5,12,5,Luxury,444061.7636124262
Rajasthan,9,11,3,Moderate,100495.152215962
Rajasthan,4,4,6,Moderate,63850.420898176664
Maharashtra,5,4,5,Moderate,64524.943490852624
Himachal Pradesh,5,9,2,Moderate,93116.46347781733
Rajasthan,4,12,3,Budget,64950.66958608371
Kerala,4,7,7,Luxury,380209.7337390547
Rajasthan,11,11,5,Luxury,706411.2006137182
Himachal Pradesh,5,10,3,Budget,71202.16831486784
Maharashtra,12,6,4,Moderate,112355.19775933238
Himachal Pradesh,6,1,6,Luxury,67831.45153360572
Agra,7,7,8,Moderate,113721.35306560091
Rajasthan,6,6,7,Moderate,108856.62821382406
Rajasthan,1,12,3,Budget,97186.46587622378
Rajasthan,2,4,2,Budget,11908.546275323131
Agra,7,13,3,Moderate,121041.00465703837
Himachal Pradesh,3,8,5,Luxury,389009.18606157816
Goa,12,7,7,Moderate,228492.34807582933
Kerala,10,8,8,Luxury,463791.23004375974
Tamil Nadu,11,9,6,Moderate,166572.3657191152
Kerala,2,1,2,Moderate,6783.288020689506
Rajasthan,6,3,2,Luxury,67871.89925676717
Maharashtra,11,2,5,Budget,18251.40323518871
Agra,4,3,5,Budget,19481.238451825626
Goa,12,11,1,Moderate,70800.63733707648
Karnataka,11,11,1,Luxury,134029.70805947905
Goa,5,2,9,Budget,26550.169448829907
Tamil Nadu,6,11,7,Luxury,595696.1443675354
Kerala,3,6,8,Budget,53145.22735079347
Rajasthan,1,9,5,Luxury,647653.1695970885
Delhi,3,2,3,Moderate,18457.281746666067
Karnataka,3,4,3,Luxury,105353.29627430442
Rajasthan,6,5,3,Moderate,46587.25164001262
Agra,4,5,1,Budget,6641.778160573519
Karnataka,7,14,3,Luxury,389216.86011473415
Tamil Nadu,11,1,2,Budget,3826.9064882117545
Delhi,2,13,8,Budget,113302.91789000382
Himachal Pradesh,12,6,6,Moderate,131912.25816310282
Himachal Pradesh,4,14,5,Luxury,580270.3279714573
Himachal Pradesh,8,5,1,Moderate,19778.55884786508
Maharashtra,11,13,2,Luxury,419365.2407860211
Himachal Pradesh,6,6,2,Budget,26288.71037243967
Uttarakhand,10,14,7,Budget,101337.84891717849
Karnataka,3,4,7,Luxury,228355.91706125985
Delhi,10,13,6,Budget,117342.67623197396
Agra,12,11,8,Budget,108561.52292873834
Uttarakhand,2,6,4,Moderate,56518.58427122911
Uttarakhand,3,9,9,Budget,70268.5251259511
Delhi,1,1,8,Budget,10420.955921157372
Agra,1,6,3,Budget,26162.959470012152
Karnataka,2,1,3,Luxury,27113.34712402918
Kerala,3,12,9,Budget,120799.6749300946
Rajasthan,9,7,9,Moderate,127250.4787789659
Kerala,8,4,5,Moderate,61923.41372681554
Tamil Nadu,12,6,1,Moderate,23755.56018095674
Delhi,11,7,3,Moderate,89578.00784715223
Kerala,11,13,5,Budget,179088.74408387468
Kerala,9,11,4,Moderate,128044.77938421692
Kerala,7,5,4,Luxury,203618.6308158447
Himachal Pradesh,7,9,1,Luxury,110359.04252510547
Goa,5,8,6,Budget,70631.06475052143
Kerala,7,3,4,Luxury,138600.43764743154
Rajasthan,4,1,1,Luxury,11878.790271489996
Delhi,5,11,6,Budget,79046.86030148252
Tamil Nadu,12,14,5,Budget,120385.03332125705
Goa,1,10,5,Moderate,276598.7355434477
Maharashtra,11,8,2,Moderate,65895.90386374343
Rajasthan,4,4,1,Budget,6574.334873792339
Rajasthan,3,7,7,Luxury,334583.9467528206
Himachal Pradesh,2,4,5,Budget,33863.03006771871
Himachal Pradesh,2,7,3,Moderate,80384.55208624885
Delhi,8,14,6,Budget,94852.49504299692
Rajasthan,1,1,3,Budget,7600.801639930571
Agra,8,1,6,Luxury,35881.217372336694
Agra,9,2,6,Budget,14678.241534774663
Delhi,6,5,9,Moderate,104298.05743813951
Kerala,1,11,8,Budget,148910.17944946757
Uttarakhand,10,14,1,Luxury,127394.81890383089
Maharashtra,12,10,7,Budget,119023.3979379135
Tamil Nadu,7,6,9,Luxury,364558.04178166523
Himachal Pradesh,5,2,2,Budget,9716.574484103961
Tamil Nadu,9,1,9,Luxury,49546.67805190587
Uttarakhand,7,9,6,Budget,67126.92053918196
Karnataka,5,13,3,Budget,58290.07265995426
Delhi,2,7,8,Budget,66090.3817174783
Kerala,4,8,7,Budget,77425.67344835539
Goa,2,14,8,Budget,175172.90776436936
Kerala,9,6,8,Moderate,127751.03319496552
Rajasthan,2,13,7,Moderate,201318.2187328183
Kerala,2,9,1,Budget,20361.834834839505
Rajasthan,2,8,8,Luxury,430088.2558640605
Tamil Nadu,1,4,5,Luxury,204025.8983100183
Karnataka,9,5,2,Moderate,35486.82424114468
Himachal Pradesh,8,2,2,Moderate,16022.356032494205
Karnataka,2,1,2,Moderate,6686.286475114009
Rajasthan,2,14,9,Luxury,826869.0040090355
Goa,5,6,5,Moderate,94372.11451601122
Uttarakhand,12,3,3,Moderate,31691.107979845445
Tamil Nadu,12,11,6,Moderate,216222.08127118007
Tamil Nadu,4,4,9,Budget,39044.08823948693
Kerala,2,14,9,Budget,144817.54820368064
Himachal Pradesh,8,1,9,Moderate,21603.54058486732
Kerala,8,6,4,Luxury,268960.64843568497
Kerala,4,8,5,Budget,57162.000615766745
Rajasthan,4,14,1,Moderate,56125.63008930801
Uttarakhand,9,10,6,Budget,80334.39473420093
Himachal Pradesh,4,4,2,Luxury,91602.28804947289
Kerala,10,10,7,Moderate,198541.84319727868
Tamil Nadu,11,8,4,Moderate,120473.48647970667
Kerala,9,11,4,Budget,80170.60862562043
Maharashtra,3,10,9,Moderate,232564.0914849779
Delhi,2,3,1,Budget,5866.7525433326755
Tamil Nadu,11,13,6,Luxury,634645.9038821888
Maharashtra,8,11,2,Budget,40524.17924726403
Delhi,12,14,6,Moderate,298742.31748790655
Goa,3,7,7,Luxury,402913.2072793175
Maharashtra,2,3,3,Luxury,88164.2911293271
Rajasthan,11,6,4,Luxury,349440.30360710935
Goa,8,4,2,Budget,16658.803315288387
Agra,8,6,7,Luxury,297642.3807084511
Himachal Pradesh,5,7,9,Moderate,189071.8492047331
Tamil Nadu,9,8,5,Luxury,296578.5132511697
Agra,11,14,5,Luxury,687757.4340552452
Tamil Nadu,6,6,9,Budget,54322.32748785777
Himachal Pradesh,5,4,8,Budget,57215.382719519184
Himachal Pradesh,12,9,1,Moderate,53597.98327875103
Tamil Nadu,3,7,2,Moderate,42320.752772239786
Himachal Pradesh,7,9,7,Budget,77451.99172317321
Maharashtra,9,3,3,Luxury,104236.08692579753
Karnataka,4,5,6,Budget,40501.39652960287
Uttarakhand,11,1,1,Budget,1438.5233289703838
Tamil Nadu,7,11,8,Budget,83581.07024868498
Agra,12,12,2,Moderate,87631.69597449407
Agra,3,8,1,Moderate,20646.26850139905
Himachal Pradesh,11,1,2,Moderate,7279.658129269373
Tamil Nadu,2,1,8,Moderate,16283.03055765899
Karnataka,11,14,5,Luxury,667801.8069010293
Karnataka,1,7,9,Moderate,187501.91937569485
Uttarakhand,6,14,3,Moderate,181564.25978783987
Maharashtra,5,11,8,Luxury,779768.3417177802
Uttarakhand,2,14,4,Luxury,448170.992000553
Rajasthan,3,8,7,Budget,71652.98872325622
Agra,9,3,8,Luxury,123153.68013523861
Karnataka,3,2,3,Luxury,53453.46871358117
Himachal Pradesh,7,7,3,Moderate,67997.06927839073
Karnataka,1,10,1,Moderate,43837.57695106875
Karnataka,7,5,8,Moderate,84477.61076409135
Delhi,9,1,2,Moderate,6779.623450662725
Agra,12,2,7,Luxury,97578.2111312446
Rajasthan,11,3,7,Moderate,83531.70417742732
Uttarakhand,8,6,7,Moderate,79981.24241284515
Rajasthan,7,14,4,Budget,92448.30104549955
Delhi,10,1,7,Luxury,55039.859416442436
Maharashtra,8,8,8,Luxury,531420.523691411
Rajasthan,4,2,9,Luxury,121480.89313880807
Karnataka,2,5,7,Budget,43483.62442891213
Goa,11,8,6,Luxury,655207.607247703
Tamil Nadu,9,13,5,Luxury,438987.1594284902
Rajasthan,3,5,7,Moderate,86999.08304170583
Tamil Nadu,11,13,2,Luxury,275120.52704419923
Delhi,4,14,5,Moderate,179106.12444528515
Rajasthan,7,8,8,Budget,80815.49242324037
Rajasthan,2,14,6,Moderate,235394.84952435977
Kerala,8,6,6,Budget,61940.843899609
Karnataka,12,7,1,Budget,16293.214630664355
Himachal Pradesh,10,8,2,Budget,32305.452617793937
Tamil Nadu,8,3,3,Moderate,23669.43723726262
Maharashtra,12,13,7,Budget,171251.63327097014
Kerala,5,12,6,Moderate,189187.34485019694
Karnataka,9,14,5,Moderate,181998.50051922747
Delhi,8,5,9,Moderate,104644.63592022221
Tamil Nadu,1,10,7,Budget,92947.64176525747
Uttarakhand,9,7,9,Moderate,114298.70272364118
Delhi,5,9,3,Moderate,76981.72489353138
Himachal Pradesh,9,14,8,Budget,137695.17485946053
Tamil Nadu,9,6,9,Moderate,97412.11621921713
Delhi,10,10,2,Budget,33627.529413185395
Kerala,10,1,4,Budget,7127.293664112344
Delhi,3,11,2,Budget,38274.763165287164
Himachal Pradesh,8,8,7,Moderate,142911.46186421489
Himachal Pradesh,7,6,4,Moderate,82265.10338973002
Goa,7,1,6,Luxury,56486.88108203866
Rajasthan,12,4,8,Luxury,357838.90581685386
Uttarakhand,10,6,6,Luxury,220328.9508958321
Uttarakhand,2,13,4,Budget,80618.64543001087
Kerala,2,10,6,Luxury,529238.8592906577
Himachal Pradesh,2,1,1,Moderate,3610.755292719739
Goa,11,10,6,Budget,157546.72818905875
Karnataka,2,5,8,Budget,53570.37208824617
Goa,4,3,4,Moderate,43869.90675818702
Maharashtra,7,7,9,Luxury,414845.9581750514
Delhi,2,13,6,Luxury,587315.1741240224
Rajasthan,5,8,6,Moderate,107292.27609916117
Goa,7,3,4,Moderate,41563.03044547764
Delhi,9,10,8,Luxury,472618.8377275662
Rajasthan,8,3,5,Moderate,40583.57509259076
Tamil Nadu,9,14,1,Luxury,120294.37045658162
Maharashtra,7,11,7,Moderate,259245.3560398198
Maharashtra,3,3,8,Luxury,213184.03170839412
Himachal Pradesh,1,14,6,Moderate,233620.88396230064
Maharashtra,10,11,7,Budget,123051.86093356989
Tamil Nadu,7,6,7,Budget,47307.366281577684
Himachal Pradesh,11,6,4,Budget,40470.2639595006
Agra,6,3,4,Moderate,33551.51794850934
Karnataka,2,6,1,Luxury,70284.36172530532
Kerala,1,9,2,Luxury,269433.73120920814
Delhi,12,11,3,Luxury,322968.9510960897
Karnataka,10,8,5,Budget,60441.51158221537
Karnataka,4,11,9,Budget,99882.16074011085
Uttarakhand,4,13,5,Luxury,571697.7722029001
Goa,6,13,6,Moderate,225049.33407591778
Maharashtra,11,7,7,Moderate,185760.9573273601
Agra,5,7,4,Luxury,184797.41191474214
Goa,9,8,8,Luxury,580279.8014791787
Kerala,8,7,6,Moderate,122977.65071323868
Goa,9,13,1,Luxury,182493.14188896993
Uttarakhand,10,3,6,Moderate,46594.98074655459
Kerala,7,8,2,Moderate,52285.57559103948
Tamil Nadu,9,8,4,Budget,45166.252321192886
Tamil Nadu,3,13,4,Budget,82607.9519437359
Himachal Pradesh,9,1,5,Budget,6956.545795209407
Goa,2,10,2,Luxury,223986.18912303747
Delhi,9,5,6,Moderate,85151.54832404446
Agra,6,14,3,Luxury,364841.5491470686
Uttarakhand,4,5,9,Luxury,250658.4141925224
Kerala,12,1,6,Luxury,89025.00713852221
Agra,12,6,3,Moderate,59088.09348019271
Goa,11,14,3,Budget,126631.97700739387
Delhi,2,6,5,Moderate,92110.75264775795
Goa,10,14,6,Moderate,249321.80049068635
Maharashtra,3,12,4,Luxury,471498.7320684865
Maharashtra,5,4,5,Luxury,198221.32318301356
Uttarakhand,9,6,3,Budget,22696.327599080938
Kerala,7,14,4,Moderate,218724.18537390378
Kerala,11,6,8,Budget,88363.950501961
Karnataka,12,1,8,Luxury,78567.77360495958
Uttarakhand,11,5,1,Luxury,47632.10317678633
Uttarakhand,3,2,4,Budget,12265.628574835726
Delhi,4,14,2,Budget,45711.889514159535
Maharashtra,12,7,4,Moderate,131277.55416501238
Kerala,11,13,5,Budget,167751.41478325595
Goa,2,9,1,Budget,22964.888839565283
Uttarakhand,8,9,5,Moderate,119950.32524165692
Himachal Pradesh,6,14,7,Luxury,1005215.2250467166
Rajasthan,3,11,5,Moderate,155935.8549732653
Kerala,5,9,7,Luxury,472979.0704266757
Tamil Nadu,5,11,9,Luxury,558928.1079329929
Kerala,12,7,8,Budget,118673.79683093466
Himachal Pradesh,1,7,1,Budget,11360.732023899316
Kerala,5,1,2,Budget,3937.7851461505256
Himachal Pradesh,6,11,6,Budget,139293.15338002951
Rajasthan,10,11,5,Budget,86235.16880347002
Karnataka,10,6,1,Luxury,71724.19091855187
Delhi,11,14,2,Moderate,108462.99927411361
Rajasthan,11,5,3,Budget,38260.926161423806
Agra,11,8,5,Luxury,358609.63671808253
Karnataka,2,8,7,Budget,74407.35133855032
Delhi,3,11,6,Moderate,151095.28009801987
Maharashtra,10,4,3,Luxury,137699.99443015075
Himachal Pradesh,5,1,6,Moderate,26576.490007775545
Uttarakhand,3,6,4,Budget,32021.644443987792
Agra,5,10,3,Luxury,257883.1187093547
Rajasthan,5,1,4,Moderate,13341.344237560776
Kerala,8,5,8,Budget,52533.036413151196
Rajasthan,10,5,1,Budget,7668.826557216738
Delhi,9,3,3,Luxury,73676.66704982279
Agra,8,5,8,Budget,42483.13932267393
Goa,12,6,9,Moderate,188040.65265337165
Delhi,3,5,3,Budget,27161.077651723343
Karnataka,1,1,9,Moderate,21296.74592534879
Rajasthan,3,12,4,Moderate,154586.9091586705
Rajasthan,1,12,4,Moderate,237829.46977982658
Agra,11,7,7,Moderate,116309.34001724118
Himachal Pradesh,9,3,6,Luxury,155821.7433666518
Agra,12,7,3,Moderate,77273.88797437388
Uttarakhand,3,5,8,Luxury,283681.99908957497
Rajasthan,8,13,5,Luxury,616452.3348456869
Himachal Pradesh,6,12,2,Luxury,339315.37340560573
Himachal Pradesh,3,3,3,Budget,13356.411554449684
Agra,9,13,7,Moderate,168327.95177055287
Maharashtra,8,11,9,Budget,111338.30815335558
Delhi,3,6,1,Moderate,22081.572412508773
Karnataka,7,1,6,Luxury,54482.02314941533
Maharashtra,5,6,9,Budget,58861.24859741383
Rajasthan,2,13,7,Budget,124531.12929590668
Rajasthan,8,13,3,Luxury,395893.13383260125
Rajasthan,1,13,7,Luxury,1012390.4886768161
Tamil Nadu,4,4,2,Luxury,86299.38432677956
Kerala,11,4,2,Budget,21193.873239649307
Goa,11,5,1,Luxury,92684.48798781805
Tamil Nadu,12,13,3,Budget,66053.73865139016
Goa,4,9,1,Moderate,40822.226877460576
Himachal Pradesh,10,1,8,Luxury,57267.51331260609
Rajasthan,5,3,8,Budget,29998.613994387662
Uttarakhand,4,11,4,Luxury,401531.3532432288
Karnataka,1,4,1,Luxury,60739.21611351303
Agra,7,2,2,Budget,6244.209459298239
Karnataka,10,9,2,Budget,32661.041245392782
Uttarakhand,11,11,2,Budget,34579.787673070736
Agra,2,7,9,Luxury,308203.31574310537
Himachal Pradesh,10,1,7,Moderate,17297.303680445257
Uttarakhand,3,9,9,Moderate,178720.13701030987
Rajasthan,5,6,2,Luxury,111128.22532680002
Uttarakhand,8,2,5,Luxury,76036.76632186727
Rajasthan,10,1,1,Budget,1689.7877856113516
Uttarakhand,8,6,2,Moderate,38540.30049032822
Uttarakhand,2,7,4,Moderate,72401.4279458719
Maharashtra,9,10,1,Moderate,44305.16948561713
Karnataka,6,6,8,Budget,65699.24679371348
Goa,9,7,6,Moderate,131220.2432995186
Tamil Nadu,4,6,1,Budget,9515.910990514187
Maharashtra,3,8,9,Luxury,518547.8302404476
Goa,5,2,1,Budget,4230.482322582767
Maharashtra,5,9,4,Luxury,358989.31011150085
Kerala,4,9,5,Moderate,149617.84383889858
Agra,7,11,9,Luxury,542315.8663316505
Rajasthan,8,9,2,Luxury,180016.82948135023
Tamil Nadu,5,7,9,Luxury,407965.7540723316
Maharashtra,9,9,1,Budget,16895.82634479417
Maharashtra,7,1,4,Budget,6432.551682301448
Himachal Pradesh,7,3,7,Budget,28039.438665029997
Uttarakhand,8,2,4,Luxury,62415.39257924698
Kerala,12,11,8,Luxury,928839.9163650763
Tamil Nadu,4,1,7,Luxury,51284.27712922227
Tamil Nadu,10,5,6,Moderate,74162.57140549777
Agra,6,1,5,Budget,5464.028818710224
Tamil Nadu,5,3,3,Moderate,24840.765993957386
Delhi,1,6,8,Moderate,139808.64616295407
Tamil Nadu,9,6,4,Moderate,63835.64919591514
Maharashtra,2,3,8,Luxury,179136.046353796
Delhi,6,4,1,Budget,7977.762224135903
Goa,8,7,2,Moderate,52453.34236540276
Uttarakhand,3,6,2,Budget,16307.913593433319
Delhi,5,13,6,Budget,109048.16740511676
Goa,7,11,5,Luxury,580761.750975631
Kerala,4,14,7,Moderate,295221.30491271854
Karnataka,12,14,2,Luxury,359921.97056332126
Rajasthan,5,2,9,Budget,16293.021845582884
Maharashtra,1,9,2,Moderate,90945.18172630717
Delhi,4,14,1,Budget,26747.360729959815
Karnataka,7,6,2,Budget,21423.273906013364
Uttarakhand,12,2,3,Luxury,68386.02697074953
Himachal Pradesh,10,7,6,Moderate,102302.38947802575
Kerala,7,11,7,Luxury,725712.6575393387
Rajasthan,10,11,6,Luxury,552023.3148760692
Uttarakhand,10,10,1,Budget,13815.025025976669
Kerala,4,10,9,Moderate,238070.34968060508
Himachal Pradesh,12,4,8,Moderate,95819.06043241173
Goa,6,1,2,Moderate,9092.436239930257
Himachal Pradesh,5,10,1,Luxury,168891.93694306468
Delhi,1,9,7,Luxury,625031.0578470754
Rajasthan,8,14,3,Luxury,357062.7136231072
Tamil Nadu,12,13,3,Budget,70900.56520080083
Agra,7,11,9,Luxury,541769.6061136551
Maharashtra,5,10,2,Moderate,68667.40248859827
Maharashtra,10,8,5,Budget,69988.28460619818
Goa,10,5,4,Moderate,70854.97351849238
Uttarakhand,7,3,1,Luxury,27352.72713870939
Rajasthan,10,4,6,Moderate,58111.58913142201
Tamil Nadu,3,3,6,Budget,19307.45674467655
Goa,8,10,1,Luxury,121498.43940884477
Agra,5,8,7,Budget,53636.91403657226
Delhi,2,13,6,Luxury,628499.1685094216
Delhi,2,5,4,Budget,26491.984771283143
Tamil Nadu,4,13,7,Budget,118370.74018215039
Tamil Nadu,7,11,3,Moderate,90123.72069284278
Tamil Nadu,10,8,6,Luxury,372624.5392580499
Himachal Pradesh,4,1,6,Luxury,46030.17825680501
Maharashtra,9,9,6,Luxury,555481.864641936
Karnataka,2,11,3,Budget,47882.029973928904
Rajasthan,6,10,5,Moderate,149978.91936371356
Karnataka,4,3,1,Moderate,10744.240901698908
Himachal Pradesh,6,1,6,Luxury,71077.07893772391
Uttarakhand,10,3,7,Luxury,135460.48874098258
Delhi,9,13,5,Budget,88325.89531652171
Maharashtra,10,2,5,Budget,14306.839038977
Tamil Nadu,12,7,6,Budget,53503.78039779309
Agra,9,10,7,Moderate,159962.58779123015
Agra,9,4,4,Budget,18646.528301950435
Agra,9,7,7,Budget,53106.13489678719
Rajasthan,3,3,5,Budget,21965.950121332113
Tamil Nadu,12,14,7,Luxury,863372.5001884163
Maharashtra,11,6,1,Budget,15561.54197040547
Delhi,9,7,2,Luxury,145045.52388930487
Karnataka,3,7,2,Moderate,50413.254187374434
Tamil Nadu,10,14,7,Moderate,255459.3256728126
Tamil Nadu,3,5,9,Luxury,280498.0883964974
Himachal Pradesh,5,6,7,Luxury,448522.06637965515
Uttarakhand,6,3,6,Budget,28939.405259608906
Agra,9,12,3,Budget,42470.666663832584
Goa,1,4,5,Moderate,123933.84301414373
Maharashtra,8,11,2,Moderate,98070.42186389948
Himachal Pradesh,4,6,9,Moderate,106242.79287001485
Uttarakhand,10,3,6,Moderate,47888.655223579255
Uttarakhand,7,7,9,Budget,53919.56756703453
Kerala,6,3,9,Budget,29863.555726188617
Agra,6,9,7,Moderate,139475.37871099918
Kerala,7,4,5,Budget,34210.05882251909
Himachal Pradesh,4,2,4,Budget,12942.285985757577
Uttarakhand,6,6,1,Luxury,91955.65146477333
Goa,3,14,9,Luxury,1017420.3148991253
Maharashtra,5,9,6,Moderate,157769.12518698128
Kerala,2,13,2,Moderate,84248.53521041916
Uttarakhand,3,10,7,Moderate,174077.82956264407
Maharashtra,9,10,6,Moderate,183064.05168614452
Agra,6,2,4,Moderate,22129.1304484532
Karnataka,3,4,6,Budget,36035.79897920202
Maharashtra,2,5,6,Luxury,244680.3494851305
Uttarakhand,5,9,5,Luxury,530517.1023978951
Himachal Pradesh,10,7,1,Luxury,74752.19854559333
Kerala,5,5,3,Budget,29763.969801080257
Kerala,1,6,7,Budget,87992.86938619734
Delhi,3,9,2,Budget,30747.257738860237
Uttarakhand,7,4,1,Luxury,33807.78903892181
Delhi,9,14,8,Luxury,736718.5468296814
Goa,5,13,7,Luxury,981433.6490456867
Goa,4,2,6,Luxury,137023.70755601476
Uttarakhand,3,5,5,Luxury,220465.99668283277
Kerala,10,14,6,Budget,126386.15116209957
Agra,9,7,1,Budget,11502.563850289245
Rajasthan,7,12,9,Luxury,671224.610946157
Goa,12,4,1,Budget,15287.675244468322
Kerala,7,12,4,Luxury,560982.2847269606
Tamil Nadu,8,1,3,Luxury,29759.520990197718
Tamil Nadu,10,8,4,Luxury,279068.05316329445
Delhi,1,5,1,Budget,12040.20489772006
Maharashtra,11,10,4,Moderate,196228.24570762226
Agra,4,2,4,Moderate,20247.483890922453
Delhi,5,3,3,Moderate,26681.075871774865
Tamil Nadu,5,12,8,Moderate,186610.10392078865
Agra,1,14,7,Moderate,260074.4959070019
Rajasthan,3,10,9,Budget,81311.51338562995
Maharashtra,2,12,2,Luxury,310017.73756588483
Delhi,12,10,3,Moderate,98135.92122090573
Tamil Nadu,7,5,6,Moderate,69023.66003475919
Goa,5,11,2,Moderate,93993.49346466071
Goa,3,4,2,Luxury,90208.98562506189
Delhi,11,9,2,Moderate,61829.06958293509
Rajasthan,8,9,2,Budget,29743.675665216284
Rajasthan,1,8,5,Luxury,562477.5429245883
Uttarakhand,1,2,1,Luxury,18671.89109031667
Maharashtra,6,5,7,Luxury,280942.8700650287
Kerala,1,14,1,Luxury,245071.31149393102
Rajasthan,4,8,1,Moderate,29870.12960306377
Maharashtra,6,8,5,Moderate,115907.74158701241
Rajasthan,1,7,7,Budget,77362.34800643683
Uttarakhand,9,4,3,Moderate,34174.12336725389
Karnataka,4,3,7,Luxury,171819.35945116743
Rajasthan,9,8,9,Budget,78180.01253652413
Maharashtra,9,8,4,Moderate,118963.41066882329
Uttarakhand,6,13,5,Luxury,628793.0824391383
Uttarakhand,7,10,8,Budget,84166.833287036
Maharashtra,1,5,9,Budget,65548.1588692944
Maharashtra,5,3,5,Moderate,44510.68998785576
Goa,3,5,5,Luxury,239873.07569572033
Karnataka,10,4,2,Moderate,29346.11704818427
Uttarakhand,10,8,9,Budget,78600.92713399632
Goa,6,2,6,Luxury,107149.62575596271
Agra,4,11,5,Budget,65898.83057529878
Delhi,9,8,5,Budget,51765.16398592134
Delhi,7,10,4,Luxury,333610.24157425197
Uttarakhand,4,6,1,Moderate,17612.85657599023
Goa,11,4,6,Budget,61582.72722398807
Karnataka,6,11,1,Luxury,105862.39634730703
Karnataka,2,14,2,Moderate,105579.97796038172
Agra,3,14,7,Moderate,212389.5073275851
Uttarakhand,11,14,1,Budget,21626.064195768402
Rajasthan,7,3,8,Luxury,149935.16235231748
Agra,11,10,8,Moderate,189239.69308225834
Goa,12,13,7,Luxury,1466058.8796086223
Rajasthan,4,5,7,Moderate,91103.53053924523
Delhi,12,6,1,Luxury,70595.7858652454
Himachal Pradesh,10,1,3,Luxury,33023.1033345393
Delhi,7,1,9,Luxury,56768.73576403477
Uttarakhand,9,11,5,Budget,60854.13253895996
Maharashtra,5,10,5,Moderate,173923.81998053496
Delhi,1,3,7,Moderate,56811.19670951399
Tamil Nadu,5,2,8,Budget,16694.923819066982
Delhi,6,12,6,Moderate,187779.11263402604
Delhi,11,1,5,Moderate,18308.5117095576
Delhi,2,11,1,Budget,19712.395143772614
Delhi,8,8,9,Budget,71973.38668721478
Rajasthan,2,12,6,Budget,98957.99775961683
Rajasthan,9,13,3,Luxury,334506.4924520181
Delhi,2,1,7,Budget,9405.384235198224
Kerala,3,10,4,Luxury,371455.067577542
Kerala,8,14,3,Moderate,153855.0037475672
Rajasthan,11,8,7,Budget,93797.30580193808
Himachal Pradesh,6,5,6,Budget,56717.984149414246
Maharashtra,1,13,4,Budget,108793.93667795448
Agra,4,4,8,Budget,29959.04686920453
Tamil Nadu,5,8,2,Moderate,56688.82379041703
Tamil Nadu,11,8,6,Luxury,392202.7567378073
Delhi,3,11,3,Moderate,93975.47263541199
Himachal Pradesh,1,14,8,Luxury,834286.1280036747
Kerala,3,8,8,Moderate,188809.88637172504
Kerala,9,3,1,Moderate,12011.983703173066
Himachal Pradesh,2,12,2,Moderate,98580.06140648013
Maharashtra,1,8,4,Budget,62176.71623936648
Rajasthan,7,13,1,Budget,19407.499791556613
Maharashtra,7,1,3,Luxury,32008.85875912986
Uttarakhand,5,13,4,Moderate,206225.65504799402
Uttarakhand,2,4,3,Budget,17757.187251272826
Kerala,1,5,5,Moderate,110702.08073219826
Agra,5,6,7,Moderate,92475.25204508798
Uttarakhand,10,5,8,Luxury,274328.91912825
Kerala,4,5,8,Luxury,329521.58020971925
Delhi,9,5,2,Moderate,35522.87911000852
Karnataka,5,9,1,Moderate,31377.991800243042
Karnataka,11,10,6,Moderate,201550.74611384812
Goa,10,10,1,Luxury,116479.56520384428
Delhi,12,3,6,Luxury,162908.92071442137
Karnataka,12,2,7,Budget,23816.65925610843
Maharashtra,2,10,9,Luxury,739617.1697387453
Goa,4,2,1,Moderate,10190.160107018923
Kerala,12,8,7,Moderate,268275.93297412456
Himachal Pradesh,9,5,4,Luxury,221281.18014850921
Himachal Pradesh,8,5,9,Budget,46027.09823925294
Kerala,3,6,4,Luxury,216939.331188278
Agra,8,9,2,Luxury,171217.54845837955
Kerala,2,7,1,Moderate,27018.355100197754
Rajasthan,3,5,7,Moderate,82076.04211507221
Himachal Pradesh,5,5,7,Budget,65828.32604995175
Karnataka,11,10,3,Moderate,118132.59752523883
Tamil Nadu,12,9,5,Budget,65357.49794987496
Goa,10,9,7,Luxury,656899.5018269403
Agra,10,2,8,Budget,17515.341636884146
Uttarakhand,8,7,9,Luxury,389824.5331742054
Delhi,1,10,1,Luxury,108917.12604936812
Agra,4,1,9,Moderate,14343.074338405866
Uttarakhand,1,4,6,Luxury,164817.21542518248
Agra,1,2,6,Luxury,98853.67110839185
Tamil Nadu,12,10,7,Budget,100207.53163048433
Agra,5,9,9,Moderate,128303.7922492043
Karnataka,6,12,7,Moderate,247599.02617552085
Kerala,1,6,7,Moderate,177964.8648202299
Rajasthan,11,4,3,Luxury,166617.05275445836
Goa,6,3,9,Luxury,198434.2414562003
Himachal Pradesh,5,4,4,Budget,41068.91415951697
Uttarakhand,4,2,6,Moderate,28345.500012131997
Goa,10,5,7,Moderate,97608.25410746098
Agra,5,9,9,Luxury,452406.96214190766
Kerala,8,6,3,Budget,30943.481838317144
Goa,9,2,2,Luxury,56040.06411889889
Kerala,11,6,2,Moderate,69332.95649294804
Uttarakhand,12,9,2,Luxury,202638.06410921208
Karnataka,2,14,9,Budget,150374.9052514548
Karnataka,6,4,8,Budget,36225.0713478104
Kerala,3,1,9,Luxury,63016.26346945672
Kerala,2,2,9,Moderate,46772.34994664821
Rajasthan,12,5,1,Luxury,69452.4565805239
Delhi,1,10,9,Luxury,777924.2874463048
Rajasthan,4,7,1,Budget,12992.667220849711
Goa,8,8,5,Luxury,392160.1512204737
Maharashtra,3,3,4,Budget,18580.51259907421
Rajasthan,5,9,8,Budget,82994.23737531844
Goa,10,2,5,Luxury,104087.9576346051
Himachal Pradesh,5,4,9,Budget,49346.16928891629
Goa,5,4,1,Luxury,55769.3437845449
Goa,11,6,8,Moderate,198516.72252761174
Kerala,9,10,6,Moderate,170387.06226507854
Tamil Nadu,8,6,1,Budget,8896.650255912953
Agra,8,3,2,Moderate,15255.140460833656
Kerala,1,9,4,Moderate,164010.35843346218
Kerala,1,11,5,Luxury,883727.8564386951
Tamil Nadu,2,5,1,Luxury,49991.20667462034
Tamil Nadu,8,14,7,Moderate,224303.59998416618
Agra,10,2,4,Moderate,21651.342702292382
Maharashtra,1,6,1,Luxury,85814.79848961133
Himachal Pradesh,4,3,6,Luxury,168777.1033685277
Rajasthan,9,8,9,Moderate,137464.7900823459
Goa,2,13,9,Budget,172291.7113041251
Rajasthan,3,3,4,Luxury,92835.79940053822
Karnataka,11,5,7,Luxury,292743.8939310989
Uttarakhand,6,4,1,Moderate,20030.910815349635
Maharashtra,11,4,9,Moderate,96094.52631332222
Uttarakhand,10,2,1,Budget,2955.7350952066013
Goa,3,8,9,Luxury,503190.26717775123
Tamil Nadu,4,3,6,Moderate,45868.651518953535
Goa,9,4,7,Moderate,83641.2270031689
Himachal Pradesh,9,6,4,Budget,40312.18182206307
Rajasthan,10,9,9,Budget,74481.19102426963
Agra,5,14,6,Luxury,549157.4236994712
Delhi,7,12,6,Moderate,181724.10080609305
Delhi,9,4,6,Moderate,63696.12395507955
Agra,8,3,4,Luxury,86155.2132388125
Tamil Nadu,11,5,7,Budget,55564.65094876618
Delhi,7,9,2,Luxury,169640.48088662463
Tamil Nadu,12,1,2,Luxury,23901.747413216413
Kerala,8,5,6,Luxury,259170.32781054985
Himachal Pradesh,5,11,9,Budget,159598.29177572226
Maharashtra,5,4,3,Budget,20820.248949212277
Rajasthan,5,5,7,Moderate,77332.5537447973
Rajasthan,1,7,9,Moderate,226573.8403354252
Maharashtra,6,7,9,Luxury,482129.5665884222
Goa,5,7,3,Moderate,84050.10623837184
Goa,8,1,1,Budget,2345.561989672308
Uttarakhand,8,9,2,Moderate,50180.19891368407
Goa,2,7,8,Moderate,179621.74175888172
Tamil Nadu,11,4,7,Budget,35876.86144914992
Agra,6,4,1,Moderate,12153.106874633773
Kerala,12,2,3,Budget,14388.096872892114
Maharashtra,11,6,8,Moderate,160765.60582995418
Tamil Nadu,10,13,7,Moderate,209135.17494644868
Tamil Nadu,10,12,5,Luxury,443928.98705503886
Uttarakhand,6,10,3,Moderate,113975.50009733292
Tamil Nadu,3,3,7,Luxury,124128.85938580074
Himachal Pradesh,1,1,5,Moderate,13044.563818545505
Goa,7,5,1,Luxury,69542.36482316047
Rajasthan,10,6,5,Moderate,89503.07221074299
Himachal Pradesh,5,11,3,Budget,80113.60289337239
Kerala,12,5,2,Moderate,49850.68193232298
Kerala,12,5,3,Budget,45856.57304675905
Kerala,10,12,4,Budget,86824.81939029736
Goa,5,10,1,Luxury,124363.67812690097
Tamil Nadu,11,13,4,Budget,92018.36798238032
Kerala,8,14,9,Budget,133575.72125323894
Maharashtra,12,11,1,Luxury,180260.36758696663
Rajasthan,5,14,7,Moderate,238725.9700813688
Tamil Nadu,5,13,8,Moderate,217014.57483469835
Uttarakhand,1,8,9,Budget,58941.65799976399
Goa,2,14,7,Luxury,968462.363922017
Agra,5,14,9,Moderate,249185.2450192855
Himachal Pradesh,7,10,3,Luxury,288251.3546867219
Karnataka,3,1,1,Luxury,9474.189679157911
Himachal Pradesh,12,8,2,Budget,43771.47963682809
Kerala,1,13,1,Luxury,243523.6555406256
Rajasthan,11,11,2,Budget,59419.74198272742
Uttarakhand,12,7,9,Luxury,513871.81833800476
Tamil Nadu,2,1,5,Budget,6522.671550118149
Maharashtra,3,14,4,Moderate,183088.2913760943
Delhi,12,9,2,Luxury,188236.93861540817
Himachal Pradesh,9,12,3,Budget,61032.657906878885
Delhi,8,4,9,Moderate,83955.25828228863
Tamil Nadu,4,13,3,Budget,50258.865337236035
Rajasthan,8,7,8,Budget,73046.60439081717
Delhi,9,3,1,Budget,5954.0120701455735
Himachal Pradesh,3,8,5,Budget,63367.06386880596
Agra,6,4,2,Budget,12816.60091165675
Karnataka,8,14,4,Luxury,536844.6046524324
Delhi,10,2,2,Moderate,12919.290498315666
Agra,7,2,3,Moderate,16548.415703081504
Agra,9,8,5,Moderate,106844.81053193261
Kerala,7,14,2,Luxury,363012.1915186362
Karnataka,1,8,9,Budget,105631.1801133384
Maharashtra,9,1,8,Luxury,59223.8234535562
Himachal Pradesh,12,6,5,Budget,65596.95509249969
Uttarakhand,5,9,1,Luxury,118955.28687298471
Tamil Nadu,6,9,5,Moderate,118132.27255323551
Uttarakhand,2,2,4,Luxury,63874.62129794324
Delhi,2,8,9,Budget,65792.19469843539
Karnataka,4,8,2,Moderate,62076.05400631549
Delhi,4,4,7,Moderate,78444.78973654892
Karnataka,5,14,2,Budget,44924.78130006236
Himachal Pradesh,7,4,3,Budget,21270.758685812278
Tamil Nadu,11,5,3,Luxury,162139.51615412653
Tamil Nadu,12,11,8,Budget,126727.6364156629
Himachal Pradesh,1,10,2,Budget,38310.42209257583
Maharashtra,10,7,1,Budget,15801.008851622766
Agra,4,1,6,Moderate,15330.212032201958
Karnataka,9,11,6,Budget,96066.11065714562
Goa,8,9,1,Moderate,39935.72470273998
Goa,3,3,5,Moderate,46740.878348085454
Agra,6,11,9,Moderate,199924.2299932991
Delhi,11,4,5,Budget,34504.45181450412
Karnataka,9,7,7,Budget,66925.66576449678
Rajasthan,8,5,6,Moderate,78875.14254390796
Tamil Nadu,7,5,4,Luxury,162929.03663957957
Uttarakhand,7,1,2,Luxury,18261.272204027835
Rajasthan,1,2,5,Luxury,108933.44940245897
Uttarakhand,5,5,9,Budget,65885.32258388992
Tamil Nadu,7,2,3,Moderate,15991.51109260407
Goa,2,1,3,Budget,5770.027019317125
Himachal Pradesh,6,10,7,Moderate,228381.32939860353
Maharashtra,2,3,2,Luxury,78713.56400710574
Kerala,3,11,8,Budget,103017.55865036341
Delhi,1,1,7,Luxury,59867.78571492936
Agra,3,10,8,Moderate,152044.34520680466
Goa,7,8,6,Luxury,459234.9493816884
Himachal Pradesh,5,8,5,Moderate,188632.32148175206
Himachal Pradesh,4,8,4,Budget,55893.704715525084
Uttarakhand,12,7,8,Budget,87496.55291614735
Himachal Pradesh,8,7,2,Luxury,139116.67345032163
Karnataka,8,2,6,Budget,15099.151267920826
Delhi,1,9,6,Moderate,157168.6944696012
Kerala,9,7,5,Moderate,108175.05170822449
Goa,9,5,2,Luxury,127432.6596251664
Karnataka,2,4,5,Moderate,54763.082515568385
Goa,2,8,3,Budget,47984.17095053252
Maharashtra,8,5,7,Luxury,279470.56970454124
Kerala,12,6,7,Luxury,492518.70319148956
Himachal Pradesh,11,4,8,Budget,36683.36766104352
Maharashtra,6,2,9,Budget,24225.318627317
Uttarakhand,3,12,1,Budget,18960.932454888298
Maharashtra,12,7,4,Luxury,372294.45090351655
Rajasthan,2,12,6,Luxury,595799.0349709851
Uttarakhand,5,2,7,Moderate,38220.81345010991
Kerala,8,11,5,Luxury,574702.4160957371
Delhi,6,12,6,Luxury,530253.6360778052
Rajasthan,12,7,1,Moderate,36857.52138970552
Goa,3,7,5,Luxury,359673.07905345317
Agra,12,1,2,Moderate,7401.403763664214
Agra,12,13,2,Moderate,81670.967281344
Rajasthan,9,10,1,Moderate,39869.53408819203
Delhi,8,10,9,Budget,91668.48551332712
Karnataka,10,12,4,Budget,80272.25679357395
Agra,6,3,4,Luxury,95695.47154521484
Rajasthan,1,3,9,Moderate,91239.60956083822
Kerala,2,13,5,Budget,105593.3638028196
Tamil Nadu,4,13,4,Moderate,140775.09505014122
Delhi,2,11,7,Moderate,170516.58506661607
Delhi,3,6,5,Budget,42244.97813767226
Karnataka,8,11,8,Moderate,183757.94700075744
Uttarakhand,9,3,3,Luxury,67468.25632779505
Himachal Pradesh,6,12,8,Luxury,1029782.2320375843
Agra,4,9,6,Luxury,362366.5204565494
Himachal Pradesh,11,5,9,Luxury,308363.71855012653
Himachal Pradesh,2,6,6,Budget,48509.699758176524
Kerala,7,6,4,Budget,44356.52463263703
Goa,10,8,2,Luxury,186804.94217243147
Himachal Pradesh,11,10,3,Budget,52625.53032413459
Delhi,7,11,7,Luxury,627153.7757104067
Karnataka,10,3,5,Budget,24424.914080223283
Karnataka,9,9,7,Budget,70047.93482424003
Tamil Nadu,5,7,7,Moderate,105685.03375870908
Goa,10,11,6,Luxury,711298.623238461
Uttarakhand,4,13,2,Moderate,84748.54306095726
Delhi,10,6,5,Luxury,250695.54189036367
Delhi,6,11,6,Budget,78893.14932137614
Tamil Nadu,12,1,8,Luxury,57680.25968942312
Maharashtra,2,4,1,Moderate,18316.825244054857
Tamil Nadu,2,5,7,Moderate,73383.34691670451
Himachal Pradesh,12,12,5,Budget,144622.36084880025
Rajasthan,9,2,7,Moderate,34308.936464034305
Karnataka,7,1,3,Budget,4670.455500716455
Tamil Nadu,7,2,4,Budget,10848.443182140449
Himachal Pradesh,5,8,2,Budget,37478.59476310644
Agra,7,10,6,Budget,65157.78277123196
Goa,9,6,5,Budget,48018.8995047159
Delhi,10,10,1,Moderate,38393.19961425413
Maharashtra,5,2,1,Moderate,9568.414607723464
Goa,9,9,8,Moderate,220654.44257349256
Himachal Pradesh,1,8,8,Moderate,172714.1401284407
Uttarakhand,12,4,6,Budget,37030.848428909536
Agra,3,11,9,Luxury,464474.45886235754
Himachal Pradesh,7,10,1,Luxury,118347.23508989578
Rajasthan,4,14,8,Luxury,837227.2078253289
Kerala,2,7,2,Luxury,175608.3334230444
Himachal Pradesh,12,3,8,Moderate,83807.73238157995
Tamil Nadu,3,6,3,Budget,27709.125683862057
Himachal Pradesh,7,3,6,Moderate,49272.390478796755
Tamil Nadu,8,10,7,Moderate,177740.751200989
Uttarakhand,11,13,3,Moderate,118978.51785250558
Delhi,9,3,2,Budget,9034.969190558613
Karnataka,6,13,1,Moderate,44917.296473149916
Kerala,10,12,5,Budget,85973.45542182453
Uttarakhand,9,11,1,Luxury,105781.33192357604
Tamil Nadu,4,9,1,Moderate,27046.946915184686
Karnataka,12,6,5,Budget,47825.748117329815
Rajasthan,5,8,3,Moderate,67898.63267152527
Goa,1,4,3,Luxury,203338.82922433302
Kerala,9,4,7,Budget,42834.18383311837
Maharashtra,9,8,3,Luxury,307945.60766828357
Uttarakhand,9,7,2,Luxury,146673.37009518105
Goa,3,5,3,Budget,26185.81081886197
Goa,10,2,4,Moderate,31232.560538246013
Himachal Pradesh,10,6,9,Budget,57246.688568986356
Himachal Pradesh,10,1,2,Luxury,24836.9295208529
Maharashtra,8,7,6,Budget,75761.49846849676
Maharashtra,3,9,5,Moderate,170891.07186862698
Tamil Nadu,6,5,6,Budget,31714.671288869267
Maharashtra,5,5,5,Luxury,225881.81587227125
Goa,8,12,6,Moderate,246823.64687617248
Tamil Nadu,3,7,4,Moderate,71171.88758679878
Karnataka,1,5,8,Budget,63864.61275949419
Delhi,12,10,9,Budget,120195.07373093689
Delhi,9,12,7,Budget,93147.6337455694
Delhi,10,12,1,Luxury,138035.9479697698
Kerala,9,4,5,Moderate,63966.857512565526
Kerala,3,1,7,Moderate,20833.104864666722
Maharashtra,2,6,5,Moderate,89908.42021347638
Delhi,4,14,5,Moderate,197049.73621486974
Rajasthan,8,9,5,Moderate,136445.57857375263
Himachal Pradesh,6,4,5,Luxury,243530.7480913988
Rajasthan,10,10,5,Moderate,126846.58924001147
Delhi,1,11,1,Budget,24066.513147514604
Delhi,8,4,6,Luxury,197168.81391025547
Himachal Pradesh,5,5,6,Luxury,327249.36837605474
Delhi,6,6,8,Moderate,95091.90742955655
Uttarakhand,5,3,5,Budget,24190.262105009122
Goa,10,9,2,Budget,35884.02381276519
Tamil Nadu,5,1,7,Moderate,13920.485160147598
Himachal Pradesh,3,11,1,Luxury,141303.1625150089
Delhi,4,6,5,Moderate,77208.68216076485
Kerala,5,6,5,Luxury,308642.6197429739
Kerala,11,8,3,Moderate,126281.8840743595
Goa,11,5,2,Budget,32081.58189793617
Kerala,2,9,4,Moderate,123756.538770155
Tamil Nadu,6,9,7,Budget,78719.99598676096
Agra,2,12,3,Moderate,105595.5443420066
Agra,4,2,6,Budget,12047.155404014144
Agra,12,5,7,Budget,41498.2337054578
Goa,1,12,2,Budget,78636.10109264638
Goa,4,7,3,Budget,40361.4055105945
Tamil Nadu,7,2,9,Budget,15856.945079842095
Himachal Pradesh,8,7,1,Moderate,25869.305218426052
Maharashtra,2,9,8,Moderate,179956.02251381372
Agra,3,8,1,Moderate,21433.01176655856
Kerala,1,10,3,Luxury,457427.3309075902
Rajasthan,7,9,6,Budget,66615.87084782623
Maharashtra,4,14,8,Luxury,806435.1550502278
Tamil Nadu,11,4,7,Budget,39787.32955830913
Himachal Pradesh,10,8,3,Budget,38754.20002548607
Kerala,8,9,6,Moderate,146121.75508933747
Delhi,5,10,1,Luxury,115035.80999022389
Himachal Pradesh,9,12,8,Budget,100867.61119309836
Agra,6,2,9,Moderate,31955.712830786324
Agra,11,10,9,Luxury,571818.1513965656
Delhi,10,3,4,Luxury,112599.02369914005
Tamil Nadu,2,1,4,Budget,5423.860046856966
Karnataka,1,1,7,Budget,10919.498310861065
Himachal Pradesh,1,10,7,Moderate,209016.08367284478
Delhi,12,6,6,Luxury,306344.899387085
Tamil Nadu,12,1,7,Luxury,51322.74452134628
Tamil Nadu,9,5,1,Budget,8860.726858836655
Goa,1,14,9,Moderate,547485.8059941733
Himachal Pradesh,3,14,6,Luxury,808616.8214305295
Kerala,12,6,8,Budget,107167.05042824514
Karnataka,2,9,5,Luxury,385740.15915870015
Uttarakhand,12,6,7,Luxury,380606.1226560268
Rajasthan,4,14,3,Luxury,445082.5802377355
Himachal Pradesh,1,4,1,Moderate,16844.84449462749
Maharashtra,1,1,7,Moderate,23773.16514388844
Tamil Nadu,4,6,5,Moderate,69132.80415295516
Goa,4,7,1,Moderate,32267.567195308515
Delhi,7,5,9,Luxury,263827.9304953722
Agra,8,6,9,Moderate,109114.62654156213
Delhi,8,10,6,Budget,85982.01986625107
Delhi,8,8,9,Budget,84694.08131266391
Karnataka,12,1,7,Budget,9510.354750235656
Himachal Pradesh,9,8,8,Budget,87685.6993039682
Delhi,1,12,2,Budget,49217.08563135842
Karnataka,9,13,2,Budget,41793.92311812438
Uttarakhand,10,11,4,Luxury,337633.54652587126
Kerala,8,2,1,Moderate,7895.924306493553
Uttarakhand,1,2,8,Budget,17277.198824240142
Himachal Pradesh,7,8,5,Budget,55924.950447787465
Agra,9,2,7,Moderate,26816.116337463904
Uttarakhand,4,8,2,Moderate,54362.4090526145
Karnataka,9,5,5,Luxury,244991.78889390817
Karnataka,1,9,9,Budget,116526.92586856289
Rajasthan,9,9,9,Budget,91706.62700239354
Tamil Nadu,6,14,2,Budget,47392.077866090745
Maharashtra,4,8,2,Luxury,215887.07892124774
Maharashtra,12,14,5,Moderate,311343.4932785457
Himachal Pradesh,12,9,3,Luxury,374863.78779588494
Tamil Nadu,5,7,1,Luxury,68703.37857032387
Rajasthan,7,8,1,Budget,14439.165732727528
Goa,10,6,5,Moderate,107209.4304270798
Delhi,4,9,3,Budget,39934.424553233424
Uttarakhand,8,2,9,Luxury,114913.21204215575
Tamil Nadu,3,3,3,Luxury,87490.0778704263
Delhi,2,2,3,Moderate,18275.502799572718
Goa,1,6,3,Moderate,96709.13785581783
Agra,6,3,1,Moderate,7663.147823996339
Rajasthan,2,11,3,Budget,45620.21626225454
Delhi,8,1,5,Luxury,37649.764096868035
Rajasthan,11,4,8,Moderate,114369.22920637965
Rajasthan,10,5,7,Moderate,78537.0210102356
Tamil Nadu,4,12,4,Moderate,140085.87058952395
Karnataka,9,11,4,Budget,65626.48995992738
Kerala,4,4,4,Budget,30423.629747224935
Himachal Pradesh,4,6,8,Budget,58730.05773978455
Maharashtra,12,3,8,Budget,41350.52707364807
Rajasthan,8,10,2,Moderate,65720.8900082305
Tamil Nadu,12,6,7,Luxury,392498.4756720197
Tamil Nadu,8,10,5,Luxury,418264.38899119874
Delhi,5,14,2,Moderate,97070.48524308487
Delhi,3,1,3,Luxury,29135.01904241105
Uttarakhand,12,6,7,Budget,75509.40007905704
Rajasthan,2,13,6,Budget,108049.37038563601
Kerala,9,8,6,Budget,77489.42795138432
Himachal Pradesh,9,10,7,Moderate,162834.43295162893
Himachal Pradesh,5,14,6,Budget,183377.22249734984
Agra,8,13,2,Budget,38125.00596566339
Agra,7,8,8,Budget,59342.31134018636
Uttarakhand,3,1,7,Luxury,48192.81563908805
Maharashtra,12,14,6,Moderate,329479.4033180811
Agra,5,13,5,Moderate,144776.8664512786
Goa,9,7,6,Moderate,139073.67515237269
Uttarakhand,4,14,3,Luxury,386976.76413367095
Himachal Pradesh,3,10,2,Budget,33130.934441285506
Himachal Pradesh,7,10,9,Moderate,225891.87580343997
Kerala,8,12,1,Moderate,41916.381747245374
Tamil Nadu,5,4,2,Budget,12845.54127932074
Goa,8,14,1,Budget,30363.040112031023
Maharashtra,5,12,8,Luxury,680879.1385445438
Delhi,9,6,4,Moderate,77279.50898056333
Uttarakhand,7,6,6,Moderate,87606.3645160123
Agra,5,5,5,Moderate,63875.86485129942
Karnataka,9,10,8,Luxury,556442.1317410247
Kerala,5,9,7,Moderate,195431.10956215372
Himachal Pradesh,8,11,1,Moderate,36579.67962987313
Karnataka,12,10,8,Moderate,212410.99259691138
Uttarakhand,4,8,4,Luxury,284198.0323328295
Rajasthan,9,12,7,Moderate,233871.8972392867
Maharashtra,12,6,3,Moderate,90133.98003720437
Rajasthan,6,4,2,Luxury,73356.79787313363
Uttarakhand,6,13,1,Moderate,55593.6652798483
Rajasthan,3,4,5,Budget,30230.167805291534
Maharashtra,3,13,3,Luxury,501470.4705095254
Tamil Nadu,4,9,3,Budget,37559.961311529
Uttarakhand,1,14,8,Budget,112508.33854256908
Karnataka,6,12,1,Moderate,38044.66173779991
Rajasthan,1,13,2,Moderate,129846.2435972001
Maharashtra,11,4,1,Moderate,17669.202185759685
Agra,4,13,7,Luxury,502026.1287608188
Delhi,7,7,4,Luxury,269490.8707372874
Maharashtra,12,14,3,Luxury,544774.3815127754
Kerala,6,6,3,Budget,36634.41840550034
Delhi,8,2,3,Luxury,60375.58155667966
Agra,4,5,2,Luxury,80235.65144144814
Goa,9,3,5,Moderate,56946.48873169077
Karnataka,10,9,1,Budget,18476.17118673514
Himachal Pradesh,8,10,5,Luxury,447249.8791172971
Agra,5,1,8,Moderate,15889.091469110926
Tamil Nadu,6,10,7,Moderate,147995.36188023625
Delhi,5,4,3,Luxury,110073.1400381909
Tamil Nadu,6,13,9,Budget,118576.88583233023
Delhi,1,4,7,Budget,42585.92603274683
Kerala,4,9,1,Luxury,115129.11437163592
Goa,9,14,6,Luxury,967193.6662686093
Himachal Pradesh,4,1,4,Luxury,42696.512528680585
Kerala,2,2,6,Budget,19898.571054295808
Agra,6,1,3,Budget,4119.877113043665
Tamil Nadu,2,13,5,Moderate,153282.05199568727
Delhi,3,1,3,Moderate,9834.119880238211
Agra,7,12,7,Budget,85719.59479516474
Maharashtra,4,14,5,Moderate,202166.6875727612
Goa,1,13,4,Budget,135518.94098500555
Karnataka,9,1,7,Moderate,19539.105586996702
Maharashtra,6,3,7,Luxury,192499.4342563615
Tamil Nadu,9,11,9,Budget,112077.3225045843
Goa,3,14,3,Moderate,191708.4309044446
Goa,5,4,8,Luxury,288740.41178593674
Agra,9,10,7,Moderate,131782.91810060892
Maharashtra,6,2,9,Moderate,43132.99331601414
Agra,2,14,2,Luxury,220224.82802035974
Agra,1,1,6,Luxury,48170.12744424565
Agra,9,5,5,Budget,32705.160931351795
Tamil Nadu,1,6,3,Moderate,70346.16554561307
Delhi,5,2,7,Luxury,92961.88873079624
Delhi,1,3,5,Moderate,51142.2056605938
Tamil Nadu,5,10,6,Luxury,469120.31761419465
Himachal Pradesh,5,3,4,Budget,26290.62267555532
Karnataka,7,2,7,Luxury,122011.01833674235
Kerala,7,4,7,Moderate,75084.12875839291
Karnataka,11,14,5,Moderate,247904.1348209415
Tamil Nadu,10,5,7,Budget,41478.10143333706
Rajasthan,1,8,7,Budget,100657.37216062623
Kerala,9,6,8,Luxury,426475.4969588275
Himachal Pradesh,1,9,1,Luxury,110617.12350955956
Uttarakhand,5,3,4,Moderate,50207.34083773446
Kerala,7,10,1,Luxury,129094.68928821576
Goa,12,9,3,Budget,84180.25611120465
Tamil Nadu,8,11,8,Luxury,486122.6296801659
Uttarakhand,2,14,7,Budget,118477.46996879662
Karnataka,1,11,3,Moderate,136326.22761249807
Uttarakhand,4,4,4,Luxury,114138.13615770671
Tamil Nadu,12,8,2,Budget,26652.250735580044
Karnataka,4,10,2,Luxury,209710.0954604851
Tamil Nadu,10,7,5,Budget,51090.341033646495
Maharashtra,12,14,2,Budget,68112.85506783107
Rajasthan,6,7,7,Budget,67581.23090772843
Himachal Pradesh,1,9,1,Luxury,112315.78685791836
Himachal Pradesh,1,10,9,Budget,106625.5201414
Goa,3,14,1,Luxury,178417.6308385763
Rajasthan,5,2,1,Budget,3870.370432071573
Rajasthan,12,5,9,Budget,74259.84740928002
Goa,6,3,7,Luxury,201591.38473406408
Karnataka,5,7,4,Luxury,264229.40356750437
Goa,5,3,3,Luxury,99928.80277885003
Karnataka,9,5,5,Moderate,63249.39883950713
Goa,2,5,2,Moderate,45526.70215583818
Kerala,12,2,6,Moderate,60797.69156939095
Kerala,12,11,6,Budget,134407.15273055242
Maharashtra,1,1,1,Budget,2848.651082145541
Delhi,6,12,9,Budget,98836.44031695738
Goa,9,6,1,Luxury,82274.90354775834
Rajasthan,7,13,6,Moderate,181135.71830617913
Kerala,8,1,7,Budget,10943.967105307886
Agra,5,9,8,Luxury,371065.4303938646
Karnataka,10,10,2,Moderate,65049.741949279596
Kerala,4,5,8,Moderate,113545.1416469296
Kerala,6,1,2,Luxury,24089.24925364241
Tamil Nadu,3,12,2,Budget,36357.410807187494
Karnataka,1,8,9,Moderate,211186.50520448023
Himachal Pradesh,11,1,7,Budget,9689.009944006453
Uttarakhand,4,4,8,Budget,30881.61835822915
Karnataka,9,7,1,Budget,13883.446488746215
Maharashtra,4,4,6,Budget,35906.89721333785
Tamil Nadu,1,12,1,Budget,26010.583571750874
Karnataka,4,5,5,Budget,40125.67331365852
Karnataka,7,7,2,Budget,23191.577238119724
Delhi,3,4,9,Luxury,199832.48378787297
Tamil Nadu,10,5,3,Budget,24418.669452188213
Karnataka,6,7,7,Budget,60874.580377618055
Uttarakhand,1,1,2,Moderate,5761.388051754049
Uttarakhand,11,12,4,Moderate,111688.59231666395
Agra,4,3,3,Budget,12973.30737710292
Tamil Nadu,3,1,1,Moderate,3076.3275430726144
Himachal Pradesh,1,14,6,Luxury,704383.0417557749
Karnataka,3,3,5,Luxury,149175.81863968744
Delhi,4,11,6,Luxury,461325.9550458509
Delhi,5,2,1,Moderate,6029.882065254681
Rajasthan,6,5,8,Luxury,277955.61737416475
Himachal Pradesh,2,10,4,Luxury,410838.9794176195
Delhi,2,5,7,Moderate,86474.68459393346
Uttarakhand,6,10,8,Budget,110874.19957025358
Rajasthan,5,9,3,Budget,40757.20132689795
Goa,1,8,4,Budget,82151.30779554482
Delhi,3,3,9,Moderate,53497.28181156807
Maharashtra,11,1,9,Budget,14664.87563340555
Tamil Nadu,5,5,7,Luxury,242487.49923373098
Delhi,12,11,3,Budget,69681.46599975758
Kerala,12,3,4,Luxury,165313.525673027
Himachal Pradesh,2,5,7,Budget,45745.93207551549
Kerala,1,9,6,Budget,128848.61012455147
Agra,9,11,6,Budget,69177.70880673933
Delhi,5,14,4,Moderate,154946.96666779934
Goa,2,1,8,Budget,10315.662839731995
Kerala,10,1,9,Luxury,72438.58219413566
Kerala,4,9,7,Luxury,477210.6687475827
Himachal Pradesh,3,3,8,Budget,33820.369759714165
Rajasthan,7,12,2,Moderate,78575.1778423305
Goa,1,10,4,Budget,131335.4661056605
Kerala,10,5,3,Budget,23276.86254565121
Karnataka,12,9,6,Luxury,550318.2108543211
Goa,12,11,2,Moderate,149151.77950244053
Karnataka,4,5,7,Luxury,273283.83524052845
Delhi,7,12,8,Moderate,222993.13509338372
Kerala,11,14,4,Budget,144445.06582757382
Kerala,10,12,8,Luxury,670054.0566279173
Uttarakhand,5,3,8,Budget,35278.4942801861
Uttarakhand,4,9,3,Budget,39366.73595133111
Himachal Pradesh,4,12,1,Luxury,130873.06954976762
Tamil Nadu,11,7,3,Budget,38628.674324693755
Tamil Nadu,12,12,1,Moderate,46264.10491793717
Rajasthan,2,12,2,Budget,42954.20385135144
Himachal Pradesh,8,7,8,Moderate,119157.56718420109
Tamil Nadu,12,14,4,Budget,80392.1559242307
Himachal Pradesh,4,8,9,Moderate,165338.0585000281
Kerala,2,11,7,Luxury,741728.8362249779
Uttarakhand,9,5,3,Budget,21246.588277066454
Uttarakhand,12,2,1,Luxury,22943.793707118184
Uttarakhand,10,11,1,Luxury,99805.91535618503
Tamil Nadu,7,9,1,Moderate,29408.20548318822
Goa,3,3,3,Budget,20418.174137313486
Maharashtra,7,11,5,Luxury,491411.6926998495
Kerala,1,14,8,Budget,246206.04227425018
Delhi,12,2,8,Moderate,49447.76922506564
Himachal Pradesh,1,10,2,Luxury,225759.401892071
Uttarakhand,4,10,9,Moderate,158553.47398025898
Uttarakhand,4,5,9,Luxury,262054.43745770722
Uttarakhand,4,8,7,Moderate,137356.1892310162
Kerala,9,3,5,Budget,22977.938562056017
Uttarakhand,6,6,5,Luxury,361781.2042584272
Rajasthan,3,9,8,Luxury,430504.1229610263
Himachal Pradesh,6,2,8,Budget,26063.78396725679
Kerala,2,8,5,Luxury,440816.3994051216
Himachal Pradesh,2,10,6,Moderate,175302.74898977665
Karnataka,7,7,6,Luxury,359126.3929148555
Agra,3,3,6,Luxury,112018.264358294
Rajasthan,7,1,5,Luxury,46505.22286391876
Goa,3,6,9,Moderate,142698.03818248727
Goa,12,2,1,Budget,7344.4146647892185
Maharashtra,12,3,3,Moderate,44629.010876892185
Rajasthan,2,12,7,Moderate,185725.68670605475
Himachal Pradesh,4,14,9,Luxury,862302.2582176818
Goa,4,5,2,Luxury,123786.54049489764
Agra,3,14,4,Budget,64006.79441131068
Goa,9,11,8,Luxury,684956.0184336675
Uttarakhand,6,8,5,Moderate,123825.74581462715
Maharashtra,5,2,8,Luxury,138979.58826830966
Kerala,12,6,2,Luxury,222569.19414617127
Delhi,12,1,8,Budget,10826.269590345879
Delhi,6,7,6,Moderate,112364.13696064822
Goa,11,4,5,Moderate,100288.66313885631
Himachal Pradesh,8,1,2,Budget,3842.628863235979
Himachal Pradesh,5,9,7,Moderate,240521.1706037258
Uttarakhand,4,9,1,Moderate,32103.21032579788
Goa,7,11,6,Luxury,717596.4579655951
Goa,12,3,3,Budget,23392.16909369566
Delhi,5,6,6,Budget,51642.12165684849
Karnataka,4,7,1,Luxury,66677.38716730174
Goa,5,13,1,Budget,32003.99476031773
Kerala,11,4,2,Budget,26132.91090466664
Maharashtra,4,6,7,Luxury,368314.99408148724
Maharashtra,8,9,4,Luxury,353970.7951224281
Kerala,8,14,4,Moderate,162386.70803883733
Karnataka,1,10,4,Moderate,135122.4694877807
Himachal Pradesh,12,6,5,Luxury,383474.60246081004
Delhi,3,7,2,Budget,25415.73565876937
Maharashtra,11,6,7,Luxury,494067.7231565629
Rajasthan,4,7,3,Luxury,209378.2981326229
Agra,2,1,3,Luxury,21287.924849943945
Delhi,5,6,2,Moderate,45781.38721668478
Karnataka,11,12,6,Luxury,772601.0865882176
Rajasthan,8,9,4,Budget,52368.534332597614
Goa,12,11,4,Luxury,828618.652011933
Kerala,2,3,8,Luxury,192174.25427133718
Goa,9,14,2,Luxury,370172.7740815948
Uttarakhand,7,6,7,Moderate,107382.03436736995
Tamil Nadu,6,4,2,Budget,13672.843513635
Kerala,8,7,6,Budget,58504.648360822095
Rajasthan,2,7,5,Moderate,88449.64384228998
Agra,5,13,8,Moderate,182863.26398728543
Tamil Nadu,4,9,6,Moderate,131825.82889926466
Uttarakhand,8,4,7,Budget,30311.607984533566
Himachal Pradesh,1,14,6,Budget,118003.67806673917
Uttarakhand,12,8,8,Luxury,485754.75441022817
Tamil Nadu,3,8,2,Budget,22838.426957915082
Maharashtra,10,8,7,Moderate,179334.16521163555
Delhi,8,14,5,Budget,105573.4765355046
Karnataka,5,8,9,Budget,77362.04251231877
Goa,4,6,9,Budget,70504.43757306147
Himachal Pradesh,6,8,8,Budget,123397.70229015702
Karnataka,12,6,8,Luxury,375921.8938745776
Uttarakhand,5,10,4,Moderate,145795.27471053854
Agra,3,14,8,Budget,117831.47389147036
Goa,11,14,2,Moderate,183567.60653957026
Himachal Pradesh,5,2,5,Moderate,36945.45687476514
Karnataka,4,13,4,Budget,69794.55223971477
Goa,1,3,5,Luxury,207944.90074004608
Goa,1,6,5,Luxury,508742.22993105155
Himachal Pradesh,7,7,5,Luxury,330929.6027280743
Rajasthan,4,14,7,Budget,103645.58046531958
Delhi,1,4,1,Budget,7472.546287873273
Rajasthan,6,1,2,Budget,3547.0022100371666
Goa,11,4,7,Budget,62371.310201958055
Tamil Nadu,12,6,1,Budget,13632.3669824943
Kerala,11,8,9,Moderate,244618.80679087565
Tamil Nadu,12,13,3,Moderate,132144.34471046313
Himachal Pradesh,11,12,6,Budget,100121.32602646426
Goa,11,13,4,Luxury,983030.6231659382
Goa,1,13,3,Moderate,240997.12735968208
Agra,8,14,8,Budget,120903.37038096043
Delhi,12,13,2,Budget,50737.271519590824
Agra,9,4,3,Moderate,33452.48909788615
Himachal Pradesh,11,10,8,Moderate,168233.83316226368
Maharashtra,3,1,3,Budget,5798.5067929418165
Rajasthan,7,5,8,Luxury,238644.80648780824
Agra,5,7,7,Budget,46711.667295555075
Himachal Pradesh,3,6,2,Moderate,49786.008602306574
Rajasthan,5,3,1,Moderate,10932.116239424913
Himachal Pradesh,10,13,1,Budget,27436.18233887108
Maharashtra,7,7,2,Moderate,48441.65558293227
Delhi,7,4,7,Budget,33112.13409193433
Delhi,9,5,9,Luxury,314325.60094207886
Himachal Pradesh,8,11,7,Luxury,598014.1927565073
Agra,4,7,3,Budget,26254.624734666166
Delhi,5,2,8,Moderate,36192.37718447674
Kerala,5,4,8,Moderate,82474.64891825052
Agra,10,4,9,Luxury,223016.80476851194
Karnataka,12,6,9,Moderate,137576.8735007979
Uttarakhand,2,12,9,Moderate,235810.64213308334
Himachal Pradesh,12,11,4,Budget,111781.19817896391
Himachal Pradesh,7,7,4,Luxury,267210.4034043409
Himachal Pradesh,7,4,2,Luxury,98205.94905202635
Maharashtra,9,10,8,Budget,116698.06708215857
Himachal Pradesh,9,1,2,Budget,4026.9670408715847
Delhi,4,1,3,Luxury,31682.01357530152
Delhi,5,5,9,Luxury,248243.44892342362
Uttarakhand,7,1,2,Budget,3401.904250755682
Uttarakhand,10,3,1,Luxury,28709.976473888823
Tamil Nadu,7,9,5,Luxury,371051.85237008374
Agra,11,3,7,Moderate,49753.01557554125
Delhi,10,3,4,Luxury,111775.53190963216
Delhi,11,13,4,Budget,79651.02661224635
Maharashtra,8,9,3,Moderate,98115.79418189665
Delhi,8,5,6,Moderate,81787.91148295048
Delhi,2,12,8,Luxury,595617.3638912332
Tamil Nadu,12,8,2,Moderate,63309.13320358195
Kerala,9,10,6,Budget,98879.80858768846
Tamil Nadu,11,9,8,Budget,79802.34633142114
Kerala,4,12,1,Luxury,148490.6272848507
Tamil Nadu,1,6,4,Luxury,248214.02530557525
Delhi,1,7,1,Budget,15943.990371429016
Tamil Nadu,5,7,4,Budget,41596.86076030606
Delhi,7,7,9,Luxury,391496.6069745163
Delhi,5,4,6,Budget,30125.23071955933
Uttarakhand,3,13,6,Luxury,643422.1401054172
Goa,11,13,5,Moderate,351187.1846795811
Kerala,7,2,3,Moderate,21003.379958581052
Karnataka,1,2,2,Luxury,58102.124126819894
Agra,11,7,9,Luxury,369110.4498346415
Agra,1,10,9,Luxury,528285.8820590952
Tamil Nadu,12,7,7,Budget,77621.74651700705
Goa,2,10,2,Luxury,268634.2701854893
Maharashtra,1,7,4,Luxury,361986.9577835142
Karnataka,9,13,8,Moderate,217687.6346546917
Agra,4,8,6,Luxury,309989.6990403435
Rajasthan,7,3,5,Luxury,123480.0536849107
Himachal Pradesh,5,13,2,Moderate,131853.5572294955
Rajasthan,7,11,1,Budget,18883.67298716827
Maharashtra,7,5,1,Luxury,61830.257274388576
Karnataka,1,6,1,Luxury,91784.17462335817
Agra,1,13,6,Luxury,721640.2285581683
Tamil Nadu,11,8,4,Luxury,283021.69300552714
Himachal Pradesh,3,8,9,Moderate,147840.33869828444
Kerala,10,10,9,Moderate,244616.3172374173
Agra,2,3,3,Moderate,22980.501873794554
Agra,7,12,6,Luxury,502262.54349261284
Maharashtra,3,14,6,Budget,144122.21193877864
Agra,7,4,1,Luxury,35685.43951344789
Karnataka,9,6,9,Luxury,307487.0342831211
Goa,12,4,4,Budget,50417.6045676748
Karnataka,11,10,6,Luxury,645477.0928158346
Kerala,1,4,8,Moderate,107631.2137436345
Goa,3,5,1,Moderate,25182.25714065208
Agra,11,10,8,Budget,103624.93471186323
Agra,6,7,6,Moderate,88122.54565117296
Himachal Pradesh,9,12,1,Budget,19928.154935700662
Agra,5,2,9,Budget,15729.424333231033
Delhi,3,13,9,Luxury,820002.2064709364
Kerala,8,2,8,Moderate,41380.511581045255
Uttarakhand,12,12,7,Budget,123081.3017634627
Tamil Nadu,5,10,1,Luxury,91033.44026250041
Himachal Pradesh,6,14,1,Budget,35620.450549978406
Rajasthan,2,9,8,Moderate,188072.66703850988
Goa,4,4,8,Moderate,104226.15398324435
Uttarakhand,1,5,1,Luxury,48677.41185230955
Tamil Nadu,4,3,8,Budget,28121.574561168312
Agra,1,2,8,Moderate,35376.36119571779
Karnataka,4,14,3,Moderate,144694.01771081713
Delhi,2,10,1,Moderate,38913.88497059801
Goa,6,8,3,Moderate,93341.73343590627
Goa,6,4,8,Moderate,102035.13835676463
Goa,8,14,8,Budget,169417.82489254954
Kerala,9,12,7,Budget,121669.85103499086
Goa,8,1,2,Luxury,22118.73664834708
Himachal Pradesh,1,13,5,Moderate,221268.1698590757
Tamil Nadu,3,6,8,Luxury,334468.6217417391
Karnataka,6,6,3,Budget,25802.41804160375
Himachal Pradesh,1,2,6,Budget,17668.12841894463
Himachal Pradesh,8,2,2,Luxury,46515.74087153484
Delhi,6,8,8,Budget,79245.46929058367
Karnataka,1,11,9,Moderate,231181.57154293926
Delhi,10,7,1,Moderate,25528.564360828943
Goa,2,14,4,Budget,98520.51627015395
Goa,6,2,6,Moderate,39909.9680054033
Himachal Pradesh,10,10,2,Luxury,218319.03561467867
Himachal Pradesh,8,1,6,Budget,7337.638134577864
Goa,5,11,7,Luxury,683890.5574754246
Maharashtra,1,8,6,Budget,98815.19420931945
Tamil Nadu,10,10,8,Moderate,189224.15636447765
Kerala,2,2,5,Moderate,30368.10168851721
Uttarakhand,4,5,3,Moderate,42445.69456141079
Agra,4,6,2,Moderate,37598.059224654
Rajasthan,7,10,2,Luxury,181592.18315275112
Karnataka,2,1,2,Luxury,22551.380760192595
Delhi,7,2,5,Budget,13610.74943677961
Karnataka,7,14,4,Moderate,201856.62261235897
Goa,7,10,2,Moderate,88110.6922265824
Uttarakhand,3,4,5,Luxury,137383.21495587885
Rajasthan,6,2,7,Moderate,30923.486541991366
Himachal Pradesh,12,11,5,Moderate,200885.57136440146
Himachal Pradesh,6,6,8,Moderate,176681.38303228986
Delhi,4,14,6,Luxury,650254.376271575
Tamil Nadu,1,4,9,Luxury,218961.20717379623
Agra,9,11,5,Moderate,116216.25276581364
Tamil Nadu,2,3,8,Luxury,144683.41556695336
Uttarakhand,9,6,6,Moderate,84433.12170473303
Tamil Nadu,8,9,7,Budget,82336.06609692494
Delhi,1,8,8,Moderate,176884.37937645573
Rajasthan,11,2,4,Moderate,39922.26305819643
Rajasthan,7,3,4,Budget,16514.08919915046
Rajasthan,10,2,6,Moderate,29914.59805902452
Himachal Pradesh,3,10,2,Moderate,80448.12397220677
Maharashtra,10,7,9,Budget,79174.2884105126
Uttarakhand,10,9,8,Moderate,153810.76572995738
Agra,9,1,2,Budget,2913.422194864571
Uttarakhand,5,11,1,Budget,25714.61693073193
Uttarakhand,11,3,4,Moderate,33511.02289418476
Tamil Nadu,3,6,4,Moderate,71245.41875942418
Kerala,8,4,2,Moderate,27183.172717522804
Uttarakhand,12,10,5,Budget,95261.70289146209
Delhi,3,14,3,Budget,59216.10349789941
Kerala,7,10,3,Luxury,308488.6361586611
Maharashtra,7,1,3,Budget,6233.6210336401655
Delhi,7,9,4,Luxury,331689.313544388
Uttarakhand,12,7,5,Budget,71510.18606005293
Karnataka,1,14,4,Moderate,195638.8912927158
Himachal Pradesh,11,11,9,Moderate,254210.95731702112
Tamil Nadu,5,12,4,Moderate,140372.58345569856
Goa,12,7,7,Luxury,667328.0330263058
Agra,11,12,5,Moderate,187667.13798997327
Agra,1,1,9,Budget,11046.397196237072
Delhi,7,9,9,Moderate,184365.9757871732
Agra,8,12,8,Moderate,159483.56583677797
Kerala,7,12,6,Budget,92132.71328306202
Rajasthan,1,8,6,Luxury,503411.14528433233
Karnataka,3,11,2,Moderate,85466.4690747283
Goa,10,12,7,Luxury,853393.8034930768
Agra,3,10,9,Luxury,506378.9770781895
Agra,7,12,9,Moderate,205743.5801246737
Delhi,4,5,2,Budget,17222.532863099357
Uttarakhand,12,4,9,Luxury,277056.14691861905
Himachal Pradesh,3,1,7,Budget,9925.71606658086
Tamil Nadu,6,9,5,Luxury,402920.72242322756
Tamil Nadu,12,8,5,Moderate,136211.4921262046
Tamil Nadu,10,13,6,Budget,107161.0003213684
Tamil Nadu,6,2,8,Budget,15806.886001353438
Maharashtra,10,4,2,Luxury,91430.26956435063
Goa,5,4,3,Budget,24356.409232049784
Uttarakhand,12,13,7,Moderate,282935.4910350233
Himachal Pradesh,6,7,3,Budget,49761.01148055371
Himachal Pradesh,3,3,1,Budget,5940.347082820472
Delhi,10,8,6,Luxury,418301.3573196448
Karnataka,5,11,7,Budget,111296.75837536519
Agra,9,7,9,Budget,50755.03346976751
Agra,4,10,1,Moderate,26311.369630798425
Uttarakhand,11,12,9,Budget,97808.04825512394
Maharashtra,2,12,7,Moderate,264535.6569656262
Kerala,5,4,8,Budget,45262.2976249982
Rajasthan,3,9,3,Budget,41035.90481323299
Uttarakhand,12,6,5,Moderate,101405.81376387311
Kerala,3,3,3,Budget,14404.20307309142
Rajasthan,4,7,7,Budget,55311.222467784355
Himachal Pradesh,12,6,2,Luxury,160153.0499427342
Maharashtra,4,8,6,Luxury,426908.2147723394
Uttarakhand,5,5,2,Budget,22404.368709224353
Tamil Nadu,7,6,9,Moderate,95018.33182060906
Himachal Pradesh,4,1,6,Luxury,48549.85098417576
Kerala,11,8,5,Budget,96824.81284330666
Uttarakhand,7,1,6,Luxury,40959.305541069436
Uttarakhand,9,3,6,Budget,21208.442385795668
Delhi,3,12,6,Moderate,188822.42433358674
Goa,5,2,6,Luxury,131524.07563824434
Himachal Pradesh,4,6,9,Luxury,407377.745524333
Uttarakhand,9,8,7,Budget,56932.006909821575
Agra,5,8,1,Moderate,23059.20792779725
Agra,10,7,9,Moderate,115956.93396068974
Goa,2,7,6,Moderate,141723.62315049567
Uttarakhand,10,8,8,Budget,58181.794134232405
Tamil Nadu,1,5,3,Moderate,50973.534523610775
Goa,7,3,3,Moderate,33470.45614815238
Goa,11,2,9,Budget,35545.319387529635
Kerala,1,3,9,Moderate,92475.55694306346
Kerala,8,11,5,Moderate,186316.2009260797
Karnataka,9,11,5,Luxury,473959.6628064677
Himachal Pradesh,7,3,3,Moderate,28393.252986989308
Rajasthan,9,12,7,Luxury,639561.6887927381
Goa,10,7,7,Luxury,494568.5958811317
Kerala,6,1,3,Luxury,28592.36718031085
Maharashtra,7,7,8,Luxury,424412.0047264536
Karnataka,3,6,6,Moderate,91172.95789225143
Uttarakhand,9,11,3,Luxury,259552.2039156105
Himachal Pradesh,3,10,6,Luxury,574865.2842947836
Uttarakhand,6,14,1,Luxury,167049.99440224166
Karnataka,4,2,6,Moderate,37007.632367429054
Delhi,9,10,7,Budget,83020.69127667412
Agra,1,1,4,Luxury,38271.065977822356
Himachal Pradesh,9,9,4,Luxury,342660.18751669256
Agra,12,2,3,Budget,10007.943707040564
Maharashtra,4,4,5,Moderate,68241.3751395518
Uttarakhand,10,9,1,Luxury,84662.04094164363
Delhi,5,9,6,Moderate,132182.9249246038
Maharashtra,11,12,2,Luxury,389297.1044785461
Rajasthan,1,11,4,Moderate,220852.55662864557
Uttarakhand,1,1,6,Moderate,12547.21903427083
Karnataka,6,14,6,Luxury,641297.5050395515
Delhi,10,2,7,Luxury,105186.42912802502
Himachal Pradesh,1,2,1,Moderate,8695.425740579263
Delhi,2,12,6,Luxury,605687.2903572703
Uttarakhand,3,2,9,Budget,18930.25687139019
Kerala,7,8,8,Moderate,157125.988039398
Maharashtra,2,13,8,Budget,129989.05525388982
Delhi,5,8,6,Luxury,346924.11315002514
